carb3_activity,process_set_id,process_id,duty_family,carrier_id,grade_rank,duty_share,share_low,share_high,evidence_tier,provenance,confidence
Cement Works,default,quarrying_crushing,MOT,motive_power,,1.00000,,,published_sec,[ES_CEMENT_2013] document level and [DECC_CEMENT_2015] document level - primary and secondary crushing and quarry conveying are electric shaft work. [CARB3_WE_CEMENT] section 3.2 states this premise's quarrying_crushing duty as MOT/motive_power.,medium
Cement Works,default,raw_grinding_blending,MOT,motive_power,,1.00000,,,published_sec,"[CARB3_WE_CEMENT] section 3.2 states this premise's duty as MOT/motive_power, 0.10080 PJ/yr. [ES_CEMENT_2013] document level - the raw mill is one of the two large electric grinding loads.",medium
Cement Works,default,raw_meal_homogenisation,MOT,motive_power,,1.00000,,,published_sec,"[CARB3_WE_CEMENT] section 3.2 states this premise's duty as MOT/motive_power, 0.02520 PJ/yr. [ES_CEMENT_2013] document level - blending silos are air-fluidised, i.e. blower shaft work.",medium
Cement Works,default,kiln_pyroprocessing,HTH,heat_gt1000,6,1.00000,,,published_sec,"[R_COOLBROOK] via decarbonisation_options_library.csv option rotodynamic_electric_heater: ""Turbomachinery-based electric heating of process air/material to >1000C (pathway to ~1700C), targeted at cement precalciners""; [AGORA2024] via option electric_kiln_calcination: ""~900-1450C (lime, cement precalcination, minerals)"". Clinker sintering is the binding duty and sits in band 6 (>1000C). [CARB3_WE_CEMENT] section 3.2 states this premise's kiln duty as a clinker MASS under D5 (design decision: mass-denominated activities) at evidence tier site_known, which overrides this activity default; the activity default must still state a service duty and a grade, which is what this row is.",medium
Cement Works,default,clinker_cooling,MOT,motive_power,,1.00000,,,published_sec,"[CARB3_WE_CEMENT] section 3.2 states this premise's clinker_cooling duty as MOT/motive_power (at 0.00000 PJ/yr, because activity_process_energy_share.csv has no row for it - one of the seventeen silent coverage gaps section 3.3.1 names). The grate cooler rejects heat; its energy input is cooler-fan shaft work.",medium
Cement Works,default,cement_grinding,MOT,motive_power,,1.00000,,,published_sec,"[ES_CEMENT_2013] document level - finish grinding is the largest single electric load at a cement works. [CARB3_WE_CEMENT] section 1.11 lists grinder_mixer_elec as its unit and section 3.2 states this premise's duty as a cement MASS under D5, which overrides this activity default.",medium
Cement Works,default,packing_dispatch,MOT,motive_power,,1.00000,,,published_sec,"[CARB3_WE_CEMENT] section 3.2 states this premise's duty as MOT/motive_power, 0.02100 PJ/yr. Pneumatic and mechanical conveying, packers and silo loadout are shaft work.",medium
Cement Works,default,site_services,OTH,electric_service,,0.859879,,,published_sec,"Split 2026-10-02 (note 20 item 72): the bundle's electricity, 1.000000 of the process, is shared on [BEES2016] Appendix B Table B.3 (p. 122), industrial sector, England and Wales 2014-15, electricity GWh/yr: lighting 7,730 + ICT 270 + small power 530 = 8,530 to electric_service, fans 780 to motive_power, cooling and humidification 610 to cooling_0_15 (chilled water), of 9,920. This row is the lighting, ICT and small power share, 0.859879 of the electricity. | Before the split: [CARB3_WE_CEMENT] section 3.2 states this premise's site_services duty as MOT/motive_power. activity_process_energy_share.csv carries no site_services row for Cement Works, so no heat vector is evidenced and no space-heat duty is asserted.",medium
Cement Works,default,site_services,MOT,motive_power,,0.078629,,,published_sec,"Split 2026-10-02 (note 20 item 72): the bundle's electricity, 1.000000 of the process, is shared on [BEES2016] Appendix B Table B.3 (p. 122), industrial sector, England and Wales 2014-15, electricity GWh/yr: lighting 7,730 + ICT 270 + small power 530 = 8,530 to electric_service, fans 780 to motive_power, cooling and humidification 610 to cooling_0_15 (chilled water), of 9,920. This row is the fans share, 0.078629 of the electricity. | Before the split: [CARB3_WE_CEMENT] section 3.2 states this premise's site_services duty as MOT/motive_power. activity_process_energy_share.csv carries no site_services row for Cement Works, so no heat vector is evidenced and no space-heat duty is asserted.",medium
Cement Works,default,site_services,REF,cooling_0_15,2,0.061492,,,published_sec,"Split 2026-10-02 (note 20 item 72): the bundle's electricity, 1.000000 of the process, is shared on [BEES2016] Appendix B Table B.3 (p. 122), industrial sector, England and Wales 2014-15, electricity GWh/yr: lighting 7,730 + ICT 270 + small power 530 = 8,530 to electric_service, fans 780 to motive_power, cooling and humidification 610 to cooling_0_15 (chilled water), of 9,920. This row is the cooling share, 0.061492 of the electricity. | Before the split: [CARB3_WE_CEMENT] section 3.2 states this premise's site_services duty as MOT/motive_power. activity_process_energy_share.csv carries no site_services row for Cement Works, so no heat vector is evidenced and no space-heat duty is asserted.",medium
Cement Works,default,quarry_mobile_plant,MOT,motive_power,,1.00000,,,published_sec,"[DESNZ_NRMM_CFE2025] document level - loaders, handlers and yard vehicles are diesel non-road mobile machinery delivering shaft work; no thermal duty. [CARB3_WE_CEMENT] section 1.5 places quarry_mobile_plant outside this premise's process set, but the activity default must still carry it.",medium
Food Processing Centre,default,boiler_steam_hot_water,LTH,heat_60_100,2,0.46180,,,published_sec,"[CARB3_WE_FOOD] section 3.2, verbatim: ""LTH - hot water and CIP, 80 C"", carrier heat_60_100, grade 2, duty_share 0.46180. This is the only activity in this lane whose section 3.3 rows are published in full.",medium
Food Processing Centre,default,boiler_steam_hot_water,STM,heat_100_150,3,0.53820,,,published_sec,"[CARB3_WE_FOOD] section 3.2, verbatim: ""STM - evaporator, 120 C"", carrier heat_100_150, grade 3, duty_share 0.53820.",medium
Food Processing Centre,default,direct_heating,DRY,heat_lt60,1,0.261993,,,published_sec,"Band segment 1 of 4 of one once-through air-heating duty, split at the band edges it crosses (spec section 3.4, rule: a stream heated once through is split at the band edges; note 20 item 71). The segment lies within its band by construction: this row is the heat that takes the air from 10.3 C to 60 C, so duty_share = (60 - 10.3) / (delivery - intake) = 0.261993 of the duty, the air's heat capacity taken as constant over the span as [MOEJES_IDS2016] Table A3 does (heat capacity of dry air 1 kJ/kg C). The intake is 10.3 C of outside air: [LIANG_ECOS2022] abstract, a milk powder spray dryer's energy is ""mostly due to heating of air up to ~240 C from ambient temperature""; [BEIS_LTM_2022] Table 1 gives 10.3 C as the 1991-2020 annual mean temperature over 17 stations selected as representative of fuel consumption in Great Britain, and an annual duty is linear in the intake, so the annual mean is the right intake. The delivery temperature is 200 C: [CARB3_WE_FOOD] section 3.2, verbatim ""DRY - spray dryer, 200 C"", which before the split was one row on heat_150_400 at grade 4 and duty_share 1.00000.",medium
Food Processing Centre,default,direct_heating,DRY,heat_60_100,2,0.210859,,,published_sec,"Band segment 2 of 4 of one once-through air-heating duty, split at the band edges it crosses (spec section 3.4, rule: a stream heated once through is split at the band edges; note 20 item 71). The segment lies within its band by construction: this row is the heat that takes the air from 60 C to 100 C, so duty_share = (100 - 60) / (delivery - intake) = 0.210859 of the duty, the air's heat capacity taken as constant over the span as [MOEJES_IDS2016] Table A3 does (heat capacity of dry air 1 kJ/kg C). The intake is 10.3 C of outside air: [LIANG_ECOS2022] abstract, a milk powder spray dryer's energy is ""mostly due to heating of air up to ~240 C from ambient temperature""; [BEIS_LTM_2022] Table 1 gives 10.3 C as the 1991-2020 annual mean temperature over 17 stations selected as representative of fuel consumption in Great Britain, and an annual duty is linear in the intake, so the annual mean is the right intake. The delivery temperature is 200 C: [CARB3_WE_FOOD] section 3.2, verbatim ""DRY - spray dryer, 200 C"", which before the split was one row on heat_150_400 at grade 4 and duty_share 1.00000.",medium
Food Processing Centre,default,direct_heating,DRY,heat_100_150,3,0.263574,,,published_sec,"Band segment 3 of 4 of one once-through air-heating duty, split at the band edges it crosses (spec section 3.4, rule: a stream heated once through is split at the band edges; note 20 item 71). The segment lies within its band by construction: this row is the heat that takes the air from 100 C to 150 C, so duty_share = (150 - 100) / (delivery - intake) = 0.263574 of the duty, the air's heat capacity taken as constant over the span as [MOEJES_IDS2016] Table A3 does (heat capacity of dry air 1 kJ/kg C). The intake is 10.3 C of outside air: [LIANG_ECOS2022] abstract, a milk powder spray dryer's energy is ""mostly due to heating of air up to ~240 C from ambient temperature""; [BEIS_LTM_2022] Table 1 gives 10.3 C as the 1991-2020 annual mean temperature over 17 stations selected as representative of fuel consumption in Great Britain, and an annual duty is linear in the intake, so the annual mean is the right intake. The delivery temperature is 200 C: [CARB3_WE_FOOD] section 3.2, verbatim ""DRY - spray dryer, 200 C"", which before the split was one row on heat_150_400 at grade 4 and duty_share 1.00000.",medium
Food Processing Centre,default,direct_heating,DRY,heat_150_400,4,0.263574,,,published_sec,"Band segment 4 of 4 of one once-through air-heating duty, split at the band edges it crosses (spec section 3.4, rule: a stream heated once through is split at the band edges; note 20 item 71). The segment lies within its band by construction: this row is the heat that takes the air from 150 C to 200 C, so duty_share = (200 - 150) / (delivery - intake) = 0.263574 of the duty, the air's heat capacity taken as constant over the span as [MOEJES_IDS2016] Table A3 does (heat capacity of dry air 1 kJ/kg C). The intake is 10.3 C of outside air: [LIANG_ECOS2022] abstract, a milk powder spray dryer's energy is ""mostly due to heating of air up to ~240 C from ambient temperature""; [BEIS_LTM_2022] Table 1 gives 10.3 C as the 1991-2020 annual mean temperature over 17 stations selected as representative of fuel consumption in Great Britain, and an annual duty is linear in the intake, so the annual mean is the right intake. The delivery temperature is 200 C: [CARB3_WE_FOOD] section 3.2, verbatim ""DRY - spray dryer, 200 C"", which before the split was one row on heat_150_400 at grade 4 and duty_share 1.00000.",medium
Food Processing Centre,default,refrigeration,REF,cooling_0_15,2,1.00000,,,published_sec,"[CARB3_WE_FOOD] section 3.2, verbatim: ""REF"", carrier cooling, no grade, duty_share 1.00000. | Band (note 22 Task 3, 2026-09-25): cooling_0_15, as [CARB3_WE_FOOD] now states it - chilled water, no freezer store, the chiller at COP 3.00 (decided 2026-09-25, note 22 section 6).",medium
Food Processing Centre,default,machinery_motors,MOT,motive_power,,1.00000,,,published_sec,"[CARB3_WE_FOOD] section 3.2, verbatim: ""MOT"", carrier motive_power, no grade, duty_share 1.00000.",medium
Food Processing Centre,default,compressed_air,MOT,motive_power,,1.00000,,,published_sec,"[CARB3_WE_FOOD] section 3.2, verbatim: compressed_air is one of the three processes listed on the MOT/motive_power row at duty_share 1.00000.",medium
Food Processing Centre,default,site_services,SPC,heat_lt60,1,0.54900,,,engineering,"[CARB3_WE_FOOD] section 3.2 gives this process TWO rows - ""SPC - space heating"" at heat_60_100 grade 2 and ""MOT"" at motive_power - each at duty_share 1.00000, because that table reads the share per VECTOR. Section 3.3 sums duty_share over the process, so the two are rescaled on the same example's delivered energy (0.021000 PJ gas, 0.017226 PJ electricity), giving 0.549 and 0.451. The band and the two families are verbatim; only the shares are rescaled. The spec and the worked example disagree here - see DONE_duty_a.md. | Band moved 2026-10-02 (note 20 item 73) from heat_60_100 grade 2 to heat_lt60 grade 1: [DESNZ_LCHC_NONDOM2022] Table 1 puts most factory floor area under direct gas warm-air heating (44 million m2) or direct gas radiant heating (34 million m2), which heat the space, not a water circuit at 60-100 C.",medium
Food Processing Centre,default,site_services,OTH,electric_service,,0.387805,,,engineering,"Split 2026-10-02 (note 20 item 72): the bundle's electricity, 0.451000 of the process, is shared on [BEES2016] Appendix B Table B.3 (p. 122), industrial sector, England and Wales 2014-15, electricity GWh/yr: lighting 7,730 + ICT 270 + small power 530 = 8,530 to electric_service, fans 780 to motive_power, cooling and humidification 610 to cooling_0_15 (chilled water), of 9,920. This row is the lighting, ICT and small power share, 0.859879 of the electricity. | Before the split: [CARB3_WE_FOOD] section 3.2, verbatim family and carrier: ""MOT"", motive_power. Share rescaled from 1.00000 to 0.451 on the example's own delivered energy so that the process sums to 1.00 as section 3.3 requires - see the SPC row and DONE_duty_a.md.",medium
Food Processing Centre,default,site_services,MOT,motive_power,,0.035462,,,engineering,"Split 2026-10-02 (note 20 item 72): the bundle's electricity, 0.451000 of the process, is shared on [BEES2016] Appendix B Table B.3 (p. 122), industrial sector, England and Wales 2014-15, electricity GWh/yr: lighting 7,730 + ICT 270 + small power 530 = 8,530 to electric_service, fans 780 to motive_power, cooling and humidification 610 to cooling_0_15 (chilled water), of 9,920. This row is the fans share, 0.078629 of the electricity. | Before the split: [CARB3_WE_FOOD] section 3.2, verbatim family and carrier: ""MOT"", motive_power. Share rescaled from 1.00000 to 0.451 on the example's own delivered energy so that the process sums to 1.00 as section 3.3 requires - see the SPC row and DONE_duty_a.md.",medium
Food Processing Centre,default,site_services,REF,cooling_0_15,2,0.027733,,,engineering,"Split 2026-10-02 (note 20 item 72): the bundle's electricity, 0.451000 of the process, is shared on [BEES2016] Appendix B Table B.3 (p. 122), industrial sector, England and Wales 2014-15, electricity GWh/yr: lighting 7,730 + ICT 270 + small power 530 = 8,530 to electric_service, fans 780 to motive_power, cooling and humidification 610 to cooling_0_15 (chilled water), of 9,920. This row is the cooling share, 0.061492 of the electricity. | Before the split: [CARB3_WE_FOOD] section 3.2, verbatim family and carrier: ""MOT"", motive_power. Share rescaled from 1.00000 to 0.451 on the example's own delivered energy so that the process sums to 1.00 as section 3.3 requires - see the SPC row and DONE_duty_a.md.",medium
