carb3_activity,process_set_id,set_name,is_default,process_id,process_name,is_optional,equipment_examples,provenance
Cement Works,default,Dry-process cement plant (preheater/precalciner),TRUE,quarrying_crushing,Quarrying and primary crushing,FALSE,primary/secondary crushers; quarry conveyors,[DECC_CEMENT_2015] Quarrying and crushing are the first steps of the process chain in DECC Cement Report Section 3.2 / Figure 4; corresponds to LBNL 'raw material extraction'.
Cement Works,default,Dry-process cement plant (preheater/precalciner),TRUE,raw_grinding_blending,Raw meal grinding and blending,FALSE,vertical roller raw mill; ball mill; separators,"[ES_CEMENT_2013] Raw material grinding is a major electricity consumer (Section 3.2, ~25-35 kWh/t raw material)."
Cement Works,default,Dry-process cement plant (preheater/precalciner),TRUE,raw_meal_homogenisation,Raw meal homogenisation and storage,FALSE,blending silos; air-fluidised homogenising silos,[ES_CEMENT_2013] Listed separately in the LBNL/ENERGY STAR electricity breakdown for dry kiln plants (Section 3.3).
Cement Works,default,Dry-process cement plant (preheater/precalciner),TRUE,kiln_pyroprocessing,"Kiln pyroprocessing (preheater, precalciner, rotary kiln, incl. solid fuel grinding)",FALSE,cyclone preheater tower; precalciner; rotary kiln; kiln ID fans; coal/petcoke mill,"[ES_CEMENT_2013] Clinker production accounts for over 90% of total energy and virtually all fuel use (Section 3.3, p.7); LBNL groups clinker production incl. solid fuel grinding at 22% of electricity."
Cement Works,default,Dry-process cement plant (preheater/precalciner),TRUE,clinker_cooling,Clinker cooling,FALSE,grate cooler; cooler fans,"[DECC_CEMENT_2015] Cooling step in DECC process chain (Section 3.2); its fan electricity is subsumed within the LBNL 'clinker production' 22% share, so no separate profile row is given."
Cement Works,default,Dry-process cement plant (preheater/precalciner),TRUE,cement_grinding,Cement (finish) grinding,FALSE,ball mill; high-pressure roller press; vertical roller mill; separators,[ES_CEMENT_2013] Finish grinding at 32-37 kWh/t in ball mills (Section 3.4); largest single electricity end use.
Cement Works,default,Dry-process cement plant (preheater/precalciner),TRUE,packing_dispatch,"Conveying, packing and dispatch",FALSE,pneumatic/mechanical conveyors; packers; silo loadout,[ES_CEMENT_2013] 'Conveying and packaging' is an explicit category in the LBNL electricity breakdown (Section 3.3).
Cement Works,default,Dry-process cement plant (preheater/precalciner),TRUE,site_services,Site services,FALSE,lighting; compressed air; offices,"Present at any cement works, but the LBNL electricity breakdown embeds auxiliaries within its six process categories, so no separate share is defensible."
Cement Works,default,Dry-process cement plant (preheater/precalciner),TRUE,quarry_mobile_plant,"Quarry mobile plant (excavators, loaders, dump trucks)",TRUE,hydraulic excavators; wheel loaders; rigid dump trucks,[DECC_CEMENT_2015] Quarrying named as first step of the process chain (Section 3.2); mobile plant added per Scoping decision 2026-08-24 (A. Canet): mobile plant and mobile machinery diesel are IN scope of premise_energy and must be captured in the profile. Optional: grinding-only stations have no quarry.
Food Processing Centre,default,Generic mixed food processing site,TRUE,boiler_steam_hot_water,"Boiler steam & hot water (cooking, pasteurising, blanching, washdown)",FALSE,shell steam boiler; hot water calorifier; jacketed cooking vessels,"[DECC2015FD] Boilers are 54% of sector energy technology share (Section 1.3, p11)"
Food Processing Centre,default,Generic mixed food processing site,TRUE,direct_heating,"Direct-fired heating (ovens, fryers, dryers)",FALSE,gas-fired oven; fryer; spray/rotary dryer,"[DECC2015FD] Direct heating is 27% of sector energy technology share (Section 1.3, p11)"
Food Processing Centre,default,Generic mixed food processing site,TRUE,refrigeration,Refrigeration & cold storage,FALSE,ammonia refrigeration plant; chill/freezer stores,"[DECC2015FD] Refrigeration listed as key technology (5% of sector energy); subsector electricity shares 25-85% (Section 3.2.7, p35)"
Food Processing Centre,default,Generic mixed food processing site,TRUE,machinery_motors,"Process machinery & motors (mixing, pumping, conveying, packing)",FALSE,mixers; pumps; conveyors; packaging lines,"[DECC2015FD] Motors are 12% of sector energy technology share (Section 1.3, p11)"
Food Processing Centre,default,Generic mixed food processing site,TRUE,compressed_air,Compressed air,FALSE,rotary screw compressors,"[DECC2015FD] Compressed air is 2% of sector energy technology share (Section 1.3, p11)"
Food Processing Centre,default,Generic mixed food processing site,TRUE,site_services,"Site services (lighting, HVAC, offices, space heating)",FALSE,lighting; office HVAC; space heaters,Standard non-process site load at any factory
