carrier_id,carrier_name,carrier_kind,is_gradeable,grade_family,grade_rank,grade_label,is_indirect,emission_factor_source,biogenic_fraction,carbon_charge,denominator_kind,may_dispose,may_import,may_export,vector,comit_commodity,provenance
natural_gas,Natural gas (mains),primary,FALSE,,,,FALSE,ef_natural_gas,0.0115,,energy,FALSE,TRUE,FALSE,gas,INDMAINSGAS;IND_NGABOM,"[GHG_CF_2026] sheet ""Fuels"", column ""kg CO2e of CO2 per unit"", row ""Natural gas (100% mineral blend)"", unit kWh (Gross CV) = 0.18405 kg CO2/kWh; x 1e9/3.6/1e6 = 51.1250 kt/PJ. biogenic_fraction derived as 1 - 0.18194/0.18405, the same sheet's ""Natural gas"" (mains, limited biogas content) over the 100% mineral blend, both at identical gross CV per ""Fuel properties"" (49.521 GJ/t); it reproduces the published mains factor 50.54 kt/PJ exactly"
biomethane,Biomethane (grid-injected),primary,FALSE,,,,FALSE,ef_biomethane,1,,energy,FALSE,TRUE,FALSE,gas,INDMAINSBOM,"[GHG_CF_2026] sheet ""Outside of scopes"", row ""Biofuel / Biomethane (compressed)"", unit GJ = 55.28 kg CO2/GJ net CV; kg/GJ = kt/PJ so no conversion. Cross-checks against the same sheet's ""Biogas"" 0.19902 kg CO2/kWh net CV = 55.28 kt/PJ"
hydrogen,Hydrogen (mains),primary,FALSE,,,,TRUE,ef_hydrogen,,,energy,FALSE,TRUE,FALSE,other,INDMAINSHYG;INDMAINSHYGR;INDMAINSHYGG;INDMAINSHYGB,"No combustion CO2; the factor is a scenario series for the production route, not a constant. Left blank deliberately - see DONE_carriers.md"
lpg,Liquefied petroleum gas,primary,FALSE,,,,FALSE,ef_lpg,0,,energy,FALSE,TRUE,FALSE,oil,INDLPG,"[GHG_CF_2026] sheet ""Fuels"", column ""kg CO2e of CO2 per unit"", row ""LPG"", unit kWh (Gross CV) = 0.21419 kg CO2/kWh; x 277.7778 = 59.4972 kt/PJ"
light_fuel_oil,Light fuel oil (gas oil / diesel),primary,FALSE,,,,FALSE,ef_light_fuel_oil,0,,energy,FALSE,TRUE,FALSE,oil,INDLFO,"[GHG_CF_2026] sheet ""Fuels"", column ""kg CO2e of CO2 per unit"", row ""Gas oil"", unit kWh (Gross CV) = 0.25359 kg CO2/kWh; x 277.7778 = 70.4417 kt/PJ"
heavy_fuel_oil,Heavy fuel oil,primary,FALSE,,,,FALSE,ef_heavy_fuel_oil,0,,energy,FALSE,TRUE,FALSE,oil,INDHFO,"[GHG_CF_2026] sheet ""Fuels"", column ""kg CO2e of CO2 per unit"", row ""Fuel oil"", unit kWh (Gross CV) = 0.26709 kg CO2/kWh; x 277.7778 = 74.1917 kt/PJ"
petroleum_products_misc,Miscellaneous petroleum products (non-energy use),primary,FALSE,,,,FALSE,ef_petroleum_products_misc,0,,energy,FALSE,TRUE,FALSE,oil,INDNEUMSC,"[GHG_CF_2026] sheet ""Fuels"", column ""kg CO2e of CO2 per unit"", row ""Refinery miscellaneous"", unit kWh (Gross CV) = 0.24571 kg CO2/kWh; x 277.7778 = 68.2528 kt/PJ. Carrier is non-energy use (NEUOTH) and carries no combustion emissions under spec 7.10, so this factor is the carbon content only"
coal,Coal (steam / industrial),primary,FALSE,,,,FALSE,ef_coal,0,,energy,FALSE,TRUE,FALSE,coal,INDCOA,"[GHG_CF_2026] sheet ""Fuels"", column ""kg CO2e of CO2 per unit"", row ""Coal (industrial)"", unit kWh (Gross CV) = 0.32181 kg CO2/kWh; x 277.7778 = 89.3917 kt/PJ"
coke_oven_gas,Coke oven gas,primary,FALSE,,,,FALSE,ef_coke_oven_gas,0,,energy,FALSE,FALSE,FALSE,coal,INDCOG,"[UK_ETS_MRR_ANNEX_VI] Annex VI Table 1, row ""Coke oven gas"" = 44.4 t CO2/TJ NCV; t/TJ = kt/PJ. Not covered by the DESNZ/DEFRA GHG conversion factors. D16 (the site boundary is a property of the carrier): may_import and may_export both FALSE. As for blast_furnace_gas, a site byproduct burnt on site by bof_converter_cog and the reheat furnaces, with no outside market"
blast_furnace_gas,Blast furnace gas,primary,FALSE,,,,FALSE,ef_blast_furnace_gas,0,,energy,FALSE,FALSE,FALSE,coal,INDBFG,"[UK_ETS_MRR_ANNEX_VI] Annex VI Table 1, row ""Blast furnace gas"" = 260 t CO2/TJ NCV; t/TJ = kt/PJ. Not covered by the DESNZ/DEFRA GHG conversion factors. D16 (the site boundary is a property of the carrier): may_import and may_export both FALSE. A site byproduct gas with no outside market - a coproduct of blast_furnace_coke, burnt on site by chp_bfg_gas_turbine and the reheat furnaces - so the primary-carrier rule does not apply to it and neither an import nor an export variable is declared"
solid_biomass,Solid biomass (wood chips and waste wood),primary,FALSE,,,,FALSE,ef_solid_biomass,1,,energy,FALSE,TRUE,FALSE,biomass,IND_SOLIDBIO;IND_SOLIDBIOMSW,"[GHG_CF_2026] sheet ""Outside of scopes"", row ""Biomass / Wood chips"", unit kWh = 0.35 kg CO2/kWh net CV (sheet guidance: ""All outside of scopes energy-based factors are provided on a net CV basis""); x 277.7778 = 97.2222 kt/PJ. Wood chips taken as the representative row for the carrier ""Solid biomass (wood chips and waste wood)"""
organic_waste,Organic waste (biogenic),primary,FALSE,,,,FALSE,ef_organic_waste,1,,energy,FALSE,TRUE,FALSE,biomass,INDMSWORG,"No UK-published CO2 factor found for the biogenic organic fraction of MSW as a combusted fuel. biogenic_fraction is 1 by the carrier definition in carrier.csv (""Organic waste (biogenic)""). See DONE_carriers.md"
waste_derived_fuel,Waste-derived fuel (mixed fossil and biogenic),primary,FALSE,,,,FALSE,ef_waste_derived_fuel,,,energy,FALSE,TRUE,FALSE,other,INDMSWINO,"[UK_ETS_MRR_ANNEX_VI] Annex VI Table 1, row ""Industrial wastes"" = 143 t CO2/TJ NCV (net calorific value ""n.a."" in the source); t/TJ = kt/PJ. biogenic_fraction left blank: no UK-published biogenic carbon share of RDF/SRF found - see DONE_carriers.md"
electricity,Grid electricity,primary,FALSE,,,,TRUE,ef_electricity,,,energy,FALSE,TRUE,TRUE,electricity,INDDISTELC,"[GB_SUPP_TABLES_2023] Table 1 ""Electricity emissions factors to 2100, kgCO2e/kWh"", grid average / consumption-based / Industrial column, year 2021 = 0.208868 kgCO2e/kWh; x 277.7778 = 58.0188 kt/PJ. CO2e, not CO2-only: the published series gives no CO2-only split. Grid average (not long-run marginal) chosen because spec 7.6 reconciles reported totals against measured emissions at the base year, which is footprinting - the basis Table 1 itself prescribes for that use"
heat_lt60,Heat below 60 C,intermediate,TRUE,heat,1,<60C,FALSE,,,,energy,TRUE,FALSE,FALSE,,,
heat_60_100,Heat 60-100 C,intermediate,TRUE,heat,2,60-100C,FALSE,,,,energy,TRUE,FALSE,FALSE,,,
heat_100_150,Heat 100-150 C,intermediate,TRUE,heat,3,100-150C,FALSE,,,,energy,TRUE,FALSE,FALSE,,,
heat_150_400,Heat 150-400 C,intermediate,TRUE,heat,4,150-400C,FALSE,,,,energy,TRUE,FALSE,FALSE,,,
heat_400_1000,Heat 400-1000 C,intermediate,TRUE,heat,5,400-1000C,FALSE,,,,energy,TRUE,FALSE,FALSE,,,
heat_gt1000,Heat above 1000 C,intermediate,TRUE,heat,6,>1000C,FALSE,,,,energy,TRUE,FALSE,FALSE,,,
motive_power,Motive power (shaft work),intermediate,FALSE,,,,FALSE,,,,energy,TRUE,FALSE,FALSE,,,
cooling_lt0,Cooling below 0 C,intermediate,TRUE,cooling,1,<0C,FALSE,,,,energy,TRUE,FALSE,FALSE,,,"Spec section 3.4 cooling band set (grade_family cooling, rank 1 coldest, band includes its lower edge); note 22 Task 2. Internal service carrier: may_import and may_export FALSE (D16)"
cooling_0_15,Cooling 0-15 C,intermediate,TRUE,cooling,2,0-15C,FALSE,,,,energy,TRUE,FALSE,FALSE,,,"Spec section 3.4 cooling band set (grade_family cooling, rank 1 coldest, band includes its lower edge); note 22 Task 2. Internal service carrier: may_import and may_export FALSE (D16)"
electric_service,"Electric end-use service (not shaft work, heat or cooling)",intermediate,FALSE,,,,FALSE,,,,energy,TRUE,FALSE,FALSE,,,"Service carrier added 2026-09-24 (spec section 3.4, note 22 section 2): lighting, instruments, process tools, welding, electrochemistry and battery charging. Keeps C8 non-circular where a duty would otherwise sit on electricity"
reject_flue_clean,"Recoverable heat in clean flue gas (gas, LPG, biomethane and hydrogen boilers)",intermediate,FALSE,,,,FALSE,,,,energy,TRUE,FALSE,FALSE,,,"Reject source class added 2026-10-02 (note 23, spec section 3.4): intermediate, not gradeable, energy, may be disposed of and never crosses the site boundary, as the service carriers motive_power and electric_service are. Carries the condensing increment over a standard economiser, recovered below the flue gas water dew point (about 57 C for natural gas); drawn by economiser_flue_condensing"
reject_flue_solid_liquid,"Recoverable heat in flue gas carrying ash or sulphur (coal, biomass and oil boilers; steam-turbine CHP)",intermediate,FALSE,,,,FALSE,,,,energy,TRUE,FALSE,FALSE,,,"Reject source class added 2026-10-02 (note 23, spec section 3.4): intermediate, not gradeable, energy, may be disposed of and never crosses the site boundary, as the service carriers motive_power and electric_service are. Fouling and the acid dew point (110 to 160 C) limit how far it cools; no recovery unit draws it yet, so it is disposed of"
reject_engine_exhaust,Recoverable heat in engine and gas turbine exhaust after the CHP's own recovery,intermediate,FALSE,,,,FALSE,,,,energy,TRUE,FALSE,FALSE,,,"Reject source class added 2026-10-02 (note 23, spec section 3.4): intermediate, not gradeable, energy, may be disposed of and never crosses the site boundary, as the service carriers motive_power and electric_service are. Residual exhaust at about 150 to 170 C after a heat recovery steam generator, or a mechanical-drive engine's whole exhaust and jacket heat; drawn by recovery_engine_exhaust"
reject_dryer_exhaust,"Recoverable heat in dryer exhaust air (humid, dust-laden, about 65 to 75 C)",intermediate,FALSE,,,,FALSE,,,,energy,TRUE,FALSE,FALSE,,,"Reject source class added 2026-10-02 (note 23, spec section 3.4): intermediate, not gradeable, energy, may be disposed of and never crosses the site boundary, as the service carriers motive_power and electric_service are. Powder fouling and fire risk; no recovery unit draws it yet, so it is disposed of"
reject_chiller_condenser,Chiller condenser heat (refrigerant desuperheat and condensing heat),intermediate,FALSE,,,,FALSE,,,,energy,TRUE,FALSE,FALSE,,,"Reject source class added 2026-10-02 (note 23, spec section 3.4): intermediate, not gradeable, energy, may be disposed of and never crosses the site boundary, as the service carriers motive_power and electric_service are. The whole condenser heat, at roughly 30 to 45 C (engineering judgement, not sourced); usable only through a lift, by heat_pump_chiller_condenser"
co2_process,Process CO2 (chemistry),emission,FALSE,,,,FALSE,,,charged,mass,TRUE,FALSE,FALSE,,INDCO2P,
co2_fuel_fossil,Fuel CO2 (fossil carbon),emission,FALSE,,,,FALSE,,,charged,mass,TRUE,FALSE,FALSE,,,
co2_fuel_biogenic,Fuel CO2 (biogenic carbon),emission,FALSE,,,,FALSE,,,zero_rated,mass,TRUE,FALSE,FALSE,,,
co2_captured,Captured CO2 (to transport network),product,FALSE,,,,FALSE,,,,mass,FALSE,FALSE,TRUE,,,
clinker,Cement clinker,product,FALSE,,,,FALSE,,,,mass,FALSE,FALSE,FALSE,,ICMCLK,[CARB3_WE_CEMENT] 1.11 carrier table
cement,Cement,product,FALSE,,,,FALSE,,,,mass,FALSE,FALSE,TRUE,,ICM,[CARB3_WE_CEMENT] 1.11 carrier table
