unit_id,carb3_activity,process_id,min_duty,max_share,earliest_year,provenance,notes,provenance_ref
battery_2h,Cement Works,,,,,comit_reuse,Reproduced verbatim from the cement worked example 1.11 unit_eligibility table. process_id blank as the table has it: a supply unit serves no process.,[CARB3_WE_CEMENT]
battery_2h,Food Processing Centre,,,,,comit_reuse,Reproduced verbatim from the food and drink worked example 1.11 unit_eligibility table. process_id blank as the table has it.,[CARB3_WE_FOODDRINK]
boiler_lt_biomass,Food Processing Centre,boiler_steam_hot_water,,,,comit_reuse,Reproduced verbatim from the food and drink worked example 1.11 unit_eligibility table. min_duty in PJ/yr.,[CARB3_WE_FOODDRINK]
boiler_lt_biomass,Food Processing Centre,site_services,,,,proxy,"Rebuilt from the join (note 22 Task 10, 2026-09-25): serves SPC on heat_lt60 (rank 1); grade_out 4 reaches it under C10 (the grade cascade). Carrier family, grade in C10's direction, costed with coefficients, every intermediate input produced at the activity - see build/rebuild_eligibility_join.py.",[CARB3_SPEC_IMPL]
boiler_lt_biomethane,Food Processing Centre,boiler_steam_hot_water,,,,bref,"Offered because biomethane_fuel maps this option to (Food Processing Centre, boiler_steam_hot_water) in process_decarbonisation_options.csv; the option resolves to this unit in decarbonisation_option_unit.csv.",[CARB3_OPT_LIB]
boiler_lt_biomethane,Food Processing Centre,direct_heating,,,,bref,"Offered because biomethane_fuel maps this option to (Food Processing Centre, direct_heating) in process_decarbonisation_options.csv; the option resolves to this unit in decarbonisation_option_unit.csv.",[CARB3_OPT_LIB]
boiler_lt_biomethane,Food Processing Centre,site_services,,,,proxy,"Rebuilt from the join (note 22 Task 10, 2026-09-25): serves SPC on heat_lt60 (rank 1); grade_out 3 reaches it under C10 (the grade cascade). Carrier family, grade in C10's direction, costed with coefficients, every intermediate input produced at the activity - see build/rebuild_eligibility_join.py.",[CARB3_SPEC_IMPL]
boiler_lt_coal,Food Processing Centre,boiler_steam_hot_water,,0.00,,comit_reuse,Reproduced verbatim from the food and drink worked example 1.11 unit_eligibility table. min_duty in PJ/yr.,[CARB3_WE_FOODDRINK]
boiler_lt_coal,Food Processing Centre,site_services,,,,proxy,"Rebuilt from the join (note 22 Task 10, 2026-09-25): serves SPC on heat_lt60 (rank 1); grade_out 3 reaches it under C10 (the grade cascade). Carrier family, grade in C10's direction, costed with coefficients, every intermediate input produced at the activity - see build/rebuild_eligibility_join.py.",[CARB3_SPEC_IMPL]
boiler_lt_gas,Food Processing Centre,boiler_steam_hot_water,,,,comit_reuse,Reproduced verbatim from the food and drink worked example 1.11 unit_eligibility table. min_duty in PJ/yr.,[CARB3_WE_FOODDRINK]
boiler_lt_gas,Food Processing Centre,site_services,,,,proxy,"Rebuilt from the join (note 22 Task 10, 2026-09-25): serves SPC on heat_lt60 (rank 1); grade_out 4 reaches it under C10 (the grade cascade). Carrier family, grade in C10's direction, costed with coefficients, every intermediate input produced at the activity - see build/rebuild_eligibility_join.py.",[CARB3_SPEC_IMPL]
boiler_lt_hydrogen,Food Processing Centre,boiler_steam_hot_water,,,2035,comit_reuse,Reproduced verbatim from the food and drink worked example 1.11 unit_eligibility table. min_duty in PJ/yr.,[CARB3_WE_FOODDRINK]
boiler_lt_hydrogen,Food Processing Centre,site_services,,,,proxy,"Rebuilt from the join (note 22 Task 10, 2026-09-25): serves SPC on heat_lt60 (rank 1); grade_out 4 reaches it under C10 (the grade cascade). Carrier family, grade in C10's direction, costed with coefficients, every intermediate input produced at the activity - see build/rebuild_eligibility_join.py.",[CARB3_SPEC_IMPL]
boiler_lt_lpg,Food Processing Centre,boiler_steam_hot_water,,,,comit_reuse,Reproduced verbatim from the food and drink worked example 1.11 unit_eligibility table. min_duty in PJ/yr.,[CARB3_WE_FOODDRINK]
boiler_lt_lpg,Food Processing Centre,site_services,,,,proxy,"Rebuilt from the join (note 22 Task 10, 2026-09-25): serves SPC on heat_lt60 (rank 1); grade_out 3 reaches it under C10 (the grade cascade). Carrier family, grade in C10's direction, costed with coefficients, every intermediate input produced at the activity - see build/rebuild_eligibility_join.py.",[CARB3_SPEC_IMPL]
boiler_lt_oil,Food Processing Centre,boiler_steam_hot_water,,,,proxy,"Rebuilt from the join (note 22 Task 10, 2026-09-25): serves LTH on heat_60_100 (rank 2); STM on heat_100_150 (rank 3); grade_out 3 reaches it under C10 (the grade cascade). Carrier family, grade in C10's direction, costed with coefficients, every intermediate input produced at the activity - see build/rebuild_eligibility_join.py.",[CARB3_SPEC_IMPL]
boiler_lt_oil,Food Processing Centre,site_services,,,,proxy,"Rebuilt from the join (note 22 Task 10, 2026-09-25): serves SPC on heat_lt60 (rank 1); grade_out 3 reaches it under C10 (the grade cascade). Carrier family, grade in C10's direction, costed with coefficients, every intermediate input produced at the activity - see build/rebuild_eligibility_join.py.",[CARB3_SPEC_IMPL]
boiler_spc_biomass,Food Processing Centre,boiler_steam_hot_water,,,,bref,"Offered because biomass_boiler maps this option to (Food Processing Centre, boiler_steam_hot_water) in process_decarbonisation_options.csv; the option resolves to this unit in decarbonisation_option_unit.csv.",[CARB3_OPT_LIB]
boiler_spc_biomass,Food Processing Centre,site_services,,,,proxy,"Rebuilt from the join (note 22 Task 10, 2026-09-25): serves SPC on heat_lt60 (rank 1); grade_out 2 reaches it under C10 (the grade cascade). Carrier family, grade in C10's direction, costed with coefficients, every intermediate input produced at the activity - see build/rebuild_eligibility_join.py.",[CARB3_SPEC_IMPL]
boiler_spc_coal,Food Processing Centre,boiler_steam_hot_water,,,,proxy,"Rebuilt from the join (note 22 Task 10, 2026-09-25): serves LTH on heat_60_100 (rank 2); grade_out 2 reaches it under C10 (the grade cascade). Carrier family, grade in C10's direction, costed with coefficients, every intermediate input produced at the activity - see build/rebuild_eligibility_join.py.",[CARB3_SPEC_IMPL]
boiler_spc_coal,Food Processing Centre,site_services,,,,proxy,"Rebuilt from the join (note 22 Task 10, 2026-09-25): serves SPC on heat_lt60 (rank 1); grade_out 2 reaches it under C10 (the grade cascade). Carrier family, grade in C10's direction, costed with coefficients, every intermediate input produced at the activity - see build/rebuild_eligibility_join.py.",[CARB3_SPEC_IMPL]
boiler_spc_gas,Food Processing Centre,boiler_steam_hot_water,,,,proxy,"Rebuilt from the join (note 22 Task 10, 2026-09-25): serves LTH on heat_60_100 (rank 2); grade_out 2 reaches it under C10 (the grade cascade). Carrier family, grade in C10's direction, costed with coefficients, every intermediate input produced at the activity - see build/rebuild_eligibility_join.py.",[CARB3_SPEC_IMPL]
boiler_spc_gas,Food Processing Centre,site_services,,,,proxy,"Rebuilt from the join (note 22 Task 10, 2026-09-25): serves SPC on heat_lt60 (rank 1); grade_out 2 reaches it under C10 (the grade cascade). Carrier family, grade in C10's direction, costed with coefficients, every intermediate input produced at the activity - see build/rebuild_eligibility_join.py.",[CARB3_SPEC_IMPL]
boiler_spc_hydrogen,Food Processing Centre,boiler_steam_hot_water,,,,bref,"Offered because h2_boiler maps this option to (Food Processing Centre, boiler_steam_hot_water) in process_decarbonisation_options.csv; the option resolves to this unit in decarbonisation_option_unit.csv.",[CARB3_OPT_LIB]
boiler_spc_hydrogen,Food Processing Centre,site_services,,,,proxy,"Rebuilt from the join (note 22 Task 10, 2026-09-25): serves SPC on heat_lt60 (rank 1); grade_out 2 reaches it under C10 (the grade cascade). Carrier family, grade in C10's direction, costed with coefficients, every intermediate input produced at the activity - see build/rebuild_eligibility_join.py.",[CARB3_SPEC_IMPL]
boiler_spc_lpg,Food Processing Centre,boiler_steam_hot_water,,,,proxy,"Rebuilt from the join (note 22 Task 10, 2026-09-25): serves LTH on heat_60_100 (rank 2); grade_out 2 reaches it under C10 (the grade cascade). Carrier family, grade in C10's direction, costed with coefficients, every intermediate input produced at the activity - see build/rebuild_eligibility_join.py.",[CARB3_SPEC_IMPL]
boiler_spc_lpg,Food Processing Centre,site_services,,,,proxy,"Rebuilt from the join (note 22 Task 10, 2026-09-25): serves SPC on heat_lt60 (rank 1); grade_out 2 reaches it under C10 (the grade cascade). Carrier family, grade in C10's direction, costed with coefficients, every intermediate input produced at the activity - see build/rebuild_eligibility_join.py.",[CARB3_SPEC_IMPL]
ccs_amine,Cement Works,kiln_pyroprocessing,0.25,,2035,comit_reuse,Reproduced verbatim from the cement worked example 1.11 unit_eligibility table. min_duty in Mt/yr of clinker.,[CARB3_WE_CEMENT]
ccs_amine_coal_chp,Cement Works,kiln_pyroprocessing,,,,bref,"Offered because post_combustion_amine_ccs maps this option to (Cement Works, kiln_pyroprocessing) in process_decarbonisation_options.csv; the option resolves to this unit in decarbonisation_option_unit.csv.",[CARB3_OPT_LIB]
ccs_amine_mdea,Cement Works,kiln_pyroprocessing,0.25,,2035,comit_reuse,Reproduced verbatim from the cement worked example 1.11 unit_eligibility table. min_duty in Mt/yr of clinker.,[CARB3_WE_CEMENT]
ccs_oxyfuel,Cement Works,kiln_pyroprocessing,0.50,,2040,comit_reuse,Reproduced verbatim from the cement worked example 1.11 unit_eligibility table. min_duty in Mt/yr of clinker.,[CARB3_WE_CEMENT]
ccs_oxyfuel_partial,Cement Works,kiln_pyroprocessing,0.30,,2035,comit_reuse,Reproduced verbatim from the cement worked example 1.11 unit_eligibility table. min_duty in Mt/yr of clinker.,[CARB3_WE_CEMENT]
cement_lowcarbon_elec,Cement Works,cement_grinding,,0.35,2035,comit_reuse,Reproduced verbatim from the cement worked example 1.11 unit_eligibility table.,[CARB3_WE_CEMENT]
chiller_electric,Cement Works,site_services,,,,proxy,"Rebuilt from the join (note 22 Task 10, 2026-09-25): serves REF on cooling_0_15 (rank 2); grade_out 2 reaches it under C10 (the grade cascade). Carrier family, grade in C10's direction, costed with coefficients, every intermediate input produced at the activity - see build/rebuild_eligibility_join.py.",[CARB3_SPEC_IMPL]
chiller_electric,Food Processing Centre,refrigeration,,,,comit_reuse,Reproduced verbatim from the food and drink worked example 1.11 unit_eligibility table.,[CARB3_WE_FOODDRINK]
chiller_electric,Food Processing Centre,site_services,,,,proxy,"Rebuilt from the join (note 22 Task 10, 2026-09-25): serves REF on cooling_0_15 (rank 2); grade_out 2 reaches it under C10 (the grade cascade). Carrier family, grade in C10's direction, costed with coefficients, every intermediate input produced at the activity - see build/rebuild_eligibility_join.py.",[CARB3_SPEC_IMPL]
chiller_electric_hfo,Cement Works,site_services,,,,proxy,"Rebuilt from the join (note 22 Task 10, 2026-09-25): serves REF on cooling_0_15 (rank 2); grade_out 2 reaches it under C10 (the grade cascade). Carrier family, grade in C10's direction, costed with coefficients, every intermediate input produced at the activity - see build/rebuild_eligibility_join.py.",[CARB3_SPEC_IMPL]
chiller_electric_hfo,Food Processing Centre,refrigeration,,,,bref,"Offered because natural_refrigerant_refrigeration maps this option to (Food Processing Centre, refrigeration) in process_decarbonisation_options.csv; the option resolves to this unit in decarbonisation_option_unit.csv.",[CARB3_OPT_LIB]
chiller_electric_hfo,Food Processing Centre,site_services,,,,proxy,"Rebuilt from the join (note 22 Task 10, 2026-09-25): serves REF on cooling_0_15 (rank 2); grade_out 2 reaches it under C10 (the grade cascade). Carrier family, grade in C10's direction, costed with coefficients, every intermediate input produced at the activity - see build/rebuild_eligibility_join.py.",[CARB3_SPEC_IMPL]
chiller_electric_lt0,Cement Works,site_services,,,,proxy,"Rebuilt from the join (note 22 Task 10, 2026-09-25): serves REF on cooling_0_15 (rank 2); grade_out 1 reaches it under C10 (the grade cascade). Carrier family, grade in C10's direction, costed with coefficients, every intermediate input produced at the activity - see build/rebuild_eligibility_join.py.",[CARB3_SPEC_IMPL]
chiller_electric_lt0,Food Processing Centre,refrigeration,,,,proxy,"Rebuilt from the join (note 22 Task 10, 2026-09-25): serves REF on cooling_0_15 (rank 2); grade_out 1 reaches it under C10 (the grade cascade). Carrier family, grade in C10's direction, costed with coefficients, every intermediate input produced at the activity - see build/rebuild_eligibility_join.py.",[CARB3_SPEC_IMPL]
chiller_electric_lt0,Food Processing Centre,site_services,,,,proxy,"Rebuilt from the join (note 22 Task 10, 2026-09-25): serves REF on cooling_0_15 (rank 2); grade_out 1 reaches it under C10 (the grade cascade). Carrier family, grade in C10's direction, costed with coefficients, every intermediate input produced at the activity - see build/rebuild_eligibility_join.py.",[CARB3_SPEC_IMPL]
chp_bfg_gas_turbine,Food Processing Centre,boiler_steam_hot_water,,,,proxy,"Rebuilt from the join (note 22 Task 10, 2026-09-25): serves LTH on heat_60_100 (rank 2); STM on heat_100_150 (rank 3); grade_out 4 reaches it under C10 (the grade cascade). Carrier family, grade in C10's direction, costed with coefficients, every intermediate input produced at the activity - see build/rebuild_eligibility_join.py.",[CARB3_SPEC_IMPL]
chp_bfg_gas_turbine,Food Processing Centre,site_services,,,,proxy,"Rebuilt from the join (note 22 Task 10, 2026-09-25): serves SPC on heat_lt60 (rank 1); grade_out 4 reaches it under C10 (the grade cascade). Carrier family, grade in C10's direction, costed with coefficients, every intermediate input produced at the activity - see build/rebuild_eligibility_join.py.",[CARB3_SPEC_IMPL]
chp_biomass_st,Food Processing Centre,boiler_steam_hot_water,0.25,,,comit_reuse,Reproduced verbatim from the food and drink worked example 1.11 unit_eligibility table. min_duty in PJ/yr.,[CARB3_WE_FOODDRINK]
chp_biomass_st,Food Processing Centre,site_services,,,,proxy,"Rebuilt from the join (note 22 Task 10, 2026-09-25): serves SPC on heat_lt60 (rank 1); grade_out 4 reaches it under C10 (the grade cascade). Carrier family, grade in C10's direction, costed with coefficients, every intermediate input produced at the activity - see build/rebuild_eligibility_join.py.",[CARB3_SPEC_IMPL]
chp_biomethane_ccgt,Food Processing Centre,boiler_steam_hot_water,,,,bref,"Offered because biomethane_fuel maps this option to (Food Processing Centre, boiler_steam_hot_water) in process_decarbonisation_options.csv; the option resolves to this unit in decarbonisation_option_unit.csv.",[CARB3_OPT_LIB]
chp_biomethane_ccgt,Food Processing Centre,direct_heating,,,,bref,"Offered because biomethane_fuel maps this option to (Food Processing Centre, direct_heating) in process_decarbonisation_options.csv; the option resolves to this unit in decarbonisation_option_unit.csv.",[CARB3_OPT_LIB]
chp_biomethane_ccgt,Food Processing Centre,site_services,,,,proxy,"Rebuilt from the join (note 22 Task 10, 2026-09-25): serves SPC on heat_lt60 (rank 1); grade_out 4 reaches it under C10 (the grade cascade). Carrier family, grade in C10's direction, costed with coefficients, every intermediate input produced at the activity - see build/rebuild_eligibility_join.py.",[CARB3_SPEC_IMPL]
chp_byproduct_ccgt,Food Processing Centre,boiler_steam_hot_water,,,,proxy,"Rebuilt from the join (note 22 Task 10, 2026-09-25): serves LTH on heat_60_100 (rank 2); STM on heat_100_150 (rank 3); grade_out 4 reaches it under C10 (the grade cascade). Carrier family, grade in C10's direction, costed with coefficients, every intermediate input produced at the activity - see build/rebuild_eligibility_join.py.",[CARB3_SPEC_IMPL]
chp_byproduct_ccgt,Food Processing Centre,site_services,,,,proxy,"Rebuilt from the join (note 22 Task 10, 2026-09-25): serves SPC on heat_lt60 (rank 1); grade_out 4 reaches it under C10 (the grade cascade). Carrier family, grade in C10's direction, costed with coefficients, every intermediate input produced at the activity - see build/rebuild_eligibility_join.py.",[CARB3_SPEC_IMPL]
chp_coal_st,Food Processing Centre,boiler_steam_hot_water,,,,proxy,"Rebuilt from the join (note 22 Task 10, 2026-09-25): serves LTH on heat_60_100 (rank 2); STM on heat_100_150 (rank 3); grade_out 4 reaches it under C10 (the grade cascade). Carrier family, grade in C10's direction, costed with coefficients, every intermediate input produced at the activity - see build/rebuild_eligibility_join.py.",[CARB3_SPEC_IMPL]
chp_coal_st,Food Processing Centre,site_services,,,,proxy,"Rebuilt from the join (note 22 Task 10, 2026-09-25): serves SPC on heat_lt60 (rank 1); grade_out 4 reaches it under C10 (the grade cascade). Carrier family, grade in C10's direction, costed with coefficients, every intermediate input produced at the activity - see build/rebuild_eligibility_join.py.",[CARB3_SPEC_IMPL]
chp_cog_gas_turbine,Food Processing Centre,boiler_steam_hot_water,,,,proxy,"Rebuilt from the join (note 22 Task 10, 2026-09-25): serves LTH on heat_60_100 (rank 2); STM on heat_100_150 (rank 3); grade_out 4 reaches it under C10 (the grade cascade). Carrier family, grade in C10's direction, costed with coefficients, every intermediate input produced at the activity - see build/rebuild_eligibility_join.py.",[CARB3_SPEC_IMPL]
chp_cog_gas_turbine,Food Processing Centre,site_services,,,,proxy,"Rebuilt from the join (note 22 Task 10, 2026-09-25): serves SPC on heat_lt60 (rank 1); grade_out 4 reaches it under C10 (the grade cascade). Carrier family, grade in C10's direction, costed with coefficients, every intermediate input produced at the activity - see build/rebuild_eligibility_join.py.",[CARB3_SPEC_IMPL]
chp_gas_ccgt,Food Processing Centre,boiler_steam_hot_water,,,,proxy,"Rebuilt from the join (note 22 Task 10, 2026-09-25): serves LTH on heat_60_100 (rank 2); STM on heat_100_150 (rank 3); grade_out 4 reaches it under C10 (the grade cascade). Carrier family, grade in C10's direction, costed with coefficients, every intermediate input produced at the activity - see build/rebuild_eligibility_join.py.",[CARB3_SPEC_IMPL]
chp_gas_ccgt,Food Processing Centre,site_services,,,,proxy,"Rebuilt from the join (note 22 Task 10, 2026-09-25): serves SPC on heat_lt60 (rank 1); grade_out 4 reaches it under C10 (the grade cascade). Carrier family, grade in C10's direction, costed with coefficients, every intermediate input produced at the activity - see build/rebuild_eligibility_join.py.",[CARB3_SPEC_IMPL]
chp_gas_turbine,Food Processing Centre,boiler_steam_hot_water,0.03,,,comit_reuse,Reproduced verbatim from the food and drink worked example 1.11 unit_eligibility table. min_duty in PJ/yr.,[CARB3_WE_FOODDRINK]
chp_gas_turbine,Food Processing Centre,site_services,,,,proxy,"Rebuilt from the join (note 22 Task 10, 2026-09-25): serves SPC on heat_lt60 (rank 1); grade_out 4 reaches it under C10 (the grade cascade). Carrier family, grade in C10's direction, costed with coefficients, every intermediate input produced at the activity - see build/rebuild_eligibility_join.py.",[CARB3_SPEC_IMPL]
chp_hydrogen_ccgt,Food Processing Centre,boiler_steam_hot_water,0.03,,2035,comit_reuse,Reproduced verbatim from the food and drink worked example 1.11 unit_eligibility table. min_duty in PJ/yr.,[CARB3_WE_FOODDRINK]
chp_hydrogen_ccgt,Food Processing Centre,site_services,,,,proxy,"Rebuilt from the join (note 22 Task 10, 2026-09-25): serves SPC on heat_lt60 (rank 1); grade_out 4 reaches it under C10 (the grade cascade). Carrier family, grade in C10's direction, costed with coefficients, every intermediate input produced at the activity - see build/rebuild_eligibility_join.py.",[CARB3_SPEC_IMPL]
chp_hydrogen_fuelcell,Food Processing Centre,boiler_steam_hot_water,,,,proxy,"Rebuilt from the join (note 22 Task 10, 2026-09-25): serves LTH on heat_60_100 (rank 2); STM on heat_100_150 (rank 3); grade_out 3 reaches it under C10 (the grade cascade). Carrier family, grade in C10's direction, costed with coefficients, every intermediate input produced at the activity - see build/rebuild_eligibility_join.py.",[CARB3_SPEC_IMPL]
chp_hydrogen_fuelcell,Food Processing Centre,site_services,,,,proxy,"Rebuilt from the join (note 22 Task 10, 2026-09-25): serves SPC on heat_lt60 (rank 1); grade_out 3 reaches it under C10 (the grade cascade). Carrier family, grade in C10's direction, costed with coefficients, every intermediate input produced at the activity - see build/rebuild_eligibility_join.py.",[CARB3_SPEC_IMPL]
chp_lpg_ccgt,Food Processing Centre,boiler_steam_hot_water,,,,proxy,"Rebuilt from the join (note 22 Task 10, 2026-09-25): serves LTH on heat_60_100 (rank 2); STM on heat_100_150 (rank 3); grade_out 4 reaches it under C10 (the grade cascade). Carrier family, grade in C10's direction, costed with coefficients, every intermediate input produced at the activity - see build/rebuild_eligibility_join.py.",[CARB3_SPEC_IMPL]
chp_lpg_ccgt,Food Processing Centre,site_services,,,,proxy,"Rebuilt from the join (note 22 Task 10, 2026-09-25): serves SPC on heat_lt60 (rank 1); grade_out 4 reaches it under C10 (the grade cascade). Carrier family, grade in C10's direction, costed with coefficients, every intermediate input produced at the activity - see build/rebuild_eligibility_join.py.",[CARB3_SPEC_IMPL]
dryer_direct_biomass,Food Processing Centre,direct_heating,,,,proxy,"Rebuilt from the join (note 22 Task 10, 2026-09-25): serves DRY on heat_100_150 (rank 3); DRY on heat_150_400 (rank 4); DRY on heat_60_100 (rank 2); DRY on heat_lt60 (rank 1); grade_out 4 reaches it under C10 (the grade cascade). Carrier family, grade in C10's direction, costed with coefficients, every intermediate input produced at the activity - see build/rebuild_eligibility_join.py.",[CARB3_SPEC_IMPL]
dryer_direct_coal,Food Processing Centre,direct_heating,,,,proxy,"Rebuilt from the join (note 22 Task 10, 2026-09-25): serves DRY on heat_100_150 (rank 3); DRY on heat_150_400 (rank 4); DRY on heat_60_100 (rank 2); DRY on heat_lt60 (rank 1); grade_out 4 reaches it under C10 (the grade cascade). Carrier family, grade in C10's direction, costed with coefficients, every intermediate input produced at the activity - see build/rebuild_eligibility_join.py.",[CARB3_SPEC_IMPL]
dryer_direct_gas,Food Processing Centre,direct_heating,,,,comit_reuse,Reproduced verbatim from the food and drink worked example 1.11 unit_eligibility table.,[CARB3_WE_FOODDRINK]
dryer_direct_hydrogen,Cement Works,kiln_pyroprocessing,,,,bref,"Offered because h2_kiln_furnace_burner maps this option to (Cement Works, kiln_pyroprocessing) in process_decarbonisation_options.csv; the option resolves to this unit in decarbonisation_option_unit.csv.",[CARB3_OPT_LIB]
dryer_direct_hydrogen,Food Processing Centre,direct_heating,,,,bref,"Offered because h2_kiln_furnace_burner maps this option to (Food Processing Centre, direct_heating) in process_decarbonisation_options.csv; the option resolves to this unit in decarbonisation_option_unit.csv.",[CARB3_OPT_LIB]
dryer_direct_lpg,Food Processing Centre,direct_heating,,,,proxy,"Rebuilt from the join (note 22 Task 10, 2026-09-25): serves DRY on heat_100_150 (rank 3); DRY on heat_150_400 (rank 4); DRY on heat_60_100 (rank 2); DRY on heat_lt60 (rank 1); grade_out 4 reaches it under C10 (the grade cascade). Carrier family, grade in C10's direction, costed with coefficients, every intermediate input produced at the activity - see build/rebuild_eligibility_join.py.",[CARB3_SPEC_IMPL]
dryer_electric,Food Processing Centre,direct_heating,,,,comit_reuse,Reproduced verbatim from the food and drink worked example 1.11 unit_eligibility table.,[CARB3_WE_FOODDRINK]
dryer_heat_pump,Food Processing Centre,direct_heating,,,,proxy,"Rebuilt from the join (note 22 Task 10, 2026-09-25): serves DRY on heat_60_100 (rank 2); DRY on heat_lt60 (rank 1); grade_out 2 reaches it under C10 (the grade cascade). Carrier family, grade in C10's direction, costed with coefficients, every intermediate input produced at the activity - see build/rebuild_eligibility_join.py.",[CARB3_SPEC_IMPL]
dryer_steam,Food Processing Centre,direct_heating,,,,proxy,"Rebuilt from the join (note 22 Task 10, 2026-09-25): serves DRY on heat_100_150 (rank 3); DRY on heat_60_100 (rank 2); DRY on heat_lt60 (rank 1); grade_out 3 reaches it under C10 (the grade cascade). Carrier family, grade in C10's direction, costed with coefficients, every intermediate input produced at the activity - see build/rebuild_eligibility_join.py.",[CARB3_SPEC_IMPL]
economiser_flue_condensing,Food Processing Centre,site_services,,,,proxy,"Rebuilt from the join (note 22 Task 10, 2026-09-25): serves SPC on heat_lt60 (rank 1); grade_out 1 reaches it under C10 (the grade cascade). Carrier family, grade in C10's direction, costed with coefficients, every intermediate input produced at the activity - see build/rebuild_eligibility_join.py.",[CARB3_SPEC_IMPL]
furnace_ht_elec,Cement Works,kiln_pyroprocessing,,,,bref,"Offered because rotodynamic_electric_heater maps this option to (Cement Works, kiln_pyroprocessing) in process_decarbonisation_options.csv; the option resolves to this unit in decarbonisation_option_unit.csv.",[CARB3_OPT_LIB]
furnace_ht_elec,Food Processing Centre,direct_heating,,,,bref,"Offered because electric_resistance_oven_furnace maps this option to (Food Processing Centre, direct_heating) in process_decarbonisation_options.csv; the option resolves to this unit in decarbonisation_option_unit.csv.",[CARB3_OPT_LIB]
furnace_ht_hydrogen,Cement Works,kiln_pyroprocessing,,,,bref,"Offered because h2_kiln_furnace_burner maps this option to (Cement Works, kiln_pyroprocessing) in process_decarbonisation_options.csv; the option resolves to this unit in decarbonisation_option_unit.csv.",[CARB3_OPT_LIB]
furnace_ht_hydrogen,Food Processing Centre,direct_heating,,,,bref,"Offered because h2_kiln_furnace_burner maps this option to (Food Processing Centre, direct_heating) in process_decarbonisation_options.csv; the option resolves to this unit in decarbonisation_option_unit.csv.",[CARB3_OPT_LIB]
generic_process_elec,Cement Works,site_services,,,,proxy,"Rebuilt from the join (note 22 Task 10, 2026-09-25): serves OTH on electric_service; its primary output is electric_service. Carrier family, grade in C10's direction, costed with coefficients, every intermediate input produced at the activity - see build/rebuild_eligibility_join.py.",[CARB3_SPEC_IMPL]
generic_process_elec,Food Processing Centre,direct_heating,,,,bref,"Offered because ohmic_heating_food maps this option to (Food Processing Centre, direct_heating) in process_decarbonisation_options.csv; the option resolves to this unit in decarbonisation_option_unit.csv.",[CARB3_OPT_LIB]
generic_process_elec,Food Processing Centre,site_services,,,,proxy,"Rebuilt from the join (note 22 Task 10, 2026-09-25): serves OTH on electric_service; its primary output is electric_service. Carrier family, grade in C10's direction, costed with coefficients, every intermediate input produced at the activity - see build/rebuild_eligibility_join.py.",[CARB3_SPEC_IMPL]
grinder_mixer_clinker_sub_elec,Cement Works,cement_grinding,,0.60,,comit_reuse,Reproduced verbatim from the cement worked example 1.11 unit_eligibility table.,[CARB3_WE_CEMENT]
grinder_mixer_elec,Cement Works,cement_grinding,,,,comit_reuse,Reproduced verbatim from the cement worked example 1.11 unit_eligibility table.,[CARB3_WE_CEMENT]
heat_exchanger_spc_steam,Food Processing Centre,site_services,,,,proxy,"Rebuilt from the join (note 22 Task 10, 2026-09-25): serves SPC on heat_lt60 (rank 1); grade_out 1 reaches it under C10 (the grade cascade). Carrier family, grade in C10's direction, costed with coefficients, every intermediate input produced at the activity - see build/rebuild_eligibility_join.py.",[CARB3_SPEC_IMPL]
heat_pump_chiller_condenser,Food Processing Centre,boiler_steam_hot_water,,,,proxy,"Rebuilt from the join (note 22 Task 10, 2026-09-25): serves LTH on heat_60_100 (rank 2); grade_out 2 reaches it under C10 (the grade cascade). Carrier family, grade in C10's direction, costed with coefficients, every intermediate input produced at the activity - see build/rebuild_eligibility_join.py.",[CARB3_SPEC_IMPL]
heat_pump_chiller_condenser,Food Processing Centre,refrigeration,,,,bref,"Offered because heat_recovery_heat_pump maps this option to (Food Processing Centre, refrigeration) in process_decarbonisation_options.csv; the option resolves to this unit in decarbonisation_option_unit.csv.",[CARB3_OPT_LIB]
heat_pump_chiller_condenser,Food Processing Centre,site_services,,,,proxy,"Rebuilt from the join (note 22 Task 10, 2026-09-25): serves SPC on heat_lt60 (rank 1); grade_out 2 reaches it under C10 (the grade cascade). Carrier family, grade in C10's direction, costed with coefficients, every intermediate input produced at the activity - see build/rebuild_eligibility_join.py.",[CARB3_SPEC_IMPL]
heat_pump_ht,Food Processing Centre,boiler_steam_hot_water,0.02,,2030,comit_reuse,Reproduced verbatim from the food and drink worked example 1.11 unit_eligibility table. min_duty in PJ/yr.,[CARB3_WE_FOODDRINK]
heat_pump_ht,Food Processing Centre,site_services,,,,proxy,"Rebuilt from the join (note 22 Task 10, 2026-09-25): serves SPC on heat_lt60 (rank 1); grade_out 3 reaches it under C10 (the grade cascade). Carrier family, grade in C10's direction, costed with coefficients, every intermediate input produced at the activity - see build/rebuild_eligibility_join.py.",[CARB3_SPEC_IMPL]
heat_pump_lt_air,Cement Works,site_services,,,,bref,"Offered because heat_pump_below_100 maps this option to (Cement Works, site_services) in process_decarbonisation_options.csv; the option resolves to this unit in decarbonisation_option_unit.csv.",[CARB3_OPT_LIB]
heat_pump_lt_air,Food Processing Centre,boiler_steam_hot_water,0.01,,,comit_reuse,Reproduced verbatim from the food and drink worked example 1.11 unit_eligibility table. min_duty in PJ/yr.,[CARB3_WE_FOODDRINK]
heat_pump_lt_air,Food Processing Centre,site_services,,,,bref,"Offered because heat_pump_below_100 maps this option to (Food Processing Centre, site_services) in process_decarbonisation_options.csv; the option resolves to this unit in decarbonisation_option_unit.csv.",[CARB3_OPT_LIB]
heat_pump_lt_reject,Cement Works,site_services,,,,bref,"Offered because heat_pump_below_100 maps this option to (Cement Works, site_services) in process_decarbonisation_options.csv; the option resolves to this unit in decarbonisation_option_unit.csv.",[CARB3_OPT_LIB]
heat_pump_lt_reject,Food Processing Centre,boiler_steam_hot_water,0.01,,,comit_reuse,Reproduced verbatim from the food and drink worked example 1.11 unit_eligibility table. min_duty in PJ/yr.,[CARB3_WE_FOODDRINK]
heat_pump_lt_reject,Food Processing Centre,site_services,,,,bref,"Offered because heat_pump_below_100 maps this option to (Food Processing Centre, site_services) in process_decarbonisation_options.csv; the option resolves to this unit in decarbonisation_option_unit.csv.",[CARB3_OPT_LIB]
heat_pump_spc_air,Food Processing Centre,site_services,,,,proxy,"Rebuilt from the join (note 22 Task 10, 2026-09-25): serves SPC on heat_lt60 (rank 1); grade_out 1 reaches it under C10 (the grade cascade). Carrier family, grade in C10's direction, costed with coefficients, every intermediate input produced at the activity - see build/rebuild_eligibility_join.py.",[CARB3_SPEC_IMPL]
kiln_calcium_looping_coal,Cement Works,kiln_pyroprocessing,1.20,,2035,comit_reuse,Reproduced verbatim from the cement worked example 1.11 unit_eligibility table. min_duty in Mt/yr of clinker.,[CARB3_WE_CEMENT]
kiln_dry_coal,Cement Works,kiln_pyroprocessing,0.15,,,comit_reuse,Reproduced verbatim from the cement worked example 1.11 unit_eligibility table. min_duty in Mt/yr of clinker.,[CARB3_WE_CEMENT]
kiln_dry_gas,Cement Works,kiln_pyroprocessing,0.15,,,comit_reuse,Reproduced verbatim from the cement worked example 1.11 unit_eligibility table. min_duty in Mt/yr of clinker.,[CARB3_WE_CEMENT]
kiln_dry_oil,Cement Works,kiln_pyroprocessing,,,,comit_reuse,Chemistry-spine unit keyed on process_id 'kiln_pyroprocessing' in unit.csv (D5: chemistry is node-keyed).,[CARB3_UNIT_LIST]
kiln_dry_wdf,Cement Works,kiln_pyroprocessing,0.15,0.55,,comit_reuse,Reproduced verbatim from the cement worked example 1.11 unit_eligibility table. min_duty in Mt/yr of clinker.,[CARB3_WE_CEMENT]
kiln_fluidbed_wdf,Cement Works,kiln_pyroprocessing,0.40,,,comit_reuse,Reproduced verbatim from the cement worked example 1.11 unit_eligibility table. min_duty in Mt/yr of clinker.,[CARB3_WE_CEMENT]
mobile_plant_battery,Cement Works,quarry_mobile_plant,,,,proxy,"Rebuilt from the join (note 22 Task 10, 2026-09-25): serves MOT on motive_power; its primary output is motive_power. Carrier family, grade in C10's direction, costed with coefficients, every intermediate input produced at the activity - see build/rebuild_eligibility_join.py.",[CARB3_SPEC_IMPL]
mobile_plant_diesel,Cement Works,quarry_mobile_plant,,,,proxy,"Rebuilt from the join (note 22 Task 10, 2026-09-25): serves MOT on motive_power; its primary output is motive_power. Carrier family, grade in C10's direction, costed with coefficients, every intermediate input produced at the activity - see build/rebuild_eligibility_join.py.",[CARB3_SPEC_IMPL]
motor_elec,Cement Works,clinker_cooling,,,,comit_reuse,Reproduced verbatim from the cement worked example 1.11 unit_eligibility table. The table's '(six electric processes)' expanded against activity_process_register.csv: the nine Cement Works processes less kiln_pyroprocessing and cement_grinding (chemistry) and quarry_mobile_plant (diesel).,[CARB3_WE_CEMENT]
motor_elec,Cement Works,packing_dispatch,,,,comit_reuse,Reproduced verbatim from the cement worked example 1.11 unit_eligibility table. The table's '(six electric processes)' expanded against activity_process_register.csv: the nine Cement Works processes less kiln_pyroprocessing and cement_grinding (chemistry) and quarry_mobile_plant (diesel).,[CARB3_WE_CEMENT]
motor_elec,Cement Works,quarrying_crushing,,,,comit_reuse,Reproduced verbatim from the cement worked example 1.11 unit_eligibility table. The table's '(six electric processes)' expanded against activity_process_register.csv: the nine Cement Works processes less kiln_pyroprocessing and cement_grinding (chemistry) and quarry_mobile_plant (diesel).,[CARB3_WE_CEMENT]
motor_elec,Cement Works,raw_grinding_blending,,,,comit_reuse,Reproduced verbatim from the cement worked example 1.11 unit_eligibility table. The table's '(six electric processes)' expanded against activity_process_register.csv: the nine Cement Works processes less kiln_pyroprocessing and cement_grinding (chemistry) and quarry_mobile_plant (diesel).,[CARB3_WE_CEMENT]
motor_elec,Cement Works,raw_meal_homogenisation,,,,comit_reuse,Reproduced verbatim from the cement worked example 1.11 unit_eligibility table. The table's '(six electric processes)' expanded against activity_process_register.csv: the nine Cement Works processes less kiln_pyroprocessing and cement_grinding (chemistry) and quarry_mobile_plant (diesel).,[CARB3_WE_CEMENT]
motor_elec,Cement Works,site_services,,,,comit_reuse,Reproduced verbatim from the cement worked example 1.11 unit_eligibility table. The table's '(six electric processes)' expanded against activity_process_register.csv: the nine Cement Works processes less kiln_pyroprocessing and cement_grinding (chemistry) and quarry_mobile_plant (diesel).,[CARB3_WE_CEMENT]
motor_elec,Food Processing Centre,compressed_air,,,,comit_reuse,Reproduced verbatim from the food and drink worked example 1.11 unit_eligibility table.,[CARB3_WE_FOODDRINK]
motor_elec,Food Processing Centre,machinery_motors,,,,comit_reuse,Reproduced verbatim from the food and drink worked example 1.11 unit_eligibility table.,[CARB3_WE_FOODDRINK]
motor_elec,Food Processing Centre,site_services,,,,comit_reuse,Reproduced verbatim from the food and drink worked example 1.11 unit_eligibility table.,[CARB3_WE_FOODDRINK]
pv_ground_mount,Cement Works,,,,,bref,"Supply-side unit, offered at activity level: onsite_solar_pv maps it to this activity in process_decarbonisation_options.csv. process_id is blank because a supply unit serves no single process, as both worked examples' tables have it.",[CARB3_OPT_LIB]
pv_ground_mount,Food Processing Centre,,,,,bref,"Supply-side unit, offered at activity level: onsite_solar_pv maps it to this activity in process_decarbonisation_options.csv. process_id is blank because a supply unit serves no single process, as both worked examples' tables have it.",[CARB3_OPT_LIB]
pv_rooftop,Cement Works,,,,,comit_reuse,Reproduced verbatim from the cement worked example 1.11 unit_eligibility table. process_id blank as the table has it: a supply unit serves no process.,[CARB3_WE_CEMENT]
pv_rooftop,Food Processing Centre,,,,,comit_reuse,Reproduced verbatim from the food and drink worked example 1.11 unit_eligibility table. process_id blank as the table has it.,[CARB3_WE_FOODDRINK]
recovery_engine_exhaust,Food Processing Centre,boiler_steam_hot_water,,,,proxy,"Rebuilt from the join (note 22 Task 10, 2026-09-25): serves LTH on heat_60_100 (rank 2); grade_out 2 reaches it under C10 (the grade cascade). Carrier family, grade in C10's direction, costed with coefficients, every intermediate input produced at the activity - see build/rebuild_eligibility_join.py.",[CARB3_SPEC_IMPL]
recovery_engine_exhaust,Food Processing Centre,site_services,,,,proxy,"Rebuilt from the join (note 22 Task 10, 2026-09-25): serves SPC on heat_lt60 (rank 1); grade_out 2 reaches it under C10 (the grade cascade). Carrier family, grade in C10's direction, costed with coefficients, every intermediate input produced at the activity - see build/rebuild_eligibility_join.py.",[CARB3_SPEC_IMPL]
resistance_heater_lt,Food Processing Centre,boiler_steam_hot_water,,,,comit_reuse,Reproduced verbatim from the food and drink worked example 1.11 unit_eligibility table. min_duty in PJ/yr.,[CARB3_WE_FOODDRINK]
resistance_heater_lt,Food Processing Centre,direct_heating,,,,bref,"Offered because electric_resistance_oven_furnace maps this option to (Food Processing Centre, direct_heating) in process_decarbonisation_options.csv; the option resolves to this unit in decarbonisation_option_unit.csv.",[CARB3_OPT_LIB]
resistance_heater_lt,Food Processing Centre,site_services,,,,proxy,"Rebuilt from the join (note 22 Task 10, 2026-09-25): serves SPC on heat_lt60 (rank 1); grade_out 4 reaches it under C10 (the grade cascade). Carrier family, grade in C10's direction, costed with coefficients, every intermediate input produced at the activity - see build/rebuild_eligibility_join.py.",[CARB3_SPEC_IMPL]
resistance_heater_spc,Food Processing Centre,site_services,,,,proxy,"Rebuilt from the join (note 22 Task 10, 2026-09-25): serves SPC on heat_lt60 (rank 1); grade_out 1 reaches it under C10 (the grade cascade). Carrier family, grade in C10's direction, costed with coefficients, every intermediate input produced at the activity - see build/rebuild_eligibility_join.py.",[CARB3_SPEC_IMPL]
