unit_id,carrier_id,coefficient,role,provenance,confidence,provenance_ref
boiler_lt_gas,heat_100_150,1,primary_output,proxy,medium,[CARB3_WE_FOODDRINK] 1.11 coefficient table
boiler_lt_gas,natural_gas,-1.13636,fuel_input,proxy,medium,[CARB3_WE_FOODDRINK] 1.11 coefficient table
boiler_lt_hydrogen,heat_100_150,1,primary_output,proxy,medium,[CARB3_WE_FOODDRINK] 1.11 coefficient table
boiler_lt_hydrogen,hydrogen,-1.11111,fuel_input,proxy,medium,[CARB3_WE_FOODDRINK] 1.11 coefficient table
boiler_lt_biomass,heat_100_150,1,primary_output,comit_reuse,low,"[COMIT_WB_140] sheet technology_input_output, technology_code ICHLTHBIOS01"
boiler_lt_biomass,solid_biomass,-1.1236,fuel_input,comit_reuse,low,"[COMIT_WB_140] sheet technology_input_output, technology_code ICHLTHBIOS01"
boiler_lt_lpg,heat_100_150,1,primary_output,comit_reuse,low,"[COMIT_WB_140] sheet technology_input_output, technology_code ICHLTHLPG01"
boiler_lt_lpg,lpg,-1.08696,fuel_input,comit_reuse,low,"[COMIT_WB_140] sheet technology_input_output, technology_code ICHLTHLPG01"
boiler_lt_coal,heat_100_150,1,primary_output,comit_reuse,low,"[COMIT_WB_140] sheet technology_input_output, technology_code ICHLTHHCO01"
boiler_lt_coal,coal,-1.1236,fuel_input,comit_reuse,low,"[COMIT_WB_140] sheet technology_input_output, technology_code ICHLTHHCO01"
boiler_lt_oil,heat_100_150,1,primary_output,comit_reuse,low,"[COMIT_WB_140] sheet technology_input_output, technology_code ICHLTHLPG01"
boiler_lt_oil,light_fuel_oil,-1.08696,fuel_input,comit_reuse,low,"[COMIT_WB_140] sheet technology_input_output, technology_code ICHLTHLPG01 | PROXY: COMIT states this coefficient against lpg; D13 moves it onto light_fuel_oil, taken from the LPG boiler, the nearest liquid-fuel row COMIT has"
boiler_lt_biomethane,heat_100_150,1,primary_output,comit_reuse,low,"[COMIT_WB_140] sheet technology_input_output, technology_code ICHLTHNGA01"
boiler_lt_biomethane,biomethane,-1.08696,fuel_input,comit_reuse,low,"[COMIT_WB_140] sheet technology_input_output, technology_code ICHLTHNGA01 | PROXY: COMIT states this coefficient against natural_gas; D13 moves it onto biomethane, taken from the natural-gas boiler; COMIT's IND_NGABOM is gas and biomethane together"
resistance_heater_lt,heat_100_150,1,primary_output,proxy,medium,[CARB3_WE_FOODDRINK] 1.11 coefficient table
resistance_heater_lt,electricity,-1.02041,fuel_input,proxy,medium,[CARB3_WE_FOODDRINK] 1.11 coefficient table
heat_pump_lt_air,heat_60_100,1,primary_output,proxy,medium,[CARB3_WE_FOODDRINK] 1.11 coefficient table
heat_pump_lt_air,electricity,-0.3571,fuel_input,proxy,medium,[CARB3_WE_FOODDRINK] 1.11 coefficient table
heat_pump_lt_reject,heat_60_100,1,primary_output,proxy,medium,[CARB3_WE_FOODDRINK] 1.11 coefficient table
heat_pump_lt_reject,electricity,-0.3125,fuel_input,proxy,medium,[CARB3_WE_FOODDRINK] 1.11 coefficient table
heat_pump_lt_reject,heat_lt60,-0.6875,aux_input,proxy,medium,[CARB3_WE_FOODDRINK] 1.11 coefficient table
boiler_spc_gas,heat_60_100,1,primary_output,comit_reuse,low,"[COMIT_WB_140] sheet technology_input_output, technology_code ICHSPCNGA01 | carrier heat_60_100 (note 22 Task 10, 2026-09-25, note 20 item 24): LPHW at 82/71 C, [CIBSEJ_RETURN]; the coefficient is unchanged"
boiler_spc_gas,natural_gas,-1.07527,fuel_input,comit_reuse,low,"[COMIT_WB_140] sheet technology_input_output, technology_code ICHSPCNGA01"
boiler_spc_hydrogen,heat_60_100,1,primary_output,comit_reuse,low,"[COMIT_WB_140] sheet technology_input_output, technology_code ICHSPCHDG01 | carrier heat_60_100 (note 22 Task 10, 2026-09-25, note 20 item 24): LPHW at 82/71 C, [CIBSEJ_RETURN]; the coefficient is unchanged"
boiler_spc_hydrogen,hydrogen,-1.07527,fuel_input,comit_reuse,low,"[COMIT_WB_140] sheet technology_input_output, technology_code ICHSPCHDG01"
boiler_spc_biomass,heat_60_100,1,primary_output,comit_reuse,low,"[COMIT_WB_140] sheet technology_input_output, technology_code ICHSPCBIOS01 | carrier heat_60_100 (note 22 Task 10, 2026-09-25, note 20 item 24): LPHW at 82/71 C, [CIBSEJ_RETURN]; the coefficient is unchanged"
boiler_spc_biomass,solid_biomass,-1.11111,fuel_input,comit_reuse,low,"[COMIT_WB_140] sheet technology_input_output, technology_code ICHSPCBIOS01"
boiler_spc_lpg,heat_60_100,1,primary_output,comit_reuse,low,"[COMIT_WB_140] sheet technology_input_output, technology_code IEESPCLPG01 | carrier heat_60_100 (note 22 Task 10, 2026-09-25, note 20 item 24): LPHW at 82/71 C, [CIBSEJ_RETURN]; the coefficient is unchanged"
boiler_spc_lpg,lpg,-1.07527,fuel_input,comit_reuse,low,"[COMIT_WB_140] sheet technology_input_output, technology_code IEESPCLPG01"
boiler_spc_coal,heat_60_100,1,primary_output,comit_reuse,low,"[COMIT_WB_140] sheet technology_input_output, technology_code IEESPCHCO01 | carrier heat_60_100 (note 22 Task 10, 2026-09-25, note 20 item 24): LPHW at 82/71 C, [CIBSEJ_RETURN]; the coefficient is unchanged"
boiler_spc_coal,coal,-1.1236,fuel_input,comit_reuse,low,"[COMIT_WB_140] sheet technology_input_output, technology_code IEESPCHCO01"
resistance_heater_spc,heat_lt60,1,primary_output,comit_reuse,low,"[COMIT_WB_140] sheet technology_input_output, technology_code ICHSPCELC01"
resistance_heater_spc,electricity,-1.0101,fuel_input,comit_reuse,low,"[COMIT_WB_140] sheet technology_input_output, technology_code ICHSPCELC01"
heat_pump_spc_air,heat_lt60,1,primary_output,comit_reuse,low,"[COMIT_WB_140] sheet technology_input_output, technology_code ICHSPCELCHP01"
heat_pump_spc_air,electricity,-0.25,fuel_input,comit_reuse,low,"[COMIT_WB_140] sheet technology_input_output, technology_code ICHSPCELCHP01"
heat_exchanger_spc_steam,heat_lt60,1,primary_output,comit_reuse,low,"[COMIT_WB_140] sheet technology_input_output, technology_code ICHSPCSTM01"
heat_exchanger_spc_steam,heat_100_150,-1,aux_input,comit_reuse,low,"[COMIT_WB_140] sheet technology_input_output, technology_code ICHSPCSTM01"
furnace_ht_hydrogen,heat_400_1000,1,primary_output,comit_reuse,low,"[COMIT_WB_140] sheet technology_input_output, technology_code ICHHTHHDG01"
furnace_ht_hydrogen,hydrogen,-1.66667,fuel_input,comit_reuse,low,"[COMIT_WB_140] sheet technology_input_output, technology_code ICHHTHHDG01"
furnace_ht_elec,heat_400_1000,1,primary_output,comit_reuse,low,"[COMIT_WB_140] sheet technology_input_output, technology_code ICHHTHELC01"
furnace_ht_elec,electricity,-1.17647,fuel_input,comit_reuse,low,"[COMIT_WB_140] sheet technology_input_output, technology_code ICHHTHELC01"
mobile_plant_diesel,motive_power,1,primary_output,bref,low,[DESNZ_NRMM2023] Table 22. added 2026-09-26 (note 20 item 30)
mobile_plant_diesel,light_fuel_oil,-3.03030,fuel_input,bref,low,"[DESNZ_NRMM2023] Table 22: diesel ICE powertrain efficiency 33% (NAEI database), so 1/0.33 = 3.03030. No reject row: exhaust heat on a moving machine is not recoverable. added 2026-09-26 (note 20 item 30)"
mobile_plant_battery,motive_power,1,primary_output,bref,low,[DESNZ_NRMM2023] Table 24. added 2026-09-26 (note 20 item 30)
mobile_plant_battery,electricity,-1.25,fuel_input,bref,low,"[DESNZ_NRMM2023] Table 24: battery electric at 80% efficiency (80-90% in the text, p61), so 1/0.8 = 1.25, charging losses included. added 2026-09-26 (note 20 item 30)"
heat_pump_ht,heat_100_150,1,primary_output,proxy,medium,[CARB3_WE_FOODDRINK] 1.11 coefficient table
heat_pump_ht,electricity,-0.4762,fuel_input,proxy,medium,[CARB3_WE_FOODDRINK] 1.11 coefficient table
heat_pump_ht,heat_60_100,-0.5238,aux_input,proxy,medium,[CARB3_WE_FOODDRINK] 1.11 coefficient table
chp_gas_turbine,heat_100_150,1,primary_output,proxy,medium,[CARB3_WE_FOODDRINK] 1.11 coefficient table
chp_gas_turbine,natural_gas,-2.2222,fuel_input,proxy,medium,[CARB3_WE_FOODDRINK] 1.11 coefficient table
chp_gas_turbine,electricity,0.7778,coproduct,proxy,medium,[CARB3_WE_FOODDRINK] 1.11 coefficient table
chp_gas_ccgt,heat_100_150,1,primary_output,comit_reuse,medium,"[COMIT_WB_140] sheet technology_input_output, technology_code ICHCHPCCGT01"
chp_gas_ccgt,natural_gas,-3.15068,fuel_input,comit_reuse,medium,"[COMIT_WB_140] sheet technology_input_output, technology_code ICHCHPCCGT01"
chp_gas_ccgt,electricity,1.3,coproduct,comit_reuse,medium,"[COMIT_WB_140] sheet technology_input_output, technology_code ICHCHPCCGT01"
chp_hydrogen_ccgt,heat_100_150,1,primary_output,proxy,medium,[CARB3_WE_FOODDRINK] 1.11 coefficient table
chp_hydrogen_ccgt,hydrogen,-2.3,fuel_input,proxy,medium,[CARB3_WE_FOODDRINK] 1.11 coefficient table
chp_hydrogen_ccgt,electricity,0.95,coproduct,proxy,medium,[CARB3_WE_FOODDRINK] 1.11 coefficient table
chp_hydrogen_fuelcell,heat_100_150,1,primary_output,comit_reuse,medium,"[COMIT_WB_140] sheet technology_input_output, technology_code IISCHPFCH01_2030"
chp_hydrogen_fuelcell,hydrogen,-2.5,fuel_input,comit_reuse,medium,"[COMIT_WB_140] sheet technology_input_output, technology_code IISCHPFCH01_2030"
chp_hydrogen_fuelcell,electricity,1,coproduct,comit_reuse,medium,"[COMIT_WB_140] sheet technology_input_output, technology_code IISCHPFCH01_2030"
chp_biomass_st,heat_100_150,1,primary_output,comit_reuse,low,"[COMIT_WB_140] sheet technology_input_output, technology_code ICHCHPBIOS01"
chp_biomass_st,solid_biomass,-1.375,fuel_input,comit_reuse,low,"[COMIT_WB_140] sheet technology_input_output, technology_code ICHCHPBIOS01"
chp_biomass_st,electricity,0.1,coproduct,comit_reuse,low,"[COMIT_WB_140] sheet technology_input_output, technology_code ICHCHPBIOS01"
chp_coal_st,heat_100_150,1,primary_output,comit_reuse,medium,"[COMIT_WB_140] sheet technology_input_output, technology_code ICHCHPCOA01"
chp_coal_st,coal,-1.375,fuel_input,comit_reuse,medium,"[COMIT_WB_140] sheet technology_input_output, technology_code ICHCHPCOA01"
chp_coal_st,electricity,0.1,coproduct,comit_reuse,medium,"[COMIT_WB_140] sheet technology_input_output, technology_code ICHCHPCOA01"
chp_lpg_ccgt,heat_100_150,1,primary_output,comit_reuse,medium,"[COMIT_WB_140] sheet technology_input_output, technology_code ICHCHPLPG01"
chp_lpg_ccgt,lpg,-3.15068,fuel_input,comit_reuse,medium,"[COMIT_WB_140] sheet technology_input_output, technology_code ICHCHPLPG01"
chp_lpg_ccgt,electricity,1.3,coproduct,comit_reuse,medium,"[COMIT_WB_140] sheet technology_input_output, technology_code ICHCHPLPG01"
chp_biomethane_ccgt,heat_100_150,1,primary_output,comit_reuse,medium,"[COMIT_WB_140] sheet technology_input_output, technology_code ICHCHPCCGT01"
chp_biomethane_ccgt,biomethane,-3.15068,fuel_input,comit_reuse,low,"[COMIT_WB_140] sheet technology_input_output, technology_code ICHCHPCCGT01 | PROXY: COMIT states this coefficient against natural_gas; D13 moves it onto biomethane, taken from the natural-gas CCGT; COMIT's IND_NGABOM is gas and biomethane together"
chp_biomethane_ccgt,electricity,1.3,coproduct,comit_reuse,medium,"[COMIT_WB_140] sheet technology_input_output, technology_code ICHCHPCCGT01"
chp_bfg_gas_turbine,heat_100_150,1,primary_output,comit_reuse,medium,"[COMIT_WB_140] sheet technology_input_output, technology_code IISCHPBFG01"
chp_bfg_gas_turbine,blast_furnace_gas,-2.42857,fuel_input,comit_reuse,medium,"[COMIT_WB_140] sheet technology_input_output, technology_code IISCHPBFG01"
chp_bfg_gas_turbine,electricity,0.7,coproduct,comit_reuse,medium,"[COMIT_WB_140] sheet technology_input_output, technology_code IISCHPBFG01"
chp_cog_gas_turbine,heat_100_150,1,primary_output,comit_reuse,medium,"[COMIT_WB_140] sheet technology_input_output, technology_code IISCHPCOG01"
chp_cog_gas_turbine,coke_oven_gas,-2.42857,fuel_input,comit_reuse,medium,"[COMIT_WB_140] sheet technology_input_output, technology_code IISCHPCOG01"
chp_cog_gas_turbine,electricity,0.7,coproduct,comit_reuse,medium,"[COMIT_WB_140] sheet technology_input_output, technology_code IISCHPCOG01"
chp_byproduct_ccgt,heat_100_150,1,primary_output,comit_reuse,medium,"[COMIT_WB_140] sheet technology_input_output, technology_code ICHCHPPRO01"
chp_byproduct_ccgt,petroleum_products_misc,-3.15068,fuel_input,comit_reuse,medium,"[COMIT_WB_140] sheet technology_input_output, technology_code ICHCHPPRO01"
chp_byproduct_ccgt,electricity,1.3,coproduct,comit_reuse,medium,"[COMIT_WB_140] sheet technology_input_output, technology_code ICHCHPPRO01"
dryer_direct_gas,heat_150_400,1,primary_output,proxy,medium,[CARB3_WE_FOODDRINK] 1.11 coefficient table
dryer_direct_gas,natural_gas,-1.1765,fuel_input,proxy,medium,[CARB3_WE_FOODDRINK] 1.11 coefficient table
dryer_direct_gas,reject_dryer_exhaust,0.17650,reject,proxy,low,"Source class reject_dryer_exhaust (note 23, decided 2026-10-02). 0.20 of fuel energy in, capped at the unit's losses. [ATKINS_ATE2011] sections 2 to 4: a milk powder spray dryer's exhaust leaves the baghouse at 75 C, and a run-around loop at 70% effectiveness raises the 25 to 200 C inlet air by 35 C, so 35/175 = 0.20 of the air heater's duty, already net of the exchanger's effectiveness; one case study, and no source was found for direct-fired dryers other than milk spray dryers. No recovery unit draws this class, for want of a directly stated capex, so the heat is disposed of. 0.20 x -1.1765 = 0.23530 exceeds the unit's losses, 0.17650 (note 20 item 70), so the row is capped there. Was 0.12 ([CARB3_WE_FOODDRINK] 1.11 coefficient table)."
dryer_direct_hydrogen,heat_150_400,1,primary_output,comit_reuse,low,"[COMIT_WB_140] sheet technology_input_output, technology_code ICHDRYHDG01"
dryer_direct_hydrogen,hydrogen,-1.08696,fuel_input,comit_reuse,low,"[COMIT_WB_140] sheet technology_input_output, technology_code ICHDRYHDG01"
dryer_direct_biomass,heat_150_400,1,primary_output,comit_reuse,low,"[COMIT_WB_140] sheet technology_input_output, technology_code ICHDRYBIOS01"
dryer_direct_biomass,solid_biomass,-1.1236,fuel_input,comit_reuse,low,"[COMIT_WB_140] sheet technology_input_output, technology_code ICHDRYBIOS01"
dryer_direct_coal,heat_150_400,1,primary_output,comit_reuse,low,"[COMIT_WB_140] sheet technology_input_output, technology_code IFDDRYHCO01"
dryer_direct_coal,coal,-1.1236,fuel_input,comit_reuse,low,"[COMIT_WB_140] sheet technology_input_output, technology_code IFDDRYHCO01"
dryer_direct_lpg,heat_150_400,1,primary_output,comit_reuse,low,"[COMIT_WB_140] sheet technology_input_output, technology_code ICHDRYLPG01"
dryer_direct_lpg,lpg,-1.08696,fuel_input,comit_reuse,low,"[COMIT_WB_140] sheet technology_input_output, technology_code ICHDRYLPG01"
dryer_electric,heat_150_400,1,primary_output,proxy,medium,[CARB3_WE_FOODDRINK] 1.11 coefficient table
dryer_electric,electricity,-1.0526,fuel_input,proxy,medium,[CARB3_WE_FOODDRINK] 1.11 coefficient table
dryer_electric,reject_dryer_exhaust,0.05260,reject,proxy,low,"Source class reject_dryer_exhaust (note 23, decided 2026-10-02). 0.20 of fuel energy in, capped at the unit's losses. [ATKINS_ATE2011] sections 2 to 4: a milk powder spray dryer's exhaust leaves the baghouse at 75 C, and a run-around loop at 70% effectiveness raises the 25 to 200 C inlet air by 35 C, so 35/175 = 0.20 of the air heater's duty, already net of the exchanger's effectiveness; one case study, and no source was found for direct-fired dryers other than milk spray dryers. No recovery unit draws this class, for want of a directly stated capex, so the heat is disposed of. 0.20 x -1.0526 = 0.21052 exceeds the unit's losses, 0.05260 (note 20 item 70), so the row is kept at them. Was already 0.05260, capped at the losses from the [CARB3_WE_FOODDRINK] 1.11 coefficient table's 0.08."
dryer_heat_pump,heat_60_100,1,primary_output,comit_reuse,low,"[COMIT_WB_140] sheet technology_input_output, technology_code ICHDRYELCHP01 | carrier heat_60_100 (note 20 item 69, 2026-10-02), was heat_150_400: COMIT puts this heat pump on the 150-400 C band, which no heat pump reaches; the COP of 3 is kept, and is consistent with heat_pump_lt_air at 2.8 from colder ambient air ([CARB3_WE_FOODDRINK] 1.11)"
dryer_heat_pump,electricity,-0.33333,fuel_input,comit_reuse,low,"[COMIT_WB_140] sheet technology_input_output, technology_code ICHDRYELCHP01"
dryer_steam,heat_100_150,1,primary_output,proxy,low,"Rebased decided 2026-09-26 on PR #64 (note 20 item 64) from heat_150_400 +1 ([COMIT_WB_140] ICHDRYSTM01): the dryer delivers band 3 heat from band 4 steam, [VOITH_US5379528], [BEIS_IFS2018] Table 6"
dryer_steam,heat_150_400,-1.11111,aux_input,proxy,low,"Rebased decided 2026-09-26 on PR #64 (note 20 item 64) from heat_100_150 -1: steam at band 4 (up to about 160 C in paper-machine cylinders, [VOITH_US5379528]; 190-240 C high-pressure steam, [BEIS_IFS2018] Table 6). The 1/0.9 = 1.11111 allows a 10% loss (condensate and casing losses); no source gives the figure, so it is a fallback, confidence low"
motor_elec,motive_power,1,primary_output,proxy,medium,[CARB3_WE_CEMENT] 1.11 coefficient table; [CARB3_WE_FOODDRINK] 1.11 coefficient table
motor_elec,electricity,-1,fuel_input,proxy,medium,[CARB3_WE_CEMENT] 1.11 coefficient table; [CARB3_WE_FOODDRINK] 1.11 coefficient table
chiller_electric,cooling_0_15,1,primary_output,proxy,medium,"[CARB3_WE_FOODDRINK] 1.11 coefficient table | carrier cooling_0_15 (note 22 Task 3, 2026-09-25): an electric vapour-compression chiller makes chilled water, the band the food and drink worked example gives this unit at COP 3.00"
chiller_electric,electricity,-0.3333,fuel_input,proxy,medium,[CARB3_WE_FOODDRINK] 1.11 coefficient table
chiller_electric_hfo,cooling_0_15,1,primary_output,comit_reuse,medium,"[COMIT_WB_140] sheet technology_input_output, technology_code ICHREFEHFO01 | carrier cooling_0_15 (note 22 Task 3, 2026-09-25): an electric vapour-compression chiller makes chilled water, the band the food and drink worked example gives this unit at COP 3.00"
chiller_electric_hfo,electricity,-0.3333,fuel_input,proxy,medium,"Rebased note 22 Task 10, 2026-09-25 (Task 4) from -1.11111, the [COMIT_WB_140] technology_input_output value for ICHREFEHFO01. The standard unit ICHREFEHFC01 that chiller_electric collapses from carries the same -1.11111 (and IFDREFEHFC01 -1.111111), so COMIT's refrigeration coefficients are final energy per unit of its service commodity, not COPs, and the HFO row is not an error but a different convention. Rebased on chiller_electric's COP of 3.00 ([CARB3_WE_FOODDRINK] 1.11), with no refrigerant penalty: no source gives one. Refrigerant leakage, what separates the two in COMIT, is outside the carrier set (note 22 section 9)"
chiller_electric,reject_chiller_condenser,1.3333,reject,proxy,medium,"First-law balance on the unit's own COP: heat rejected = cooling delivered + electricity in. Carrier heat_lt60: condensing heat from a chiller rated at ambient air, below 60 C; 1 + 0.3333 ([CARB3_WE_FOODDRINK] 1.11 COP 3.00). Added note 22 Task 10, 2026-09-25 (Task 4) so that heat_pump_lt_reject has the condenser heat it exists to lift | source class reject_chiller_condenser (note 23, decided 2026-10-02): the whole condenser heat, coefficient unchanged. No desuperheater is built (no cost per kW was found, note 23), so the desuperheat share is not split off and heat_pump_chiller_condenser draws it all; the practical limit sits in that heat pump's COP, not in this row"
chiller_electric_hfo,reject_chiller_condenser,1.3333,reject,proxy,medium,"First-law balance on the unit's own COP: heat rejected = cooling delivered + electricity in. Carrier heat_lt60: condensing heat from a chiller rated at ambient air, below 60 C; 1 + 0.3333 (the rebased COP 3.00). Added note 22 Task 10, 2026-09-25 (Task 4) | source class reject_chiller_condenser (note 23, decided 2026-10-02): the whole condenser heat, coefficient unchanged. No desuperheater is built (no cost per kW was found, note 23), so the desuperheat share is not split off and heat_pump_chiller_condenser draws it all; the practical limit sits in that heat pump's COP, not in this row"
chiller_electric_lt0,cooling_lt0,1,primary_output,bref,medium,"[CIAT_ECODESIGN] Regulation (EU) 2015/1095 medium-temperature process chiller, -8 C outlet (SEPR at -2/-8 C). Added note 22 Task 10, 2026-09-25 (Task 4)"
chiller_electric_lt0,electricity,-0.3876,fuel_input,bref,medium,"[CIAT_ECODESIGN] minimum SEPR 2.58 from July 2018 for an air-cooled medium-temperature process chiller below 300 kW, Regulation (EU) 2015/1095: 1 / 2.58 = 0.3876 PJ of electricity per PJ of cooling. A regulatory floor, so the unit is the least efficient that may be sold; larger or water-cooled plant is better (3.22 to 4.37). Added note 22 Task 10, 2026-09-25"
chiller_electric_lt0,reject_chiller_condenser,1.3876,reject,proxy,medium,"First-law balance on the unit's own COP: heat rejected = cooling delivered + electricity in. Carrier heat_lt60: condensing heat from a chiller rated at ambient air, below 60 C; 1 + 0.3876. Added note 22 Task 10, 2026-09-25 (Task 4) | source class reject_chiller_condenser (note 23, decided 2026-10-02): the whole condenser heat, coefficient unchanged. No desuperheater is built (no cost per kW was found, note 23), so the desuperheat share is not split off and heat_pump_chiller_condenser draws it all; the practical limit sits in that heat pump's COP, not in this row"
generic_process_elec,electric_service,1,primary_output,comit_reuse,high,"[COMIT_WB_140] sheet technology_input_output, technology_code IFDOTHELC01 (9 of 10 sector copies at -1.0101 PJ electricity per PJ output; INFOTHELC01 at -1.1765)"
generic_process_elec,electricity,-1.0101,fuel_input,comit_reuse,high,"[COMIT_WB_140] sheet technology_input_output, technology_code IFDOTHELC01 (9 of 10 sector copies at -1.0101 PJ electricity per PJ output; INFOTHELC01 at -1.1765)"
kiln_dry_coal,clinker,1,primary_output,proxy,medium,[CARB3_WE_CEMENT] 1.11 coefficient table
kiln_dry_coal,coal,-4.6,fuel_input,proxy,medium,[CARB3_WE_CEMENT] 1.11 coefficient table
kiln_dry_coal,electricity,-0.10871,aux_input,proxy,medium,[CARB3_WE_CEMENT] 1.11 coefficient table
kiln_dry_coal,co2_process,525,emission,proxy,medium,"[CARB3_SPEC_IMPL] 3.6 derivation table (D15 - process CO2 is declared): 525 kt CO2 per Mt of clinker is chemistry, not a scenario assumption | was 0.52500, a Mt-per-Mt reading a thousandfold out against the kt emission nodes A6 derives fuel CO2 onto; restated on the kt-per-Mt basis every other kiln in this table already uses ([CARB3_WE_CEMENT] 1.11 quoted the old figure)"
kiln_dry_gas,clinker,1,primary_output,proxy,medium,[CARB3_WE_CEMENT] 1.11 coefficient table
kiln_dry_gas,natural_gas,-4.6,fuel_input,proxy,medium,[CARB3_WE_CEMENT] 1.11 coefficient table
kiln_dry_gas,electricity,-0.10871,aux_input,proxy,medium,[CARB3_WE_CEMENT] 1.11 coefficient table
kiln_dry_gas,co2_process,525,emission,proxy,medium,"[CARB3_SPEC_IMPL] 3.6 derivation table (D15 - process CO2 is declared): 525 kt CO2 per Mt of clinker is chemistry, not a scenario assumption | was 0.52500, a Mt-per-Mt reading a thousandfold out against the kt emission nodes A6 derives fuel CO2 onto; restated on the kt-per-Mt basis every other kiln in this table already uses ([CARB3_WE_CEMENT] 1.11 quoted the old figure)"
kiln_dry_wdf,clinker,1,primary_output,proxy,medium,[CARB3_WE_CEMENT] 1.11 coefficient table
kiln_dry_wdf,waste_derived_fuel,-4.6,fuel_input,proxy,medium,[CARB3_WE_CEMENT] 1.11 coefficient table
kiln_dry_wdf,electricity,-0.10871,aux_input,proxy,medium,[CARB3_WE_CEMENT] 1.11 coefficient table
kiln_dry_wdf,co2_process,525,emission,proxy,medium,"[CARB3_SPEC_IMPL] 3.6 derivation table (D15 - process CO2 is declared): 525 kt CO2 per Mt of clinker is chemistry, not a scenario assumption | was 0.52500, a Mt-per-Mt reading a thousandfold out against the kt emission nodes A6 derives fuel CO2 onto; restated on the kt-per-Mt basis every other kiln in this table already uses ([CARB3_WE_CEMENT] 1.11 quoted the old figure)"
kiln_dry_oil,clinker,1,primary_output,comit_reuse,medium,"[COMIT_WB_140] sheet technology_input_output, technology_code ICMKLND01"
kiln_dry_oil,heavy_fuel_oil,-4.6,fuel_input,proxy,medium,"[CARB3_WE_CEMENT] 1.11 coefficient table | 'Each kiln unit consumes 4.60000 PJ per Mt clinker ... of its own single fuel'; the same figure as kiln_dry_coal/_gas/_wdf, in place of the 3.83443 the D13 sum of COMIT's ICMKLND01 fuel rows gives"
kiln_dry_oil,electricity,-0.01544,aux_input,comit_reuse,medium,"[COMIT_WB_140] sheet technology_input_output, technology_code ICMKLND01"
kiln_dry_oil,petroleum_products_misc,-0.0167,aux_input,comit_reuse,medium,"[COMIT_WB_140] sheet technology_input_output, technology_code ICMKLND01"
kiln_dry_oil,co2_process,602.53064,emission,comit_reuse,medium,"[COMIT_WB_140] sheet technology_input_output, technology_code ICMKLND01 | declared process CO2 (D15: only co2_process is declared; A6 derives co2_fuel_*)"
kiln_fluidbed_wdf,clinker,1,primary_output,comit_reuse,medium,"[COMIT_WB_140] sheet technology_input_output, technology_code ICMKLNWST02"
kiln_fluidbed_wdf,waste_derived_fuel,-3.84049,fuel_input,comit_reuse,medium,"[COMIT_WB_140] sheet technology_input_output, technology_code ICMKLNWST02"
kiln_fluidbed_wdf,natural_gas,-3.15689,aux_input,comit_reuse,medium,"[COMIT_WB_140] sheet technology_input_output, technology_code ICMKLNWST02"
kiln_fluidbed_wdf,coal,-0.6569,aux_input,comit_reuse,medium,"[COMIT_WB_140] sheet technology_input_output, technology_code ICMKLNWST02"
kiln_fluidbed_wdf,heavy_fuel_oil,-0.1326,aux_input,comit_reuse,medium,"[COMIT_WB_140] sheet technology_input_output, technology_code ICMKLNWST02"
kiln_fluidbed_wdf,light_fuel_oil,-0.03807,aux_input,comit_reuse,medium,"[COMIT_WB_140] sheet technology_input_output, technology_code ICMKLNWST02"
kiln_fluidbed_wdf,organic_waste,-3.84049,aux_input,comit_reuse,medium,"[COMIT_WB_140] sheet technology_input_output, technology_code ICMKLNWST02"
kiln_fluidbed_wdf,electricity,-0.01619,aux_input,comit_reuse,medium,"[COMIT_WB_140] sheet technology_input_output, technology_code ICMKLNWST02"
kiln_fluidbed_wdf,co2_process,616.92145,emission,comit_reuse,medium,"[COMIT_WB_140] sheet technology_input_output, technology_code ICMKLNWST02 | declared process CO2 (D15: only co2_process is declared; A6 derives co2_fuel_*)"
kiln_calcium_looping_coal,clinker,1,primary_output,comit_reuse,medium,"[COMIT_WB_140] sheet technology_input_output, technology_code ICMKLNCLQ01"
kiln_calcium_looping_coal,coal,-1.45973,fuel_input,comit_reuse,medium,"[COMIT_WB_140] sheet technology_input_output, technology_code ICMKLNCLQ01"
kiln_calcium_looping_coal,solid_biomass,-1.845,aux_input,comit_reuse,medium,"[COMIT_WB_140] sheet technology_input_output, technology_code ICMKLNCLQ01"
kiln_calcium_looping_coal,waste_derived_fuel,-1.89457,aux_input,comit_reuse,medium,"[COMIT_WB_140] sheet technology_input_output, technology_code ICMKLNCLQ01"
kiln_calcium_looping_coal,electricity,-0.31544,aux_input,comit_reuse,medium,"[COMIT_WB_140] sheet technology_input_output, technology_code ICMKLNCLQ01"
kiln_calcium_looping_coal,co2_process,602.53064,emission,comit_reuse,medium,"[COMIT_WB_140] sheet technology_input_output, technology_code ICMKLNCLQ01 | declared process CO2 (D15: only co2_process is declared; A6 derives co2_fuel_*)"
ccs_amine,co2_captured,1,primary_output,proxy,medium,[CARB3_WE_CEMENT] 1.11 coefficient table
ccs_amine,co2_process,-557.55,emission_input,proxy,medium,"[CARB3_WE_CEMENT] 8.1 base-year stack: 446.25000 of 800.37258 kt = 0.55755 of the stack | that share x 1000 kt per Mt of co2_captured output, per [CARB3_SPEC_IMPL] 3.6; was -0.55755, a Mt-per-Mt reading. The three emission_input rows still sum to 1000 kt = 1 Mt in per Mt captured, and are still a fixed stack composition rather than per-stream capture rates - see note 20 item 57"
ccs_amine,co2_fuel_fossil,-352.57,emission_input,proxy,medium,"[CARB3_WE_CEMENT] 8.1 base-year stack: 282.18812 of 800.37258 kt = 0.35257 of the stack | that share x 1000 kt per Mt of co2_captured output, per [CARB3_SPEC_IMPL] 3.6; was -0.35257, a Mt-per-Mt reading. The three emission_input rows still sum to 1000 kt = 1 Mt in per Mt captured, and are still a fixed stack composition rather than per-stream capture rates - see note 20 item 57"
ccs_amine,co2_fuel_biogenic,-89.88,emission_input,proxy,medium,"[CARB3_WE_CEMENT] 8.1 base-year stack: 71.93446 of 800.37258 kt = 0.08988 of the stack | that share x 1000 kt per Mt of co2_captured output, per [CARB3_SPEC_IMPL] 3.6; was -0.08988, a Mt-per-Mt reading. The three emission_input rows still sum to 1000 kt = 1 Mt in per Mt captured, and are still a fixed stack composition rather than per-stream capture rates - see note 20 item 57"
ccs_amine,natural_gas,-1.9,fuel_input,proxy,medium,[CARB3_WE_CEMENT] 1.11 coefficient table
ccs_amine,electricity,-0.35,aux_input,proxy,medium,[CARB3_WE_CEMENT] 1.11 coefficient table
grinder_mixer_elec,cement,1,primary_output,proxy,medium,[CARB3_WE_CEMENT] 1.11 coefficient table
grinder_mixer_elec,clinker,-0.752212,aux_input,proxy,medium,[CARB3_WE_CEMENT] 1.11 coefficient table
grinder_mixer_elec,electricity,-0.14124,fuel_input,proxy,medium,[CARB3_WE_CEMENT] 1.11 coefficient table
grinder_mixer_clinker_sub_elec,cement,1,primary_output,comit_reuse,medium,"[COMIT_WB_140] sheet technology_input_output, technology_code ICMGRIMIX02"
grinder_mixer_clinker_sub_elec,electricity,-0.07249,fuel_input,comit_reuse,medium,"[COMIT_WB_140] sheet technology_input_output, technology_code ICMGRIMIX02"
grinder_mixer_clinker_sub_elec,clinker,-0.60059,aux_input,comit_reuse,medium,"[COMIT_WB_140] sheet technology_input_output, technology_code ICMGRIMIX02"
cement_lowcarbon_elec,cement,1,primary_output,comit_reuse,medium,"[COMIT_WB_140] sheet technology_input_output, technology_code ICMLOCARB01"
cement_lowcarbon_elec,electricity,-0.0234,fuel_input,comit_reuse,medium,"[COMIT_WB_140] sheet technology_input_output, technology_code ICMLOCARB01"
cement_lowcarbon_elec,natural_gas,-1.56289,aux_input,comit_reuse,medium,"[COMIT_WB_140] sheet technology_input_output, technology_code ICMLOCARB01"
cement_lowcarbon_elec,coal,-0.78917,aux_input,comit_reuse,medium,"[COMIT_WB_140] sheet technology_input_output, technology_code ICMLOCARB01"
cement_lowcarbon_elec,heavy_fuel_oil,-0.06565,aux_input,comit_reuse,medium,"[COMIT_WB_140] sheet technology_input_output, technology_code ICMLOCARB01"
cement_lowcarbon_elec,light_fuel_oil,-0.27474,aux_input,comit_reuse,medium,"[COMIT_WB_140] sheet technology_input_output, technology_code ICMLOCARB01"
cement_lowcarbon_elec,waste_derived_fuel,-0.50646,aux_input,comit_reuse,medium,"[COMIT_WB_140] sheet technology_input_output, technology_code ICMLOCARB01"
cement_lowcarbon_elec,organic_waste,-1.37862,aux_input,comit_reuse,medium,"[COMIT_WB_140] sheet technology_input_output, technology_code ICMLOCARB01"
cement_lowcarbon_elec,co2_process,97.44332,emission,comit_reuse,medium,"[COMIT_WB_140] sheet technology_input_output, technology_code ICMLOCARB01 | declared process CO2 (D15: only co2_process is declared; A6 derives co2_fuel_*)"
pv_rooftop,electricity,1,primary_output,proxy,medium,[CARB3_WE_CEMENT] 1.11 coefficient table; [CARB3_WE_FOODDRINK] 1.11 coefficient table
pv_ground_mount,electricity,1,primary_output,proxy,medium,"[CARB3_WE_CEMENT] 1.11, the pv_rooftop row: a PV array's only coefficient is its output"
boiler_lt_gas,reject_flue_clean,0.05682,reject,bref,medium,"Source class reject_flue_clean (note 23, decided 2026-10-02). The condensing increment only, 0.05 of fuel energy in. A standard feedwater economiser is taken as already inside the boiler's efficiency ([DOE_WHR2008] appendix table: 75% of US boiler capacity is assumed to have one), so this row carries only what a condensing economiser adds on top. [DOE_STEAM26A] p.1 puts a condensing economiser's gain at 'up to 10%', which includes the feedwater step; [BREF_ENE2009] section 3.2.5 puts that step at 4 to 4.5 points (its example, 80% to 84.5%), leaving about 5.5; taken as 0.05, below the 6 to 8 points of [ACEEE_SCHIFFHAUER2009]'s case study. The heat is recovered below the flue gas water dew point (about 57 C for natural gas, [DOE_STEAM26A] p.1), so no warmer than heat_lt60. The practical limit sits in this row; economiser_flue_condensing draws it at 1.0. 0.05 x -1.13636 = 0.05682 per unit of output, within the unit's losses (note 20 item 70). Replaces a value from [DECC_SURPLUSHEAT2014]'s (48 - 13)/291 = 0.12027, which is rejected non-solid heat as a share of UK industrial energy (section 5, p.24, not section 4.1 as this row once cited), not a recoverable fraction: the report's technical, economic and commercial potentials are 11, 7 and 5 TWh/yr of those 35"
boiler_lt_hydrogen,reject_flue_clean,0.04200,reject,bref,low,"Source class reject_flue_clean (note 23, decided 2026-10-02). GAP: no source read gives a stack temperature or latent share for a hydrogen boiler, so the row carries [DECC_SURPLUSHEAT2014]'s technical recoverable share of industrial energy, 11/291 = 0.037801 of fuel energy in (section 5, p.24, Figure 5: 'a technical potential of 11 TWh/yr of industrial waste heat can be technically recovered and re-used') rather than the gas boilers' condensing increment of 0.05 of fuel: 0.037801 x -1.11111 = 0.04200 per unit of output, within the unit's losses of 0.11111. Hydrogen flue gas carries more latent heat than methane's, so the increment is probably above 0.05 and this row probably low. Replaces 0.11111, the unit's whole losses, to which 0.12027 x fuel energy in had been capped (note 20 item 70); (48 - 13)/291 is rejected non-solid heat as a share of UK industrial energy, not a recoverable fraction (note 20 item 75, decided 2026-10-02)"
boiler_lt_biomass,reject_flue_solid_liquid,0.04494,reject,bref,low,"Source class reject_flue_solid_liquid (note 23, decided 2026-10-02). 0.04 of fuel energy in, the sensible economiser's share. CONFIDENCE LOW, gap: the increment beyond a standard economiser is unsourced; biomass flue-gas condensation exists but no source was verified (note 23 section 10, decided 2026-10-02). [BREF_ENE2009] section 3.2.5: an economiser raises efficiency by about 4%, and the flue cannot be cooled below its acid dew point (160 C heavy fuel oil, 130 C light fuel oil, 110 C solid waste); [DOE_STEAM3_2012] p.2 puts the lowest stack at 300 F (149 C) for coal and low-sulphur oil, so cooling a 180 C stack ([BREF_ENE2009]) to that floor recovers 1.4 to 6.3% by its 1% per 40 F rule. CONFIDENCE LOW: no dew point was found for coal or clean biomass. No recovery unit draws this class, for want of a cost for a fouling-resistant economiser, so the heat is disposed of. 0.04 x -1.1236 = 0.04494 per unit of output. Replaces a value from [DECC_SURPLUSHEAT2014]'s (48 - 13)/291 = 0.12027, which is rejected non-solid heat as a share of UK industrial energy (section 5, p.24, not section 4.1 as this row once cited), not a recoverable fraction: the report's technical, economic and commercial potentials are 11, 7 and 5 TWh/yr of those 35"
boiler_lt_lpg,reject_flue_clean,0.05435,reject,bref,low,"Source class reject_flue_clean (note 23, decided 2026-10-02). The condensing increment only, 0.05 of fuel energy in. A standard feedwater economiser is taken as already inside the boiler's efficiency ([DOE_WHR2008] appendix table: 75% of US boiler capacity is assumed to have one), so this row carries only what a condensing economiser adds on top. [DOE_STEAM26A] p.1 puts a condensing economiser's gain at 'up to 10%', which includes the feedwater step; [BREF_ENE2009] section 3.2.5 puts that step at 4 to 4.5 points (its example, 80% to 84.5%), leaving about 5.5; taken as 0.05, below the 6 to 8 points of [ACEEE_SCHIFFHAUER2009]'s case study. The heat is recovered below the flue gas water dew point (about 57 C for natural gas, [DOE_STEAM26A] p.1), so no warmer than heat_lt60. The practical limit sits in this row; economiser_flue_condensing draws it at 1.0. The [DOE_STEAM26A] figures are for natural gas; LPG flue gas carries less latent heat per unit of fuel, so 0.05 is if anything high. 0.05 x -1.08696 = 0.05435 per unit of output, within the unit's losses (note 20 item 70). Replaces a value from [DECC_SURPLUSHEAT2014]'s (48 - 13)/291 = 0.12027, which is rejected non-solid heat as a share of UK industrial energy (section 5, p.24, not section 4.1 as this row once cited), not a recoverable fraction: the report's technical, economic and commercial potentials are 11, 7 and 5 TWh/yr of those 35"
boiler_lt_biomethane,reject_flue_clean,0.05435,reject,bref,medium,"Source class reject_flue_clean (note 23, decided 2026-10-02). The condensing increment only, 0.05 of fuel energy in. A standard feedwater economiser is taken as already inside the boiler's efficiency ([DOE_WHR2008] appendix table: 75% of US boiler capacity is assumed to have one), so this row carries only what a condensing economiser adds on top. [DOE_STEAM26A] p.1 puts a condensing economiser's gain at 'up to 10%', which includes the feedwater step; [BREF_ENE2009] section 3.2.5 puts that step at 4 to 4.5 points (its example, 80% to 84.5%), leaving about 5.5; taken as 0.05, below the 6 to 8 points of [ACEEE_SCHIFFHAUER2009]'s case study. The heat is recovered below the flue gas water dew point (about 57 C for natural gas, [DOE_STEAM26A] p.1), so no warmer than heat_lt60. The practical limit sits in this row; economiser_flue_condensing draws it at 1.0. Biomethane is methane, so the natural gas figures apply. 0.05 x -1.08696 = 0.05435 per unit of output, within the unit's losses (note 20 item 70). Replaces a value from [DECC_SURPLUSHEAT2014]'s (48 - 13)/291 = 0.12027, which is rejected non-solid heat as a share of UK industrial energy (section 5, p.24, not section 4.1 as this row once cited), not a recoverable fraction: the report's technical, economic and commercial potentials are 11, 7 and 5 TWh/yr of those 35"
furnace_ht_hydrogen,heat_lt60,0.06300,reject,bref,low,"[DECC_SURPLUSHEAT2014] The potential for recovering and using surplus heat from industry (Element Energy, Ecofys, Imperial College London for DECC, March 2014), section 5, p.24 and Figure 5: of 48 TWh/yr of industrial heat rejected as concentrated sources, 13 TWh/yr in hot solids is excluded, and 'a technical potential of 11 TWh/yr of industrial waste heat can be technically recovered and re-used', against ca. 291 TWh/yr of UK industrial energy use. Technical recoverable share 11/291 = 0.037801 of fuel energy in, so 0.037801 x -1.66667 = 0.06300 per unit of output, within the unit's losses. The technical potential, not the economic (7 TWh/yr) or commercial (5 TWh/yr) one, because the LP prices recovery through each recovery unit's capex, so an economic screen would count cost twice. Replaces 0.12027 = (48 - 13)/291, which is rejected non-solid heat as a share of industrial energy, not a recoverable fraction (note 20 item 75, decided 2026-10-02). Banded on heat_lt60: the study's low source band is ambient-250 C (31 of 48 TWh/yr) and its sinks concentrate at 0-150 C. CONFIDENCE LOW: one whole-of-industry fraction applied to every process-exhaust unit; no per-duty-family or per-node figure was found, and per-class fractions for these rows wait for note 23 phase 2"
chp_gas_turbine,reject_engine_exhaust,0.15555,reject,bref,low,"Source class reject_engine_exhaust (note 23, decided 2026-10-02). 0.07 of fuel energy in, the exhaust left after the CHP's own heat recovery. [EPA_CHP_CT] Table 3-2: HRSG exhaust 300 to 336 F (149 to 169 C) on five systems; cooling it to 212 F (100 C) at an assumed exhaust specific heat of 0.25 Btu/lb F gives 0.055 to 0.099 of fuel input, median 0.073, taken as 0.07. CONFIDENCE LOW: the specific heat is assumed and the heating-value basis is unstated. 0.07 x -2.2222 = 0.15555 per unit of output. Replaces a value from [DECC_SURPLUSHEAT2014]'s (48 - 13)/291 = 0.12027, which is rejected non-solid heat as a share of UK industrial energy (section 5, p.24, not section 4.1 as this row once cited), not a recoverable fraction: the report's technical, economic and commercial potentials are 11, 7 and 5 TWh/yr of those 35"
chp_gas_ccgt,reject_engine_exhaust,0.11910,reject,bref,low,"Source class reject_engine_exhaust (note 23, decided 2026-10-02). GAP: no source gives the exhaust left after a combined cycle's bottoming steam cycle, which is cooler than a simple-cycle gas turbine's (0.07 of fuel, [EPA_CHP_CT] Table 3-2), so the row carries [DECC_SURPLUSHEAT2014]'s technical recoverable share of industrial energy, 11/291 = 0.037801 of fuel energy in (section 5, p.24, Figure 5: 'a technical potential of 11 TWh/yr of industrial waste heat can be technically recovered and re-used'), as the process-exhaust rows do: 0.037801 x -3.15068 = 0.11910 per unit of output. Replaces 0.12027 x fuel energy in: (48 - 13)/291 is rejected non-solid heat as a share of UK industrial energy, not a recoverable fraction (note 20 item 75, decided 2026-10-02)"
chp_hydrogen_ccgt,reject_engine_exhaust,0.08694,reject,bref,low,"Source class reject_engine_exhaust (note 23, decided 2026-10-02). GAP: no source gives the exhaust left after a combined cycle's bottoming steam cycle, which is cooler than a simple-cycle gas turbine's (0.07 of fuel, [EPA_CHP_CT] Table 3-2), so the row carries [DECC_SURPLUSHEAT2014]'s technical recoverable share of industrial energy, 11/291 = 0.037801 of fuel energy in (section 5, p.24, Figure 5: 'a technical potential of 11 TWh/yr of industrial waste heat can be technically recovered and re-used'), as the process-exhaust rows do: 0.037801 x -2.3 = 0.08694 per unit of output. Replaces 0.12027 x fuel energy in: (48 - 13)/291 is rejected non-solid heat as a share of UK industrial energy, not a recoverable fraction (note 20 item 75, decided 2026-10-02)"
chp_hydrogen_fuelcell,reject_engine_exhaust,0.09450,reject,bref,low,"Source class reject_engine_exhaust (note 23, decided 2026-10-02). GAP: a fuel cell rejects stack cooling water below 200 F (93 C) rather than exhaust ([EPA_CHP_FC] section 6.2), and no source gives what is left after its own heat recovery; [EPA_CHP_FC] Table 6-3 bounds it at 1 minus total CHP efficiency, 14 to 26% of fuel. Set at [DECC_SURPLUSHEAT2014]'s technical recoverable share of industrial energy, 11/291 = 0.037801 of fuel energy in (section 5, p.24, Figure 5: 'a technical potential of 11 TWh/yr of industrial waste heat can be technically recovered and re-used'), inside that bound: 0.037801 x -2.5 = 0.09450 per unit of output. Replaces 0.12027 x fuel energy in: (48 - 13)/291 is rejected non-solid heat as a share of UK industrial energy, not a recoverable fraction (note 20 item 75, decided 2026-10-02)"
chp_biomass_st,reject_flue_solid_liquid,0.05500,reject,bref,low,"Source class reject_flue_solid_liquid (note 23, decided 2026-10-02). 0.04 of fuel energy in, the sensible economiser's share. CONFIDENCE LOW, gap: the increment beyond a standard economiser is unsourced; biomass flue-gas condensation exists but no source was verified (note 23 section 10, decided 2026-10-02). [BREF_ENE2009] section 3.2.5: an economiser raises efficiency by about 4%, and the flue cannot be cooled below its acid dew point (160 C heavy fuel oil, 130 C light fuel oil, 110 C solid waste); [DOE_STEAM3_2012] p.2 puts the lowest stack at 300 F (149 C) for coal and low-sulphur oil, so cooling a 180 C stack ([BREF_ENE2009]) to that floor recovers 1.4 to 6.3% by its 1% per 40 F rule. CONFIDENCE LOW: no dew point was found for coal or clean biomass. No recovery unit draws this class, for want of a cost for a fouling-resistant economiser, so the heat is disposed of. Applied to the steam-turbine CHP's boiler island, the same flue physics; no CHP-specific source was found. 0.04 x -1.375 = 0.05500 per unit of output. Replaces a value from [DECC_SURPLUSHEAT2014]'s (48 - 13)/291 = 0.12027, which is rejected non-solid heat as a share of UK industrial energy (section 5, p.24, not section 4.1 as this row once cited), not a recoverable fraction: the report's technical, economic and commercial potentials are 11, 7 and 5 TWh/yr of those 35"
chp_lpg_ccgt,reject_engine_exhaust,0.11910,reject,bref,low,"Source class reject_engine_exhaust (note 23, decided 2026-10-02). GAP: no source gives the exhaust left after a combined cycle's bottoming steam cycle, which is cooler than a simple-cycle gas turbine's (0.07 of fuel, [EPA_CHP_CT] Table 3-2), so the row carries [DECC_SURPLUSHEAT2014]'s technical recoverable share of industrial energy, 11/291 = 0.037801 of fuel energy in (section 5, p.24, Figure 5: 'a technical potential of 11 TWh/yr of industrial waste heat can be technically recovered and re-used'), as the process-exhaust rows do: 0.037801 x -3.15068 = 0.11910 per unit of output. Replaces 0.12027 x fuel energy in: (48 - 13)/291 is rejected non-solid heat as a share of UK industrial energy, not a recoverable fraction (note 20 item 75, decided 2026-10-02)"
chp_biomethane_ccgt,reject_engine_exhaust,0.11910,reject,bref,low,"Source class reject_engine_exhaust (note 23, decided 2026-10-02). GAP: no source gives the exhaust left after a combined cycle's bottoming steam cycle, which is cooler than a simple-cycle gas turbine's (0.07 of fuel, [EPA_CHP_CT] Table 3-2), so the row carries [DECC_SURPLUSHEAT2014]'s technical recoverable share of industrial energy, 11/291 = 0.037801 of fuel energy in (section 5, p.24, Figure 5: 'a technical potential of 11 TWh/yr of industrial waste heat can be technically recovered and re-used'), as the process-exhaust rows do: 0.037801 x -3.15068 = 0.11910 per unit of output. Replaces 0.12027 x fuel energy in: (48 - 13)/291 is rejected non-solid heat as a share of UK industrial energy, not a recoverable fraction (note 20 item 75, decided 2026-10-02)"
chp_bfg_gas_turbine,reject_engine_exhaust,0.17000,reject,bref,low,"Source class reject_engine_exhaust (note 23, decided 2026-10-02). 0.07 of fuel energy in, the exhaust left after the CHP's own heat recovery. [EPA_CHP_CT] Table 3-2: HRSG exhaust 300 to 336 F (149 to 169 C) on five systems; cooling it to 212 F (100 C) at an assumed exhaust specific heat of 0.25 Btu/lb F gives 0.055 to 0.099 of fuel input, median 0.073, taken as 0.07. CONFIDENCE LOW: the specific heat is assumed and the heating-value basis is unstated. A gas turbine on blast furnace gas: the [EPA_CHP_CT] natural gas figure is applied. 0.07 x -2.42857 = 0.17000 per unit of output. Replaces a value from [DECC_SURPLUSHEAT2014]'s (48 - 13)/291 = 0.12027, which is rejected non-solid heat as a share of UK industrial energy (section 5, p.24, not section 4.1 as this row once cited), not a recoverable fraction: the report's technical, economic and commercial potentials are 11, 7 and 5 TWh/yr of those 35"
chp_cog_gas_turbine,reject_engine_exhaust,0.17000,reject,bref,low,"Source class reject_engine_exhaust (note 23, decided 2026-10-02). 0.07 of fuel energy in, the exhaust left after the CHP's own heat recovery. [EPA_CHP_CT] Table 3-2: HRSG exhaust 300 to 336 F (149 to 169 C) on five systems; cooling it to 212 F (100 C) at an assumed exhaust specific heat of 0.25 Btu/lb F gives 0.055 to 0.099 of fuel input, median 0.073, taken as 0.07. CONFIDENCE LOW: the specific heat is assumed and the heating-value basis is unstated. A gas turbine on coke oven gas: the [EPA_CHP_CT] natural gas figure is applied. 0.07 x -2.42857 = 0.17000 per unit of output. Replaces a value from [DECC_SURPLUSHEAT2014]'s (48 - 13)/291 = 0.12027, which is rejected non-solid heat as a share of UK industrial energy (section 5, p.24, not section 4.1 as this row once cited), not a recoverable fraction: the report's technical, economic and commercial potentials are 11, 7 and 5 TWh/yr of those 35"
chp_byproduct_ccgt,reject_engine_exhaust,0.11910,reject,bref,low,"Source class reject_engine_exhaust (note 23, decided 2026-10-02). GAP: no source gives the exhaust left after a combined cycle's bottoming steam cycle, which is cooler than a simple-cycle gas turbine's (0.07 of fuel, [EPA_CHP_CT] Table 3-2), so the row carries [DECC_SURPLUSHEAT2014]'s technical recoverable share of industrial energy, 11/291 = 0.037801 of fuel energy in (section 5, p.24, Figure 5: 'a technical potential of 11 TWh/yr of industrial waste heat can be technically recovered and re-used'), as the process-exhaust rows do: 0.037801 x -3.15068 = 0.11910 per unit of output. Replaces 0.12027 x fuel energy in: (48 - 13)/291 is rejected non-solid heat as a share of UK industrial energy, not a recoverable fraction (note 20 item 75, decided 2026-10-02)"
dryer_direct_hydrogen,reject_dryer_exhaust,0.08696,reject,bref,low,"Source class reject_dryer_exhaust (note 23, decided 2026-10-02). 0.20 of fuel energy in, capped at the unit's losses. [ATKINS_ATE2011] sections 2 to 4: a milk powder spray dryer's exhaust leaves the baghouse at 75 C, and a run-around loop at 70% effectiveness raises the 25 to 200 C inlet air by 35 C, so 35/175 = 0.20 of the air heater's duty, already net of the exchanger's effectiveness; one case study, and no source was found for direct-fired dryers other than milk spray dryers. No recovery unit draws this class, for want of a directly stated capex, so the heat is disposed of. 0.20 x -1.08696 = 0.21739 exceeds the unit's losses, 0.08696 (note 20 item 70), so the row is kept at them. Was the same value, there capped from [DECC_SURPLUSHEAT2014]'s (48 - 13)/291 = 0.12027, which is rejected non-solid heat as a share of UK industrial energy (section 5, p.24, not section 4.1 as this row once cited), not a recoverable fraction: the report's technical, economic and commercial potentials are 11, 7 and 5 TWh/yr of those 35"
dryer_direct_biomass,reject_dryer_exhaust,0.12360,reject,bref,low,"Source class reject_dryer_exhaust (note 23, decided 2026-10-02). 0.20 of fuel energy in, capped at the unit's losses. [ATKINS_ATE2011] sections 2 to 4: a milk powder spray dryer's exhaust leaves the baghouse at 75 C, and a run-around loop at 70% effectiveness raises the 25 to 200 C inlet air by 35 C, so 35/175 = 0.20 of the air heater's duty, already net of the exchanger's effectiveness; one case study, and no source was found for direct-fired dryers other than milk spray dryers. No recovery unit draws this class, for want of a directly stated capex, so the heat is disposed of. 0.20 x -1.1236 = 0.22472 exceeds the unit's losses, 0.12360 (note 20 item 70), so the row is kept at them. Was the same value, there capped from [DECC_SURPLUSHEAT2014]'s (48 - 13)/291 = 0.12027, which is rejected non-solid heat as a share of UK industrial energy (section 5, p.24, not section 4.1 as this row once cited), not a recoverable fraction: the report's technical, economic and commercial potentials are 11, 7 and 5 TWh/yr of those 35"
dryer_direct_coal,reject_dryer_exhaust,0.12360,reject,bref,low,"Source class reject_dryer_exhaust (note 23, decided 2026-10-02). 0.20 of fuel energy in, capped at the unit's losses. [ATKINS_ATE2011] sections 2 to 4: a milk powder spray dryer's exhaust leaves the baghouse at 75 C, and a run-around loop at 70% effectiveness raises the 25 to 200 C inlet air by 35 C, so 35/175 = 0.20 of the air heater's duty, already net of the exchanger's effectiveness; one case study, and no source was found for direct-fired dryers other than milk spray dryers. No recovery unit draws this class, for want of a directly stated capex, so the heat is disposed of. 0.20 x -1.1236 = 0.22472 exceeds the unit's losses, 0.12360 (note 20 item 70), so the row is kept at them. Was the same value, there capped from [DECC_SURPLUSHEAT2014]'s (48 - 13)/291 = 0.12027, which is rejected non-solid heat as a share of UK industrial energy (section 5, p.24, not section 4.1 as this row once cited), not a recoverable fraction: the report's technical, economic and commercial potentials are 11, 7 and 5 TWh/yr of those 35"
dryer_direct_lpg,reject_dryer_exhaust,0.08696,reject,bref,low,"Source class reject_dryer_exhaust (note 23, decided 2026-10-02). 0.20 of fuel energy in, capped at the unit's losses. [ATKINS_ATE2011] sections 2 to 4: a milk powder spray dryer's exhaust leaves the baghouse at 75 C, and a run-around loop at 70% effectiveness raises the 25 to 200 C inlet air by 35 C, so 35/175 = 0.20 of the air heater's duty, already net of the exchanger's effectiveness; one case study, and no source was found for direct-fired dryers other than milk spray dryers. No recovery unit draws this class, for want of a directly stated capex, so the heat is disposed of. 0.20 x -1.08696 = 0.21739 exceeds the unit's losses, 0.08696 (note 20 item 70), so the row is kept at them. Was the same value, there capped from [DECC_SURPLUSHEAT2014]'s (48 - 13)/291 = 0.12027, which is rejected non-solid heat as a share of UK industrial energy (section 5, p.24, not section 4.1 as this row once cited), not a recoverable fraction: the report's technical, economic and commercial potentials are 11, 7 and 5 TWh/yr of those 35"
kiln_dry_coal,heat_lt60,0.17388,reject,bref,low,"[DECC_SURPLUSHEAT2014] The potential for recovering and using surplus heat from industry (Element Energy, Ecofys, Imperial College London for DECC, March 2014), section 5, p.24 and Figure 5: of 48 TWh/yr of industrial heat rejected as concentrated sources, 13 TWh/yr in hot solids is excluded, and 'a technical potential of 11 TWh/yr of industrial waste heat can be technically recovered and re-used', against ca. 291 TWh/yr of UK industrial energy use. Technical recoverable share 11/291 = 0.037801 of fuel energy in, so 0.037801 x -4.6 = 0.17388 per unit of output, within the unit's losses. The technical potential, not the economic (7 TWh/yr) or commercial (5 TWh/yr) one, because the LP prices recovery through each recovery unit's capex, so an economic screen would count cost twice. Replaces 0.12027 = (48 - 13)/291, which is rejected non-solid heat as a share of industrial energy, not a recoverable fraction (note 20 item 75, decided 2026-10-02). Banded on heat_lt60: the study's low source band is ambient-250 C (31 of 48 TWh/yr) and its sinks concentrate at 0-150 C. CONFIDENCE LOW: one whole-of-industry fraction applied to every process-exhaust unit; no per-duty-family or per-node figure was found, and per-class fractions for these rows wait for note 23 phase 2"
kiln_dry_gas,heat_lt60,0.17388,reject,bref,low,"[DECC_SURPLUSHEAT2014] The potential for recovering and using surplus heat from industry (Element Energy, Ecofys, Imperial College London for DECC, March 2014), section 5, p.24 and Figure 5: of 48 TWh/yr of industrial heat rejected as concentrated sources, 13 TWh/yr in hot solids is excluded, and 'a technical potential of 11 TWh/yr of industrial waste heat can be technically recovered and re-used', against ca. 291 TWh/yr of UK industrial energy use. Technical recoverable share 11/291 = 0.037801 of fuel energy in, so 0.037801 x -4.6 = 0.17388 per unit of output, within the unit's losses. The technical potential, not the economic (7 TWh/yr) or commercial (5 TWh/yr) one, because the LP prices recovery through each recovery unit's capex, so an economic screen would count cost twice. Replaces 0.12027 = (48 - 13)/291, which is rejected non-solid heat as a share of industrial energy, not a recoverable fraction (note 20 item 75, decided 2026-10-02). Banded on heat_lt60: the study's low source band is ambient-250 C (31 of 48 TWh/yr) and its sinks concentrate at 0-150 C. CONFIDENCE LOW: one whole-of-industry fraction applied to every process-exhaust unit; no per-duty-family or per-node figure was found, and per-class fractions for these rows wait for note 23 phase 2"
kiln_dry_wdf,heat_lt60,0.17388,reject,bref,low,"[DECC_SURPLUSHEAT2014] The potential for recovering and using surplus heat from industry (Element Energy, Ecofys, Imperial College London for DECC, March 2014), section 5, p.24 and Figure 5: of 48 TWh/yr of industrial heat rejected as concentrated sources, 13 TWh/yr in hot solids is excluded, and 'a technical potential of 11 TWh/yr of industrial waste heat can be technically recovered and re-used', against ca. 291 TWh/yr of UK industrial energy use. Technical recoverable share 11/291 = 0.037801 of fuel energy in, so 0.037801 x -4.6 = 0.17388 per unit of output, within the unit's losses. The technical potential, not the economic (7 TWh/yr) or commercial (5 TWh/yr) one, because the LP prices recovery through each recovery unit's capex, so an economic screen would count cost twice. Replaces 0.12027 = (48 - 13)/291, which is rejected non-solid heat as a share of industrial energy, not a recoverable fraction (note 20 item 75, decided 2026-10-02). Banded on heat_lt60: the study's low source band is ambient-250 C (31 of 48 TWh/yr) and its sinks concentrate at 0-150 C. CONFIDENCE LOW: one whole-of-industry fraction applied to every process-exhaust unit; no per-duty-family or per-node figure was found, and per-class fractions for these rows wait for note 23 phase 2"
kiln_dry_oil,heat_lt60,0.17388,reject,bref,low,"[DECC_SURPLUSHEAT2014] The potential for recovering and using surplus heat from industry (Element Energy, Ecofys, Imperial College London for DECC, March 2014), section 5, p.24 and Figure 5: of 48 TWh/yr of industrial heat rejected as concentrated sources, 13 TWh/yr in hot solids is excluded, and 'a technical potential of 11 TWh/yr of industrial waste heat can be technically recovered and re-used', against ca. 291 TWh/yr of UK industrial energy use. Technical recoverable share 11/291 = 0.037801 of fuel energy in, so 0.037801 x -4.6 = 0.17388 per unit of output, within the unit's losses. The technical potential, not the economic (7 TWh/yr) or commercial (5 TWh/yr) one, because the LP prices recovery through each recovery unit's capex, so an economic screen would count cost twice. Replaces 0.12027 = (48 - 13)/291, which is rejected non-solid heat as a share of industrial energy, not a recoverable fraction (note 20 item 75, decided 2026-10-02). Banded on heat_lt60: the study's low source band is ambient-250 C (31 of 48 TWh/yr) and its sinks concentrate at 0-150 C. CONFIDENCE LOW: one whole-of-industry fraction applied to every process-exhaust unit; no per-duty-family or per-node figure was found, and per-class fractions for these rows wait for note 23 phase 2"
kiln_fluidbed_wdf,heat_lt60,0.14517,reject,bref,low,"[DECC_SURPLUSHEAT2014] The potential for recovering and using surplus heat from industry (Element Energy, Ecofys, Imperial College London for DECC, March 2014), section 5, p.24 and Figure 5: of 48 TWh/yr of industrial heat rejected as concentrated sources, 13 TWh/yr in hot solids is excluded, and 'a technical potential of 11 TWh/yr of industrial waste heat can be technically recovered and re-used', against ca. 291 TWh/yr of UK industrial energy use. Technical recoverable share 11/291 = 0.037801 of fuel energy in, so 0.037801 x -3.84049 = 0.14517 per unit of output, within the unit's losses. The technical potential, not the economic (7 TWh/yr) or commercial (5 TWh/yr) one, because the LP prices recovery through each recovery unit's capex, so an economic screen would count cost twice. Replaces 0.12027 = (48 - 13)/291, which is rejected non-solid heat as a share of industrial energy, not a recoverable fraction (note 20 item 75, decided 2026-10-02). Banded on heat_lt60: the study's low source band is ambient-250 C (31 of 48 TWh/yr) and its sinks concentrate at 0-150 C. CONFIDENCE LOW: one whole-of-industry fraction applied to every process-exhaust unit; no per-duty-family or per-node figure was found, and per-class fractions for these rows wait for note 23 phase 2"
kiln_calcium_looping_coal,heat_lt60,0.05518,reject,bref,low,"[DECC_SURPLUSHEAT2014] The potential for recovering and using surplus heat from industry (Element Energy, Ecofys, Imperial College London for DECC, March 2014), section 5, p.24 and Figure 5: of 48 TWh/yr of industrial heat rejected as concentrated sources, 13 TWh/yr in hot solids is excluded, and 'a technical potential of 11 TWh/yr of industrial waste heat can be technically recovered and re-used', against ca. 291 TWh/yr of UK industrial energy use. Technical recoverable share 11/291 = 0.037801 of fuel energy in, so 0.037801 x -1.45973 = 0.05518 per unit of output, within the unit's losses. The technical potential, not the economic (7 TWh/yr) or commercial (5 TWh/yr) one, because the LP prices recovery through each recovery unit's capex, so an economic screen would count cost twice. Replaces 0.12027 = (48 - 13)/291, which is rejected non-solid heat as a share of industrial energy, not a recoverable fraction (note 20 item 75, decided 2026-10-02). Banded on heat_lt60: the study's low source band is ambient-250 C (31 of 48 TWh/yr) and its sinks concentrate at 0-150 C. CONFIDENCE LOW: one whole-of-industry fraction applied to every process-exhaust unit; no per-duty-family or per-node figure was found, and per-class fractions for these rows wait for note 23 phase 2"
economiser_flue_condensing,heat_lt60,1,primary_output,bref,medium,"Per unit of heat recovered: a heat exchanger's output is the heat it recovers. Delivered below about 57 C, the flue gas water dew point for natural gas ([DOE_STEAM26A] p.1), since the condensing increment is released only below it"
economiser_flue_condensing,reject_flue_clean,-1,aux_input,bref,medium,"Draws its source class at 1.0: the practical limit, the condensing increment of 0.05 of fuel, sits in the boilers' reject rows ([DOE_STEAM26A] Table 1 efficiencies are net of the exchanger's effectiveness), never in both places (note 23). Pump and fan electricity: GAP, no sourced figure"
recovery_engine_exhaust,heat_60_100,1,primary_output,bref,low,"Per unit of heat recovered. Hot water: [EPA_CHP_RICE] section 2.4, engine heat recovery makes 190 to 230 F (88 to 110 C) water, and most exhaust recovery units leave the exhaust at 250 to 350 F"
recovery_engine_exhaust,reject_engine_exhaust,-1,aux_input,bref,low,"Draws its source class at 1.0: the practical limit (the exhaust outlet floor) sits in the engines' and CHPs' reject rows, never in both places (note 23). Pump electricity: GAP, no sourced figure"
heat_pump_chiller_condenser,heat_60_100,1,primary_output,bref,medium,"[DEA_IPH_2026] sheet '1.1 Traditional heat pump': heat source 30/20 C excess heat or process cooling, the chiller condenser case; COP 3.95 for a 60 K lift to 80 C (rows 30 and 31)"
heat_pump_chiller_condenser,electricity,-0.2532,fuel_input,bref,medium,"1/COP = 1/3.95 = 0.2532. [DEA_IPH_2026] sheet '1.1', row 31: net efficiency 3.95 at nominal load for a 60 K lift to 80 C, auxiliary electricity included (row 9), so it is not added again. Conservative: 30 C to 80 C is a 50 K lift, where DEA gives 4.52"
heat_pump_chiller_condenser,reject_chiller_condenser,-0.7468,aux_input,bref,medium,"1 - 1/COP = 1 - 1/3.95 = 0.7468: energy balance with no loss, the construction of heat_pump_lt_reject (0.3125 + 0.6875 = 1). The practical limit of the condenser class sits here, in the lift, since the chillers' reject rows carry the whole condenser heat"
