option_id,option_name,option_class,displaces,duty,trl,trl_basis,key_constraints,uk_status,scope,provenance,confidence
abattoir_byproduct_ad,Anaerobic digestion of slaughterhouse by-products and paunch waste,bioenergy,gas,"Biogas from blood, gut contents, sludges and low-risk ABP fractions to fuel site boilers/CHP",,No formal TRL; peer-reviewed studies of slaughterhouse by-product AD and operating plants in Europe; AHDB guidance for livestock waste AD,Animal by-product regulations (pasteurisation/Cat 2-3 handling); ammonia inhibition of digesters; feedstock competes with rendering,"Commercial technology; UK deployment site-specific, often via off-site AD/rendering rather than on-site plants",sector_specific,[SD_SLAUGHTER_AD] Peer-reviewed work on AD of slaughterhouse by-products; AHDB AD guidance,medium
ad_chp_heat_integration,Full use of biogas CHP jacket/exhaust heat for digester heating and pasteurisation,efficiency_heat_recovery,natural_gas; heating_oil,"Parasitic heat loads (digester ~40C, pasteurisation ~70C) met from own CHP heat",9,Standard practice at UK AD plants; ADBA documents CHP heat use incl. 50-70C digestate evaporation at Barkip,Only applies where CHP retained; heat availability varies with engine load; competes with heat export revenue,Widely deployed; ADBA estimates 135MWth of CHP heat still wasted UK-wide,sector_specific,[REF_ADBA_HEAT] ADBA sector guidance on using biogas CHP heat,high
ad_heat_pump_digester_heating,Heat pumps for digester heating and pasteurisation (freeing biogas for upgrading),electrification,biogas; natural_gas,Electric heat pumps supply 40-70C digester/pasteuriser heat instead of burning biogas,,"No published TRL located; techno-economic/modelling assessment stage for this duty (Bioresource Technology, 2022); component heat pumps are TRL 9","Low-grade heat source needed for good COP (digestate, effluent); interacts with upgrading economics; grid capacity",Studied; not standard practice at UK AD sites,sector_specific,[REF_BITE22] Peer-reviewed assessment of AD + heat pump integration,medium
air_to_air_hp_warm_air,High-temperature air-to-air heat pumps replacing gas warm-air heaters,electrification,gas,Direct replacement of gas-fired warm-air unit heaters in high-bay workshops and warehouses with air-to-air heat pump units (no wet distribution system),9,Air-to-air heat pump / VRF equipment is fully commercial worldwide; DESNZ/ERM rates heat pumps generally TRL 7-9,Discharge air temperature lower than gas warm-air heaters so more units/airflow needed; high-bay mounting and stratification management; refrigerant charge (F-gas) limits on large splits; electrical capacity,Commercial products available; less common than air-to-water in UK industrial retrofit practice,sector_specific,[REF_UKBCH_ASHP] UK Business Climate Hub covers air-source heat pumps including air-to-air units for business buildings,medium
alkali_activated_binder,Alkali-activated / geopolymer cement-free binders (e.g. Cemfree),process_change,process_co2; kiln_fuel,Replace Portland cement entirely with alkali-activated GGBS/PFA binder systems,,No numeric TRL located; reviews describe industrially available production technologies; niche commercial UK use,Activator cost/supply; reliance on constrained GGBS/PFA; no harmonised EN design standard (PAS 8820 route); durability track record; supplier fragility (Cemfree parent DB Group entered administration 2024),"Niche commercial: Cemfree used by Network Rail, Environment Agency and others",sector_specific,[R_AAM] Heliyon 2023 review of alkali-activated cement production technologies; ICE Network Rail Cemfree case (R_CEMFREE),medium
ammonia_industrial_fuel,Ammonia as a direct combustion fuel for industry,hydrogen,gas; coal; oil,Boiler/furnace fuel or co-firing; hydrogen carrier for sites without pipeline H2,,"No published numeric TRL for industrial process heat located. Alnajideen et al. (2024, Carbon Neutrality) review notes barriers 'to overcome before reaching full commercial maturity' (NOx, flame stability, materials); single-fuel burner tests reported by OEMs (e.g. MHI, 2023)","N2O/NOx and ammonia slip; low flame speed needs burner redesign; toxicity, storage and permitting; ammonia supply chain; energy penalty vs direct H2",None for process heat; research stage,cross_cutting,"[ALNAJIDEEN2024] Review-wide maturity statements; no TRL assigned by source, hence null",low
ashp_space_heating_industrial,Air-source heat pump space heating for industrial buildings,electrification,gas,"Space heating of factories, workshops and depots via air-to-water heat pumps serving AHU coils, fan convectors or radiant panels",9,"Mature mass-market technology; DESNZ/ERM 'Future Opportunities for Electrification' rates industrial heat pumps TRL 7-9, with sub-100C space-heat duties at the top of the range",Electrical supply capacity; external plant space; lower flow temperatures require larger emitters or AHU coil changes; poor building fabric inflates capacity and cost; COP falls at design outdoor conditions,Commercial; active UK supplier base and government-backed SME guidance (UK Business Climate Hub); uptake limited by capex and electricity/gas price ratio,sector_specific,[REF_UKBCH_ASHP] UK Business Climate Hub guidance on ASHPs for business premises,high
battery_electric_nrmm,Battery-electric mobile plant / non-road mobile machinery,mobile_plant,oil,"Motive power for forklifts, loaders, excavators, telehandlers, yard vehicles; best for low/medium-power duty cycles",,"ERM techno-economic feasibility study for DESNZ (2023) holds TRLs in Appendix 9.8 (not extractable in this review) and rates battery electric 'commercially available' for multiple archetypes; DESNZ CfE summary (2025) records respondents arguing 'electric machinery should be higher [TRL], mostly for low to medium archetypes'",Site charging infrastructure and grid connection; duty-cycle/shift length ('not capable of doing a full day's work on a single charge yet' for some archetypes); capex premium; cold/heavy duty limits,Deployed for small machinery (electric forklifts mainstream); demonstration for heavy plant,cross_cutting,[ERM_NRMM2023] Availability matrix Table 4; numeric TRLs exist in Appendix 9.8 but could not be extracted - flagged in challenges,medium
bf_biochar_injection,Biochar/charcoal injection in blast furnace (Bio-PCI),bioenergy,pulverised coal (PCI),Substituting biogenic char for pulverised injection coal at BF tuyeres,6-7,Commercially practised in Brazilian charcoal mini blast furnaces; partial substitution in large BFs assessed at pilot/trial scale (Bio-PCI techno-economic literature),Sustainable biomass availability at scale; char mechanical/combustion properties; ~40-50% PCI substitution ceiling in large BFs,No UK trials reported; declining relevance with BF closures,sector_specific,[REF_BIOPCI] Peer-reviewed study of charcoal injection (Bio-PCI) CO2 reduction potential and economics,medium
bf_h2_injection,Hydrogen injection into blast furnace tuyeres,hydrogen,pulverised coal (PCI),"Partial replacement of PCI coal with hydrogen injected at BF tuyeres, cutting CO2 up to ~20% at full deployment",5-6,"thyssenkrupp Duisburg BF9 single-tuyere trials (2019-2021, first test phase concluded); H2Stahl project scaling to full tuyere set — demonstration stage, not commercial",Coke still required for burden support; limited abatement ceiling (~20%); hydrogen supply and cost; burner/tuyere modifications,UK relevance closing as Port Talbot BFs shut (2024) and Scunthorpe transitions; option only relevant while BFs continue operating,sector_specific,[REF_TKH2] thyssenkrupp Steel press release on completed first hydrogen injection test phase,high
bio_feedstock_co_processing,Bio-feedstock co-processing in refinery units,bioenergy,crude_feedstock,Co-processing biogenic feedstocks (e.g. used cooking oil) in hydrotreaters/FCC for renewable fuels,9,Commercial at Phillips 66 Humber refinery since 2018 (first UK SAF/renewable diesel production by co-processing),Feedstock availability and cost; catalyst/metallurgy limits on blend ratio; benefit mainly lifecycle/scope 3,Commercial at Humber refinery,sector_specific,[p66_renewables] Phillips 66 UK renewable fuels programme at Humber,high
biocarbon_fuel_substitution,"Biocarbon substitution for coke/coal in sinter, EAF and cupola",bioenergy,coke breeze; anthracite; foundry coke,"Biochar/biocoke replacing fossil carbon as sinter-plant solid fuel, EAF charge/injection carbon and foundry cupola coke",5-7,"Review evidence (Fuel, 2023) of pilot and industrial trials of biochar in sintering, EAF slag foaming/charge carbon and cokemaking blends; not yet standard practice","Char reactivity, strength and ash chemistry differ from coke; supply chain immature; cost premium",Identified in UK/EU steel and foundry decarbonisation literature; limited UK trials,sector_specific,[REF_BIOCHAR_REV] Review: 'To what extent could biochar replace coal and coke in steel industries?',medium
biogas_upgrading_grid_injection,Biogas upgrading to biomethane for grid injection (in place of onsite CHP),process_change,natural_gas,Site output shifted from electricity+heat to biomethane export; parasitic heat re-provided by heat pumps/boilers,9,Membrane/water-wash upgrading commercially deployed at UK AD plants (ADBA sector material),Gas grid proximity and entry costs; loses free CHP heat so parasitic heating must be re-provided; policy-dependent (GGSS) economics,Commercial and growing under Green Gas Support Scheme,sector_specific,"[REF_ADBA_HEAT] ADBA biogas-use guidance; upgrading vs CHP trade-off is sector-standard, note ref is general ADBA material",medium
biomass_boiler,Biomass boilers (solid biomass steam/hot water),bioenergy,gas; oil; coal,Steam and hot water to conventional boiler conditions; baseload site heat,9,CCC/Element Energy assumptions log (2019): 'Biomass Steam Boiler 2018' in the 'Date when TRL 9 achieved' rollout table (i.e. TRL 9 since before 2018); Element Energy/Jacobs for BEIS (2018) classify biomass boilers as 'already commercially available',Sustainable feedstock supply and price; fuel storage/handling space; air-quality permitting (PM/NOx); CCC cautions on best-use of finite biomass,Deployed at many UK sites (RHI legacy),cross_cutting,[CCC_LOG2019] Rollout table p11; EE_JACOBS2018 maturity classification,high
biomethane_fuel,Biomethane (grid-injected or onsite AD) as natural gas substitute,bioenergy,gas,"Drop-in for any natural-gas duty (boilers, kilns, CHP) with no equipment change",8-9,DESNZ/DfT NRMM CfE summary of responses (2025) records that 'biomethane is already at a TRL level of 8+'; anaerobic digestion and upgrading operate commercially at scale in the UK (grid injection),Feedstock availability caps volumes; certificate/market cost premium; competition with other biomethane uses; onsite AD needs feedstock logistics and space,Deployed - 100+ UK grid-injection plants; used via green gas certificates,cross_cutting,[DESNZ_NRMM_CFE2025] Respondent-evidence TRL statement (vehicle-fuel context) - weakest of the numeric TRLs used; see challenges,medium
building_fabric_upgrade,"Building fabric upgrade (insulation, air-tightness, doors)",efficiency_heat_recovery,gas,"Roof and wall insulation, air-tightness, rapid-action doors and glazing improvements to reduce space-heat demand and enable smaller low-carbon heating plant",,No published TRL; mature construction practice,Disruption and roof access; marginal economics on short remaining building life or leased premises (landlord-tenant split incentive),Fully commercial; Carbon Trust estimates up to 15% total energy bill savings from fabric measures,sector_specific,[REF_CT_FABRIC] Carbon Trust Building Fabric guide covers insulation and air-tightness measures for industrial buildings,high
calcined_clay_lc3,Limestone calcined clay cement (LC3),process_change,process_co2; kiln_fuel,Ternary clinker-calcined clay-limestone cement cutting CO2 up to ~40% vs OPC,,No numeric TRL located; peer-reviewed reviews describe progression from lab to industrial application with commercial production in several countries,"Requires suitable kaolinitic clay and clay calciner investment (~800C heat, itself needing decarbonisation); colour acceptance; UK standards adoption; no UK production line yet",Not yet produced in UK; standards routes emerging,sector_specific,[R_LC3_REV] Heliyon 2024 comprehensive LC3 review; LC3 project site (R_LC3) reports ~40 companies in 25 countries engaged and up to 40% CO2 reduction,medium
calcium_looping_ccs,Calcium looping CO2 capture,ccs_ccu,,"High-temperature CaO/CaCO3 looping capture, well suited to cement/lime flue gas with heat recovery",5-7,"IEA CCUS in Clean Energy Transitions (2020): calcium looping 'currently at TRL 5-6, have been tested, mostly at the pilot plant scale'; Islam & Patlolla (2025): CaL 'advanced rapidly to TRL 6-7 and has been tested in several pilot plants'",CO2 T&S dependence; oxy-fired calciner adds ASU; sorbent degradation; major process integration/rebuild; pilot scale only,None; EU pilots (e.g. CLEANKER),cross_cutting,"[IEA_CCUS2020] IEA gives 5-6; ISLAM2025 gives 6-7 - range spans both, per instruction on disagreement",medium
carbonated_manufactured_aggregate,"Carbonated manufactured aggregate (accelerated carbonation of residues, e.g. O.C.O Technology)",ccs_ccu,virgin_aggregate; process_co2,Manufactured limestone aggregate from APCr + CO2 used in building blocks,9,"Commercial UK operation: O.C.O (ex-Carbon8) operates UK plants and has treated >500,000 t of APCr; product used in block manufacture",Feedstock (air pollution control residues) availability and plant siting; block-spec approvals; CO2 sourcing,Commercial in UK; aggregate supplied to UK blockmakers,sector_specific,[R_OCO] O.C.O Technology pages; UKGBC solution listing (R_UKGBC) for manufactured limestone aggregate,high
carbonation_curing_precast,CO2 (carbonation) curing of precast concrete and blocks,ccs_ccu,gas; process_co2,"Cure unreinforced precast products in CO2-rich chambers, sequestering CO2 and replacing steam/heat curing",,No numeric TRL located; peer-reviewed industrial demonstration study of CO2 mineralisation curing published (2022),"Sealed curing chambers and CO2 supply; standards acceptance; best for unreinforced products (carbonation lowers pH, unsuitable for reinforced elements); cycle time management",Not deployed at scale in UK; demonstrations overseas,sector_specific,[R_CO2CURE] Industrial demonstration study on CO2 mineralization curing for concrete (PMC),medium
carbothermic_aluminium,Carbothermic reduction of alumina,process_change,Hall-Heroult electrolysis electricity,"Direct carbothermic smelting of alumina to aluminium at ~2000C+, potentially lower capex/energy than electrolysis",3,Alcoa-Elkem advanced reactor process reached laboratory/small-pilot stage and was discontinued; reviews class all carbothermic concepts as experimental,Aluminium carbide formation and low yields; extreme temperatures; emits CO2 unless with capture; development largely abandoned,No UK activity; speculative,sector_specific,"[REF_CARBOTHERMIC] Peer-reviewed review of alternative Al production methods (Rhamdhani et al., Mineral Processing and Extractive Metallurgy, 2013)",medium
clinker_substitution_scm,"Clinker substitution / multi-component cements (GGBS, PFA, limestone fines, CEM II/VI)",process_change,process_co2; kiln_fuel,Reduce clinker factor of cement and of concrete mixes by substituting clinker with SCMs and limestone fines,9,Commercially deployed; MPA UK Concrete roadmap identifies clinker substitution and low-carbon multi-component cements as a core deployed/near-term lever,"UK GGBS and PFA supply declining (blast furnace closures, coal phase-out); standards limits (BS 8500, updated 2023 to allow multi-component cements); performance/early-strength trade-offs",Commercial and widespread; BS 8500:2023 broadened permitted cement types,sector_specific,[R_MPA_ROADMAP] MPA UK Concrete Roadmap to Beyond Net Zero quantifies decarbonised electricity/fuel switching and low-carbon cements incl. clinker substitution,high
co2_mineralised_concrete,"CO2 mineralisation in fresh concrete (CO2 injection at batching, e.g. CarbonCure)",ccs_ccu,process_co2,"Inject CO2 into fresh mix to mineralise as CaCO3, enabling cement content reduction",,No numeric TRL located; commercially deployed at hundreds of ready-mix plants (mainly North America) per vendor and reviews,Small abatement per m3 (~3-6% via cement reduction); CO2 supply logistics; mix design approvals; limited UK adoption to date,Early/limited UK adoption; commercial overseas,sector_specific,[R_CARBONCURE] CarbonCure carbon mineralization in concrete technical page,medium
cog_hydrogen_recovery,Coke oven gas hydrogen recovery/valorisation,other,natural gas; grid hydrogen,Separation of the ~55-60% hydrogen fraction of coke oven gas (PSA/membranes) for use as low-carbon-intensity fuel or feedstock,9,"PSA hydrogen recovery from COG is commercially established (peer-reviewed comparative analysis, Ind. Eng. Chem. Res. 2021)","Gas cleaning (tar, sulphur, BTX) upstream; displaces COG from underfiring which must be substituted; economics site-specific",Not deployed at UK coke plants,sector_specific,[REF_COG_H2] ACS I&ECR review of technical alternatives for hydrogen recovery from coke oven gas,medium
coke_dry_quenching,Coke dry quenching with waste-heat power recovery,efficiency_heat_recovery,grid electricity; coke oven gas (steam raising),Quenching hot coke with inert gas and recovering sensible heat to steam/power (~85-95 kWh electricity per tonne coke),9,"CDQ is commercially deployed at large scale, especially in Japan and China (CTCN technology description; Nippon Steel Engineering reference plants)",High capital cost; suits larger batteries; retrofit space; remaining UK coke plants small and ageing,Not installed at UK coke plants,sector_specific,[REF_CDQ] Climate Technology Centre & Network description of coke dry quenching for the iron and steel sector,high
compressed_air_optimisation,"Compressed air system optimisation (leaks, pressure, heat recovery)",efficiency_heat_recovery,electricity,Reduces compressor electricity; compressor heat recovery can serve <80C heat,,"No published TRL located; standard commercial practice, outside TRL frameworks in the sources reviewed",Persistence of savings requires ongoing management; none technical,Deployed; routinely identified in UK site audits,cross_cutting,[HASANBEIGI2021] TRL null per rules; context reference only,medium
controls_vsds,"Advanced controls, energy management and variable speed drives",efficiency_heat_recovery,electricity; gas,"5-15%-class savings on motors, fans, pumps and process control across all utilities",,No published TRL located; VSDs and control systems are ubiquitous commercial products not covered by TRL frameworks in the sources reviewed,None material - payback and management attention; interacts with all other options (do-first measure),Deployed universally but under-adopted,cross_cutting,[HASANBEIGI2021] TRL null per rules; reference for general electrification/efficiency context only,medium
cupola_to_induction,Cupola-to-induction furnace conversion in foundries,electrification,foundry coke; natural gas,Replacing coke-fired cupola (or gas-fired) melting with mains-frequency/medium-frequency electric induction melting,9,Documented commercial conversions (e.g. foundry-planet case study); induction melting is standard commercial technology,Large grid connection/power demand; loses cupola's tolerance of dirty/cheap charge; batch vs continuous melting; capital cost,Cast Metals Federation Net Zero roadmap identifies electrification of melting as the core decarbonisation route for UK foundries,sector_specific,[REF_FP_CUPOLA] Foundry-planet case study of a successful cupola-to-induction conversion; CMF roadmap (REF_CMF) for UK context,high
dairy_membrane_preconcentration,RO/NF membrane pre-concentration before evaporation,process_change,gas,Reverse osmosis/nanofiltration to remove water from milk/whey at low temperature ahead of evaporators and spray dryers,,No formal TRL; peer-reviewed dairy processing reviews describe RO concentration as commercially applied in dairy processing,Fouling and cleaning chemical load; achievable solids limited (~18-30%) so evaporation still needed; product functionality effects,Commercially available; applied at dairy sites internationally and in UK whey processing,sector_specific,[RO_DAIRY] Peer-reviewed review of reverse osmosis applications in dairy processing (concentration prior to evaporation/drying),high
destratification_radiant_conversion,Destratification fans and conversion to zoned radiant heating,efficiency_heat_recovery,gas,Cut space-heat demand in tall spaces: destratification fans return roof-level warm air to floor level; conversion from warm-air to zoned radiant heating heats occupants/surfaces rather than the full air volume,,No published TRL located; long-established commercial measure recommended in Carbon Trust HVAC guidance,Benefit depends on building height and heater type; radiant conversion needs gas or electric radiant emitters and re-zoning; residual fossil use if gas radiant retained,Fully commercial; standard energy-survey recommendation for UK sheds and workshops,sector_specific,[REF_CT_HVAC] Carbon Trust HVAC guide (CTV046) covers destratification and radiant heating for tall industrial spaces; see also Carbon Charter destratification datasheet,high
diesel_electric_hybrid_mobile_crushing,Diesel-electric hybrid drive mobile crushing/screening plant,mobile_plant,diesel,"Interim efficiency step: electric drivetrains powered by onboard genset, switchable to grid",9,"Commercial products; OEM-claimed up to 25% fuel reduction (Hub-4, 2026)",Still fossil-fuelled unless grid-connected or run on HVO; partial abatement only,Commercially available and in service in UK,sector_specific,[REF_HUB4_2026] Same source documents hybrid e-drive plant as bridge to full electric,high
digestate_drying_chp_waste_heat,Digestate drying/concentration using CHP waste heat,efficiency_heat_recovery,diesel; natural_gas,"Dry digestate fibre or evaporate liquor (50-70C) with recovered engine heat, cutting digestate haulage and fossil drying fuel",9,Commercial systems operating (ADBA Barkip case study: CHP-heated vacuum evaporators at 50-70C; Stronga FlowDrya product line),Only where CHP heat surplus exists; dryer capex; ammonia emissions/odour control from drying,Commercially deployed at UK AD plants,sector_specific,[REF_ADBA_HEAT] ADBA documents CHP-heat digestate concentration; FlowDrya is a UK commercial digestate dryer,high
direct_separation_leilac,Direct separation calcination (LEILAC-type) for process CO2,ccs_ccu,,Indirectly heated calciner capturing near-pure CO2 from limestone calcination (cement/lime process emissions only),6,"IEA CCUS in Clean Energy Transitions (2020): direct separation of cement process emissions rated 'TRL 6'; LEILAC-1 pilot (Lixhe) demonstrated CO2 separation at 95% purity per LEILAC Roadmap (2021), which does not itself state TRL numbers",Captures process CO2 only (fuel CO2 needs separate measure or electric/H2 heating); calciner replacement; CO2 T&S dependence; scale-up via LEILAC-2 class demos,None in UK; pilot (Belgium) and demonstration (Germany) under LEILAC projects,cross_cutting,[IEA_CCUS2020] TRL 6 quote; LEILAC2021 for project status,medium
distillery_coproduct_ad,"Anaerobic digestion of pot ale, draff and spent wash for biogas",bioenergy,gas,On/near-site biogas from distillery co-products to fuel boilers or upgrade to biomethane,,SWA/Ricardo net-zero pathway describes AD as 'relatively mature technology which is already in use in the whisky sector'; no numeric TRL published,Competes with animal-feed value of draff/pot ale syrup; seasonal/variable feedstock; digestate management; copper in pot ale,"Operational at multiple Scottish sites (e.g. Glenfiddich, Dufftown cluster); assessed for nine operational distilleries in peer-reviewed study",sector_specific,[AD_NINE_DIST] Peer-reviewed assessment of AD potential at nine operational distilleries; SWA pathway rates AD mature and deployed,high
dry_body_preparation_ceramics,Dry-route body preparation (dry milling/granulation replacing wet slip and spray drying),process_change,gas,Eliminate spray-dryer thermal demand in ceramic body preparation,,No TRL located; peer-reviewed comparison of dry vs wet route shows large energy/water savings; industrially used in some overseas tile production,"Product quality (pressing behaviour, surface finish); mainly applicable where spray drying/wet routes used (tiles, some tableware); reformulation required",Not identified in UK production,sector_specific,[R_DRYROUTE] Journal of Cleaner Production 2017 dry vs wet route study for ceramic tile body preparation,low
eaf_scrap_preheating,EAF scrap preheating (Consteel/shaft/tunnel systems),efficiency_heat_recovery,grid electricity; natural gas (burners),"Continuous or shaft preheating of scrap using EAF off-gas heat, cutting EAF electricity use ~50-100 kWh/t",9,Consteel and shaft-furnace preheating commercially installed at dozens of EAF plants worldwide (IspatGuru technical review),Retrofit space and layout; dioxin/VOC control in preheater off-gas; scrap quality effects,"Applicable to new UK EAFs (Port Talbot, Scunthorpe) and existing UK EAF plants",sector_specific,[REF_CONSTEEL] IspatGuru technical article on the Consteel EAF process and its energy savings,high
eb_cure_coatings,Electron-beam cured coatings,process_change,gas,"Low-energy electron-beam curing of coatings (demonstrated for automotive interior plastic parts), eliminating thermal cure ovens",,UV+EB Technology (2016) documents development of low-energy EB for automotive interior plastic coatings; no formal TRL published,Shielding and capital cost; line-speed/geometry limits; chemistry requalification; supplier ecosystem immature for automotive,Not deployed in UK automotive plants; EB curing commercial only in printing/converting niches,sector_specific,[REF_UVEB_EB] Trade-journal account of low-energy EB curing development for automotive interior plastics,medium
electric_infrared_drying,Electric infrared heating/drying,electrification,gas; electricity,"Surface heating, drying and curing of coatings, paper, textiles, food; typically <500C surface duties",,"No published numeric TRL located. Hasanbeigi et al. (2021, Electrifying U.S. Industry) list infrared among commercially available electrotechnologies ('high overall efficiency, faster response time than gas convection systems')","Suits surface/thin-web duties, not bulk heating; product-specific validation; grid capacity minor (modular units)",Deployed commercially in coating/curing lines,cross_cutting,"[HASANBEIGI2021] Electrotechnology descriptions; commercial-availability statement only, no TRL number - flagged in challenges",medium
electric_kiln_calcination,Electric calcination / electric kilns (incl. rotodynamic heaters),electrification,gas; coal; oil,"High-temperature kiln/calciner duties ~900-1450C (lime, cement precalcination, minerals), yielding concentrated process CO2 for capture",6,"Agora Industry/Fraunhofer ISI (2024): shock-wave (rotodynamic) heating 'Technology readiness level 6', pilot phase complete, commercial launch targeted before 2030. Integrated all-electric cement/lime kilns have no published TRL; VTT ran a pilot electric rotary kiln at ~1000C (2021-22) without stating a TRL",Very large grid connection; kiln replacement/rebuild; heat-transfer and clinker chemistry validation; electricity cost at high load factor,None; international pilots (VTT Finland; Coolbrook demonstrations),cross_cutting,[AGORA2024] Shock-wave heating entry used as the rated route to electric kiln temperatures; VTT2022 documents the pilot - see challenges on scope,medium
electric_powder_coating_oven,Electric powder-coating cure ovens,electrification,gas,"Electric convection (or IR-assisted) cure ovens for powder coating lines (~160-200C), replacing gas-fired cure ovens",9,DESNZ/ERM rates industrial resistance heating TRL 9; electric powder-cure ovens are standard catalogue products,Higher running cost at current UK spark spread; supply capacity for larger batch/conveyor ovens; slower heat-up than direct gas in some designs,"Commercial; common at small/medium size, gas still dominant for large conveyorised ovens",sector_specific,[REF_RELIANT_OVENS] Equipment supplier comparison of gas vs electric powder cure ovens,high
electric_radiant_space_heating,Electric radiant/infrared space heating for high-bay workshops,electrification,gas,"Electric infrared emitters providing spot/zone heating of occupied positions in high-bay, intermittently occupied or well-ventilated workshops",,No published TRL located; catalogue commercial products,High electricity unit cost vs gas makes whole-building use expensive; best for spot/zone heating with low occupancy density; glare and mounting height limits,Commercial; widely available; radiant heating equipment historically supported under the UK Energy Technology List,sector_specific,[REF_ECA_RADIANT] UK ETL datasheet ECA766 documents radiant heating suitability for high-bay industrial buildings (gas-fired focus); electric IR is the like-for-like electric variant,medium
electric_resistance_oven_furnace,Electric resistance ovens and furnaces (incl. electric boosting),electrification,gas; oil,"Ovens, dryers and furnaces from ~100C to >1000C; electric boosting of gas-fired glass furnaces",8-9,Agora Industry/Fraunhofer ISI (2024): resistance heating 'Technology readiness level 9 - established in specific applications'; Glass Futures for BEIS (2019): additional electric boosting 'is TRL8 at the moment'; large all-electric melting of big furnaces judged not yet feasible,Grid capacity; full furnace replacement (not burner retrofit) for direct-fired processes; scale limits for all-electric melting (>600 t/d glass); heat-transfer characteristics differ from flames,"Deployed for boosting and small furnaces/ovens; all-electric melting at container-glass scale under investigation (Glass Futures, IFS Phase 3)",cross_cutting,[AGORA2024] TRL table for resistance heating; GLASSFUTURES2019 for the TRL8 boosting rating and scale caveat,high
electric_steam_cracker,Electrically heated steam cracker furnace,electrification,gas,Electric heating of olefin cracker furnaces in place of gas firing,7,6 MW large-scale demonstration furnaces operating at BASF Ludwigshafen since April 2024 (system demonstration in operational environment per EU TRL definitions),Very large firm low-carbon power demand; furnace replacement; olefin crackers only; full-scale commercial designs not yet offered,No UK demonstration; relevant to remaining UK cracker capacity,sector_specific,[ecracker_2024] BASF/SABIC/Linde start-up press release,medium
electric_tissue_drying_hood,Electric drying hood / fully electric tissue machine,electrification,gas,Replace gas-fired yankee hoods and steam heating with electric hood and electric steam/heat pump on tissue machines,8-9,"World-first fully electric tissue machine (Toscotec/Fortissue) reported operating at full speed, April 2025",Tissue machines only; large grid connection; electricity vs gas price; new-build or major rebuild,No known UK installation; directly applicable to UK tissue mills,sector_specific,[toscotec_electric_2025] Trade press report of first fully electric tissue machine in operation,medium
electric_tunnel_kiln_firing,Fully electric tunnel kiln for clay tile/brick firing,electrification,gas,Continuous electric tunnel kiln firing clay roof tiles/bricks (~1000-1100C),,"No numeric TRL located; described as world-first fully electric roof tile tunnel kiln, construction started at Wienerberger Broomfleet (UK) in 2026; precedent GreenBricks electric kiln in Austria",First-of-a-kind capex; grid connection and electricity price vs gas; firing-curve and atmosphere control for product colour; new-build rather than retrofit,"UK world-first under construction (Broomfleet, East Yorkshire)",sector_specific,[R_WIENERBERGER] Wienerberger UK announcement of world's first fully electric roof tile kiln,medium
electrified_reforming_esmr,Electrified steam methane reforming (eSMR/eREACT),electrification,gas,"Resistance-heated catalytic steam reforming for syngas, hydrogen and methanol duties",6,"Topsoe eSMR demonstration plant operating at Foulum, Denmark since 2021 (biogas-to-methanol); peer-reviewed pilot-plant study published",Needs firm low-carbon power; reformer replacement; early commercial offerings only,No UK installation identified,sector_specific,[topsoe_esmr_2021] Topsoe press release on eSMR demonstration plant operation,medium
electrified_static_processing_plant,Grid-connected static electric crushing/screening/washing plant (replacing diesel mobile plant),electrification,diesel,"Fixed primary/secondary crushing, screening, washing at long-life consented sites",9,"Standard commercial practice; OEMs market full electric static/'electric train' plant ranges (Hub-4, 2026)",Grid connection capacity and cost at rural sites; capital cost; less flexible than mobile plant as extraction faces move,Widely deployed at UK quarries; grid capacity is the main barrier to further rollout,sector_specific,"[REF_HUB4_2026] UK trade press on electric crushing/screening plant, sold from Sandvik Burton-on-Trent",high
electrochemical_synthesis_routes,Electrochemical synthesis routes,electrification,gas; fossil_feedstock,Electrochemical/electrolytic synthesis replacing thermochemical process steps in chemicals manufacture,,"Mostly lab/bench scale per JACS Au review (2022); established exceptions (chlor-alkali, adiponitrile) already commercial","Electrode/membrane durability, selectivity, scale-up; product-specific; needs cheap low-carbon power",Research and start-up activity; no bulk-scale UK deployment,sector_specific,[jacsau_echem_2022] Review of emerging electrochemical processes to decarbonise the chemical industry,low
electrode_boiler,Electric / electrode boilers (steam and hot water),electrification,gas; oil; coal,Hot water and steam up to ~350C / >70 bar; unit sizes from <1 MW (resistance) to tens of MW (electrode),9,"TNO/energy.nl technology factsheet (Marsidi 2018): 'Current TRL level is 9, established technology'; Agora Industry/Fraunhofer ISI (2024): electric boilers 'Technology readiness level 9'; CCC/Element Energy assumptions log shows TRL9 achieved 2018 (small electric steam boiler), 2018-2030 (large electrode)",Grid connection capacity and cost of reinforcement; electricity-to-gas price ratio ('spark gap') dominates economics; minimal space/retrofit burden as steam interface unchanged,"Commercially available; limited UK deployment to date, mostly as hybrid/flex units; supported under IETF",cross_cutting,[TNO_EBOILER2018] Factsheet header TRL field; corroborated by AGORA2024 technology table and CCC_LOG2019 rollout table p11,high
electrolytic_hydrogen_refinery_integration,Electrolytic (green) hydrogen integration at refineries,hydrogen,gas,On-site electrolytic hydrogen displacing SMR hydrogen for hydrotreating/hydrocracking,8,10 MW PEM electrolyser operating within Shell Rheinland refinery since 2021 (REFHYNE); 100 MW follow-on planned,Electrolyser capex and power price; small versus total refinery H2 demand; grid capacity,Proposed at UK refineries (e.g. Gigastack/Humber); none operating,sector_specific,[refhyne_2021] REFHYNE start-up of Europe's largest PEM electrolyser at a refinery,medium
ev_fleet_charging_infrastructure,EV fleet depot charging infrastructure,other,diesel; petrol,"Depot/workplace charge points, grid connection upgrades and smart charging enabling electrification of vans, company vehicles and customer fleets",,Mature commercial technology; no formal TRL located,Grid connection capacity and upgrade lead times; dwell-time vs charge-rate matching; enabler only — emissions saving accrues to the vehicle fleet,Fully commercial; supported by Energy Saving Trust fleet guidance and past Workplace Charging Scheme grants,sector_specific,[REF_EST_FLEET] Energy Saving Trust guidance on charging business electric vehicles at depots/workplaces,high
fab_low_grade_heat_recovery,Fab low-grade heat recovery to HVAC/process,efficiency_heat_recovery,gas,"Recover low-grade fab heat (process cooling water, heat-recovery chillers) to heat cleanroom makeup air and offset gas boilers",9,Deployed at scale by Intel (heat-recovery chillers / hot water reuse reported 2023),Low source temperatures (30-40C); hydraulic integration and space in retrofit; largest benefit in new builds,Applicable to UK fabs; no published UK example located,sector_specific,[intel_heat_recovery] Report on Intel using recovered hot water to cut fab natural gas use,medium
fast_firing_low_thermal_mass_kilns,Fast firing / low thermal mass kiln technology,process_change,gas,Roller-hearth/fast-fire kilns and low-mass kiln furniture reducing specific firing energy,9,Commercially deployed for tiles and tableware; identified in BEIS/BCC 2015 ceramics decarbonisation roadmap technology options,Product-dependent (thick heavy-clay ware cannot fast-fire); requires kiln replacement capex at end-of-life; quality control,Commercial in whitewares; limited applicability heavy clay,sector_specific,[R_BEIS_CER2015] BEIS/BCC ceramics sector roadmap 2015 covers kiln efficiency/fast firing options,medium
fermentation_co2_recovery,"Fermentation CO2 recovery, purification and liquefaction",ccs_ccu,purchased_co2,Capture of high-purity biogenic CO2 from fermentation vessels for reuse in carbonation/packaging or sale/sequestration,,No formal TRL located; commercial packaged systems offered by multiple vendors and standard at large breweries per vendor and peer-reviewed craft-brewing literature,"Economics weak at small scale (capture, purification and liquefaction cost); food-grade purity standards; intermittent fermentation profile needs buffering",Commercial at large UK breweries; distillery deployments emerging (Whyte & Mackay with Carbon Capture Scotland; Ardgowan novel-capture pilot),sector_specific,[HW_CO2_VAL] Heriot-Watt study of fermentation CO2 valorisation in craft brewing; Atlas Copco UK brewery CO2 recovery product line; W&M and Ardgowan distillery projects,high
fume_cupboard_vav_sash_management,Fume cupboard VAV and sash management,efficiency_heat_recovery,gas; electricity,"VAV fume cupboard controls, sash-closure programmes and face-velocity optimisation cutting exhaust of conditioned air",9,Commercial controls documented in I2SL Smart Labs Toolkit and university guidance,Containment safety assessment required; benefit depends on cupboard density and existing controls,Widely applied across UK universities and pharma R&D,sector_specific,[smartlabs_toolkit] I2SL Smart Labs Toolkit assessment guidance,high
gas_compression_electric_drive,Electrification of gas compression (electric motor VSD drives replacing gas turbines/engines),electrification,natural_gas,Electric motor-driven export/process compression at gas terminals and installations,9,Electric-drive compression is established technology; NSTA (2024) reports UK electrification projects underway (e.g. Buzzard) — no numeric TRL published,Large grid connection (tens of MW); brownfield conversion cost and downtime; remaining asset life must justify investment,NSTA-driven electrification programme for offshore/onshore assets; draft OGA Plan requires operators to assess electrification,sector_specific,[REF_NSTA24] NSTA workshop and OGA Plan on electrification of UK oil and gas assets,medium
grid_electric_drilling_rig,Grid-powered (highline) and hybrid-battery electric drilling rigs,electrification,diesel,Rig power from grid connection or battery-hybrid gensets instead of diesel-only gensets,9,Ipieca energy efficiency compendium (2023): commercially available with 5-10 years industry experience; up to 100% GHG reduction with low-carbon grid power,Temporary grid connection cost/lead time for short campaigns; rural network capacity; hybrid option only partial abatement,Applicable to limited UK onshore drilling; hybrid gensets deployable now,sector_specific,[REF_IPIECA23] Industry compendium entry specifically on drilling rig electrification/hybridisation,high
h2_boiler,Hydrogen-fired boilers (steam/hot water),hydrogen,gas; oil,"Steam and hot water across standard boiler ranges (incl. package boilers, waste-heat recovery boilers)",7-9,"HyNet Industrial Fuel Switching (Progressive Energy, 2022): waste heat recovery boilers 'already available to fire on 100% Hydrogen... TRL of 9'; package boiler switching demonstrated over 4 weeks in Phase 2; Hy4Heat WP6 (Element Energy, 2019): 'around 25 demonstrations are required to reach TRL 9 across the key costed equipment types'; CCC/Element Energy assumptions log: 100% H2 boilers reach TRL9 ~2025",Low-carbon hydrogen supply and pipeline connection (cluster dependence); NOx control (FGR/staged burners); on-site storage and DSEAR zoning; burner/valve-train retrofit,"Demonstrated (HyNet trials at Unilever Port Sunlight boiler, 2021-22); commercial rollout awaits H2 networks",cross_cutting,[HYNET2022] TRL9 quote for WHRBs and Phase 2 boiler trial; HY4HEAT2019 and CCC_LOG2019 for the wider band,high
h2_dri_eaf,Hydrogen direct reduced iron (H2-DRI) feeding EAF,process_change,coking coal; coke; natural gas,"Ore-based primary ironmaking: shaft-furnace reduction of iron ore with green hydrogen, product (DRI/HBI) melted in EAF, replacing BF-BOF route",7,Green Steel for Europe technology assessment (2021) rates hydrogen direct reduction ~TRL 7; HYBRIT pilot produced hydrogen-reduced sponge iron in 2021 and a demonstration plant is in development at Gallivare,Requires large volumes of low-carbon hydrogen and electricity; DR-grade ore pellets; new-build plant; EAF melting capacity downstream,"No UK DRI plant; Port Talbot and Scunthorpe transitions are scrap-EAF based, but imported H2-DRI/HBI could feed future UK EAFs",sector_specific,[REF_HYBRIT] SSAB/LKAB/Vattenfall HYBRIT pilot results; TRL from Green Steel for Europe assessment (REF_GS4E),high
h2_kiln_furnace_burner,"Hydrogen firing of kilns, furnaces, ovens and dryers (direct-fired)",hydrogen,gas; oil; coal,Direct-fired process heat from ~200C dryers to >1500C melting furnaces and kilns,5-8,"HyNet/Essity IFS feasibility (2022): hydrogen burners and paper drying 'are all deployed commercially, but a combination of the two is currently around TRL 5. By the end of the demonstration... TRL 8'; Glass Futures for BEIS (2019): 'full-scale pure hydrogen firing is at a low TRL'; HyNet Phase 2 demonstrated H2 melting of float glass with 'good heat transfer'; CCC/Element Energy log: H2-fired kiln TRL9 ~2026","H2 supply/cluster location; changed flame radiation and moisture affects product quality (glass, ceramics, lime); NOx; application-specific trials required per Hy4Heat","Demonstration (NSG Pilkington 100% H2 float glass trial 2021; DESNZ IFS Phase 3 demos in glass, lime, cement fuel mix)",cross_cutting,"[ESSITY2022] Explicit TRL5-to-8 statement; GLASSFUTURES2019, HYNET2022, CCC_LOG2019, DESNZ_IFS3_2022 corroborate range",medium
h2_ready_equipment,"Hydrogen-ready boilers and combustion equipment (buy-now, convert-later)",hydrogen,gas,"New natural-gas equipment designed for 'easier, cheaper, and faster conversion' to 100% hydrogen; any boiler/burner duty",,No published TRL located. BEIS call for evidence (2021) states 'there is currently no standardised definition of hydrogen-ready for industrial boiler equipment' and that few sites are taking preparatory steps,Definition/standards immature; residual conversion cost and outage; only valuable where future H2 network credible; risk of stranded 'readiness' premium,Policy development stage; some OEMs market dual-fuel/H2-capable burners,cross_cutting,[BEIS_H2READY2021] CfE pp. on definition and market status; TRL null per rules,medium
hbi_dri_charging_eaf,"DRI/HBI charging to EAF (natural-gas DRI, H2-ready)",process_change,coking coal; coke,"Blending merchant DRI/HBI with scrap in EAF to dilute residuals and enable flat/high-grade products; NG-based today, convertible to hydrogen",9,MIDREX/HYL natural-gas DRI plants and HBI charging to EAFs are commercially operated worldwide (Midrex technical literature),DRI/HBI supply chain and price; NG-DRI still emits CO2 unless converted to H2 or fitted with CCS; melting energy higher than scrap,No UK DRI production; HBI import to future UK EAFs is a recognised quality lever,sector_specific,[REF_MIDREX] Midrex tech article on ore-based metallics and hydrogen pathways for EAF steelmaking,high
heat_pump_above_200,Heat pump concepts >200C,electrification,gas; oil,Steam/process heat above 200C (lab-scale concepts),3-5,"de Boer et al. (2020): 'Development of 3 technologies at a laboratory scale (1 kW to 10 kW), demonstrating the technical feasibility of heat pump concepts to supply heat at temperatures above 200C. (TRL3-5)'",Working fluids and compressor materials at extreme lift; no commercial products; long development timeline,None (laboratory only),cross_cutting,[DEBOER2020] >200C entry of TRL list,medium
heat_pump_below_100,Industrial heat pumps <100C (commercial-class),electrification,gas; oil,"Hot water/low-pressure heat below 100C: washing, pasteurisation, space heat, drying make-up air",9,"de Boer et al. (2020) white paper: 'Heat pump technology is established as the reference (low carbon) technology for heat supply <100C, with at least 500 large scale (1 MW to 10 MW) units installed... (TRL9)'","Needs an accessible low-grade heat source (waste heat, ambient, effluent); grid connection; space for heat exchangers; COP falls with temperature lift",Deployed; multiple UK installs incl. IETF-supported food & drink projects,cross_cutting,"[DEBOER2020] Innovation target/status list, <100C entry",high
heat_recovery_heat_pump,Heat-recovery heat pumps (upgrading waste heat to process temperature),efficiency_heat_recovery,gas; oil,Upgrading 20-70C waste heat to 60-150C useful heat/LP steam,8-9,"de Boer et al. (2020): TRL9 below 100C supply; IEA HPT Annex 58 (2023) documents 18 demonstration cases (food/beverage, refinery, chemicals) and commercial availability up to ~120C in 2024-25 - upper band (to 150C) TRL 8",Reliable waste-heat stream; temperature lift limits COP; grid capacity; integration engineering,Deployed/demonstration (IETF-supported installs in food & drink),cross_cutting,[ANNEX58_2023] Demonstration case studies + availability timeline; DEBOER2020 for <100C TRL9,high
hisarna_smelting_reduction,HIsarna smelting reduction (coke-free ironmaking),process_change,coke; sinter; coking coal,"Direct smelting of ore fines with coal, eliminating coke ovens and sinter plant; ~20% CO2 saving, up to ~80% with CCS on the concentrated CO2 off-gas",5-6,60 kt/y pilot plant operated at Tata Steel IJmuiden through multiple campaigns; no industrial-scale demonstration built (Global Energy Monitor / Tata publications),Requires new-build vessel; scale-up risk; CCS needed for deep abatement; Tata's focus has shifted to DRI-EAF,No UK deployment; originally developed partly by Tata Steel (ex-Corus UK R&D involvement),sector_specific,[REF_HISARNA] Global Energy Monitor summary of HIsarna process status and pilot campaigns,medium
htp_heat_pump_100_150,High-temperature heat pumps 100-150C,electrification,gas; oil,"Low-pressure steam and hot processes 100-150C: evaporation, drying, sterilisation, distillation reboil",8-9,"IEA HPT Annex 58 Task 1 (2023): reviewed HTHP solutions span TRL 4-9, commercially available 'up to 120C' 2024-25 and 'up to 160C' 2025-26; de Boer et al. (2020) frame TRL8 at 100-150C (25 full-scale demos); Agora (2024): industrial heat pumps 'TRL 8 (at very high temperatures and high capacities) - 9'",Grid connection; heat-source temperature/quantity; limited supplier and service network; higher capex than boilers; integration/retrofit engineering,Early commercial/demonstration in UK; supplier products available (steam-generating heat pumps),cross_cutting,[ANNEX58_2023] Executive summary commercial-availability timeline; DEBOER2020 TRL band; AGORA2024 table. de Boer figures are partly framed as demo-count targets - see challenges,high
htp_heat_pump_150_200,Very-high-temperature heat pumps 150-200C,electrification,gas; oil,Medium-pressure steam and process heat 150-200C,6-7,de Boer et al. (2020): 'Up to 5 pilot scale (+/-100 kW) demonstration projects to validate the technical feasibility of industrial heat pumps to supply heat beyond 150C. (TRL6-7)'; Annex 58 (2023) notes 'considerable effort needed to develop and demonstrate' at these temperatures,As 100-150C plus refrigerant/compressor limits at high lift; efficiency and cost unproven at scale; few reference plants,Pilot/prototype internationally; no known UK commercial install,cross_cutting,[DEBOER2020] >150C entry of TRL list; ANNEX58_2023 for status corroboration,medium
hvo_bio_oils_dropin,"HVO and bio-oils as drop-in fuel (mobile plant, standby generation, heating oil replacement)",mobile_plant,oil,"Direct diesel/gas-oil substitute in existing engines, mobile plant and standby boilers/generators; no equipment change",9,"IEA Bioenergy Task 39 (2024): the HVO/HEFA pathway 'has already achieved commercial status' (commercial = top of the report's TRL framework); ETIP Bioenergy factsheet (2020): 'The production of HVO is well-developed at industrial scale'; DESNZ NRMM CfE summary (2025): 'HVO was reported to be an effective drop-in replacement for diesel, without impacting on performance'",Feedstock sustainability/verification (UCO fraud risk raised in CfE responses); price premium over diesel; supply competition with aviation (HEFA),Deployed - widely used on UK construction sites and for standby generation,cross_cutting,[IEABIO_T39_2024] Commercial-status statement mapped to TRL 9 of the report's own framework (Table 2) - mapping noted in challenges; ETIP_HVO2020 and DESNZ_NRMM_CFE2025 corroborate,medium
hydrogen_fuel_cell_haul_truck,Hydrogen fuel-cell/battery hybrid ultra-class haul truck (nuGen-type),mobile_plant,diesel,Zero-emission haulage for large rigid haul trucks (100t+ payload),6-7,Single 2MW prototype (Anglo American nuGen) demonstrated in operational mine environment since 2022; not a commercial product,On-site hydrogen production/refuelling; very high cost; no OEM series product; UK quarry truck sizes smaller than demo class,No UK activity; overseas demonstration only,sector_specific,[REF_ANGLO22] OEM press release for world-first hydrogen haul truck prototype,medium
hydrogen_nrmm,Hydrogen mobile plant (fuel cell and H2 combustion engine NRMM),mobile_plant,oil,"Motive power for heavy, high-utilisation machinery where batteries impractical; H2 gensets",,"No numeric TRL extracted. ERM study for DESNZ (2023): hydrogen fuel cell 'in development'; DESNZ CfE summary (2025): respondents report 'hydrogen fuel cell machinery, such as generators, are already commercially available' and suggest 'hydrogen ICE should be assumed to be available sooner... by 2030'","On-site H2 supply, storage and refuelling; fuel cost; regulations (storage, RTFO treatment); early OEM offerings only (e.g. JCB H2 ICE)",Demonstration/pilot (JCB hydrogen ICE machines; fuel-cell gensets on construction sites),cross_cutting,[DESNZ_NRMM_CFE2025] Respondent statements; ERM_NRMM2023 for development status; TRL null per rules,low
impingement_tad_drying_conversion,Impingement / through-air drying conversion,process_change,gas,High-intensity impingement or through-air drying sections raising drying rates and enabling fuel-switched (H2/electric) hoods,9,TAD and impingement hoods commercially established in tissue; UK roadmap lists advanced drying technologies among options,Air-based drying is gas-fired unless paired with electric or H2 heating; TAD raises specific energy (used for quality); machine rebuild,TAD installed at some UK tissue sites,sector_specific,[paper_roadmap_2015] UK pulp & paper 2050 roadmap covers advanced drying options,low
increased_rap_content,High reclaimed asphalt pavement (RAP) content,process_change,bitumen; virgin_aggregate; gasoil,"Recycle planings into new asphalt, cutting embodied carbon of binder and aggregate",9,Commercially deployed; UK producers market mixes with high RAP contents at standard plants,Specification limits on RAP %; RAP supply/quality consistency; high-RAP operation needs plant modifications (parallel drum/superheating); modest effect on plant fuel per tonne,Commercial and growing across UK plants,sector_specific,[R_RAP] Holcim UK recycled asphalt page describing RAP use in UK production,high
induction_heating,Induction heating and melting,electrification,gas; oil; coal,"Heating/melting of electrically conductive materials (metals) to >1200C; forging, hardening, melting",9,Agora Industry/Fraunhofer ISI (2024): induction heating 'Technology readiness level 9 - Established technology in metal processing',Limited to conductive workpieces; high power draw and grid connection; furnace replacement rather than burner retrofit,"Deployed (metals processing, foundries)",cross_cutting,"[AGORA2024] TRL table, induction entry; HASANBEIGI2021 corroborates commercial status",high
inert_anode_smelting,Inert anode aluminium electrolysis (ELYSIS),process_change,carbon anodes (process CO2); anode baking fuel,"Replacing consumable carbon anodes with inert anodes in Hall-Heroult cells, eliminating direct process CO2 and PFC emissions (oxygen by-product)",7,ELYSIS (Alcoa/Rio Tinto) started up a commercial-size 450 kA cell with inert anodes in 2025 — first-of-a-kind demonstration at commercial scale,Anode life and cost; cell energy balance changes (loss of carbon oxidation heat); retrofit to existing potlines unproven; licensing just beginning,"Not deployed at Lochaber (UK's only smelter, hydro-powered); a long-term option for its process CO2",sector_specific,[REF_ELYSIS] Rio Tinto press release on ELYSIS commercial-size inert anode cell start-up,high
insulation_upgrade,"Thermal insulation of plant, pipework and furnaces (incl. refractory upgrade)",efficiency_heat_recovery,gas; oil; coal; electricity,"Reduces standing losses on steam systems, tanks, furnaces; all temperature ranges",,No published TRL located; mature commercial products outside TRL frameworks in the sources reviewed,Access/outage for hot works; none technical,Deployed; persistent economic potential,cross_cutting,[HASANBEIGI2021] TRL null per rules; context reference only,medium
inverter_welding_equipment,Inverter welding power sources,efficiency_heat_recovery,electricity,"Replacement of transformer-rectifier welding sets with inverter power sources, cutting conversion losses and idle draw in welding and body shops",,Mature commercial technology per manufacturer literature; no formal TRL located,Modest absolute savings unless welding-intensive; equipment refresh cycle driven; power quality/harmonics on large installations,Fully commercial; default for new purchases,sector_specific,[REF_LINCOLN_INVERTER] Lincoln Electric technical article on inverter power source energy efficiency,medium
ipcc_in_pit_crushing_conveying,In-pit crushing and conveying (IPCC) / conveyor haulage replacing dump trucks,process_change,diesel,Replace diesel truck haulage from face to plant with in-pit crusher plus electric conveyors,9,Technology in commercial use for decades; documented emissions-reduction driver (Worley; Snowden Optiro),"High capex; reduces mine-plan flexibility; suits long-life, high-tonnage operations with stable haul routes",Field conveyors common at larger UK quarries; full IPCC rare at UK scale,sector_specific,[REF_WORLEY] Industry analysis of IPCC as sustainability/decarbonisation measure vs truck-shovel,high
iron_ore_electrowinning,Low-temperature iron ore electrowinning (SIDERWIN/Volteron),electrification,coke; coking coal; natural gas,"Alkaline electrolysis of iron ore at ~110C producing iron plate for EAF melting, zero direct CO2 with clean power",5-6,EU H2020 SIDERWIN project demonstrated the electrochemical cell at pilot scale (CORDIS results article); ArcelorMittal-John Cockerill 'Volteron' industrial-scale plant announced,Low current density means large cell areas; scale-up unproven; high electricity demand; product must be melted in EAF,No UK activity,sector_specific,[REF_SIDERWIN] CORDIS results article on SIDERWIN electrolysis pilot; ArcelorMittal/John Cockerill industrial plant announcement (REF_VOLTERON),medium
kiln_dryer_cascade_heat_recovery,Kiln-to-dryer cascade heat recovery (tunnel kiln cooling zone heat),efficiency_heat_recovery,gas,Recover hot air from kiln cooling zones to feed dryers in brick/tile/ceramics works,9,Established industry practice discussed in BEIS/BCC 2015 ceramics roadmap,"Couples kiln and dryer scheduling; retrofit ducting; many UK sites already do this, limiting incremental savings; conflicts with kiln electrification (less waste heat)",Widely deployed; further optimisation potential,sector_specific,[R_BEIS_CER2015] BEIS/BCC ceramics roadmap covers heat recovery from kilns to dryers,high
kiln_net_zero_fuel_mix_h2_biomass,Net-zero kiln fuel mix (hydrogen + biomass wastes) for cement/lime kilns,hydrogen,coal; petcoke; gas; waste_fuels,"Main-burner fuel mix of hydrogen, meat and bone meal and glycerine demonstrated at commercial cement kiln scale",,No numeric TRL located; world-first commercial-scale trial completed at Hanson/Heidelberg Ribblesdale (2021) under BEIS fuel-switching programme,Hydrogen supply/cost and onsite storage; burner and flame-profile modifications; biomass by-product availability; addresses combustion CO2 only (~40% of cement emissions),Demonstrated at Ribblesdale cement works; academic study confirmed success,sector_specific,[R_MPA_RIBB] MPA press release on world-first net zero fuel mix trial at Ribblesdale,high
lab_air_change_reduction_dcv,Lab air-change-rate reduction with demand-controlled ventilation,efficiency_heat_recovery,gas; electricity,Risk-based ACH reduction with air-quality sensing and demand-controlled ventilation,9,Commercial systems with documented case studies (WBDG / Smart Labs),Hazard assessment and governance of setpoints; sensor maintenance,Growing UK uptake in university and commercial labs,sector_specific,[wbdg_ach_2022] WBDG resource on reducing lab air change rates,high
lab_exhaust_heat_recovery,Lab exhaust heat recovery (run-around coils),efficiency_heat_recovery,gas,Run-around coil/plate heat recovery on 100% outside-air laboratory ventilation,9,Established best practice per Labs21/NREL guide,Contamination risk rules out wheels in many labs (run-around preferred); added fan power; retrofit space,Standard in new UK lab buildings; large retrofit potential in older stock,sector_specific,[nrel_labs21_erv] Labs for the 21st Century best practice guide on energy recovery,high
lab_led_lighting_controls,LED lighting with occupancy/daylight controls (labs),efficiency_heat_recovery,electricity,LED retrofit and occupancy sensing in lab and write-up spaces,9,Commercial; lab occupancy-sensor implementation case study (I2SL Smart Labs),Sensor placement in cellular lab spaces; small share of total lab energy versus HVAC,Standard retrofit measure in UK estates,sector_specific,[emory_lighting_case] Smart Labs case study on occupancy sensors in labs,high
led_high_bay_lighting,LED high-bay lighting with controls,efficiency_heat_recovery,electricity,"Replacement of HID/fluorescent high-bay luminaires with LED plus occupancy/daylight controls in workshops, factories and sortation halls",,Mature commercial technology; no formal TRL rating located,Capex only; interaction with heating (reduced internal gains) marginal; emergency lighting compliance on retrofit,Fully commercial and default retrofit; typically 50%+ lighting energy saving per Carbon Trust guidance,sector_specific,[REF_CT_LIGHTING] Carbon Trust Lighting overview guide covers LED retrofit and controls,high
led_uv_curing,LED-UV curing replacing gas-fired dryers,electrification,gas,Instant-cure LED-UV inks replacing gas heatset/IR dryers on web and sheetfed presses,9,Commercially available; European web printers reported converting from gas heatset dryers to LED-UV (trade press),Ink cost premium; substrate/ink compatibility; coldset newsprint has no dryer so limited relevance there,Commercially available and adopted by some UK commercial printers,sector_specific,[baldwin_leduv] Baldwin/trade report on heatset-to-LED-UV conversions,medium
lime_oxyfuel_flash_calcination,Oxyfuel flash calcination of lime with inherent CO2 capture (Origen ZerCaL),ccs_ccu,gas; process_co2,Flash calciner producing quicklime with concentrated capture-ready CO2 stream,,No numeric TRL located; demonstration kiln commissioning reported by developer; ZerCaL250 project proposed in Humber,First-of-a-kind; oxygen supply; lime product quality/reactivity; needs CO2 transport and storage offtake,"UK developer (Origen); demonstration stage, proposed UK deployment",sector_specific,[R_ORIGEN] Origen news on kiln commissioning; Invest Humber ZerCaL250 listing corroborates UK project,low
low_bake_paint_chemistry,Low-bake / low-temperature-cure paint chemistry,process_change,gas,"Reformulated OEM coatings curing at reduced oven temperatures (~80-120C vs 140-180C), cutting paint-shop oven fuel use and enabling oven electrification",,US DOE advanced coatings workshop (2016) discusses low-temperature-cure automotive coatings as a development priority; no formal TRL published,"Requires OEM paint requalification (appearance, durability, corrosion warranty); coating supplier lock-in; benefits depend on oven redesign","OEM/supplier trials (e.g. BASF, PPG low-cure systems); not standard practice in UK plants",sector_specific,[REF_DOE_COATINGS] US DOE workshop report on advanced coatings for automotive applications covers low-temperature cure,medium
low_gwp_process_gas_substitution,Low-GWP process gas substitution,process_change,f_gases,"Substituting high-GWP etch/clean gases (CF4, SF6) with low-GWP alternatives (e.g. C3F6, C2F4O)",3,"Laboratory plasma etch studies published (ACS Sustainable Chemistry & Engineering, 2025)","Per-tool, per-recipe requalification; etch performance parity unproven at production scale",Research stage; no UK production use identified,sector_specific,[acs_lowgwp_2025] Peer-reviewed study of low-GWP CF4 replacement etch gas,low
low_temperature_tanning_chemistry,Low-temperature / alternative tanning chemistry,process_change,gas,Alternative tanning/retanning chemistries and float management reducing hot-water and drying energy,,No published TRL located; chrome-free/low-float systems commercially offered; UNIDO framework discusses cleaner process options,Leather quality and customer acceptance; process requalification; energy-saving evidence site-specific,Some UK tanneries trialling chrome-free systems; uptake limited,sector_specific,[unido_framework_2019] UNIDO framework for sustainable leather manufacture,low
malting_kiln_heat_pump,Heat-pump kilning with kiln exhaust heat recovery,electrification,gas,"Large heat pumps recovering latent heat from humid kiln exhaust to supply ~60-90C kiln air, replacing gas-fired air heating",,"No published TRL; full-scale projects in planning/execution (Boortmalt Bury St Edmunds planning application 2024, described as its second large-scale heat pump project)",Kiln airflow/temperature profile (curing phase hottest); large electrical connection; fouling of exhaust heat exchangers; malt quality/flavour validation,"Demonstration stage in UK malting; Boortmalt Bury St Edmunds (100kt/yr) plans ~9,150 tCO2/yr saving",sector_specific,[BOORTMALT_HP] Boortmalt planning application for heat-pump decarbonisation of Bury St Edmunds maltings,medium
microwave_assisted_ceramic_firing,Microwave-assisted firing/sintering of ceramics,electrification,gas,Hybrid microwave plus conventional heating to cut firing energy and cycle time,,No numeric TRL located; long-standing R&D (UK IET conference paper 1998; recent lab studies) with no industrial-scale deployment identified,Heating uniformity and susceptor issues; scale-up beyond kW-scale kilns; product-specific validation; retrofit difficulty,"UK R&D heritage, no industrial deployment found",sector_specific,[R_MW_IET] IET 'Microwave-assisted firing of ceramics'; recent MDPI study (R_MW_MDPI) confirms continued lab-scale status,low
microwave_rf_drying,Microwave / radio-frequency dielectric heating and drying,electrification,gas; electricity,"Volumetric drying/heating of dielectric materials: food, chemicals drying, freeze-drying assist; novel uses (pyrolysis, minerals) lower TRL",7-9,"CalNEXT/AESC Industrial Microwave Technologies Market Study (2024): food processing 'estimated TRL is 7 to 9'; chemicals 'For simple drying applications, the current estimated TRL is 7 to 9'; complex reactions (e.g. pyrolysis) TRL 3-6; metallurgy TRL 3-4",Product dielectric properties determine suitability; per-line engineering; magnetron/solid-state source costs; scale-up beyond drying unproven,"Commercial in food niches (tempering, drying); demonstration elsewhere",cross_cutting,[CALNEXT2024] Sector-by-sector TRL estimates; TRL given applies to drying duties only,medium
minewater_heat_pump_recovery,Minewater heat recovery via heat pumps (heat networks / building heat),other,natural_gas,Extract low-grade heat (~15-20C) from pumped minewater at treatment/pumping schemes and upgrade with heat pumps for heat offtakers,9,Gateshead 6MW minewater heat network fully operational since March 2023 (GOV.UK); Coal Authority Dawdon/Seaham scheme in development,Needs nearby heat demand; displaces offtakers' gas rather than site's own fuel; ochre fouling of heat exchangers; long-term coordination with Mining Remediation Authority,Operational (Gateshead); further Coal Authority schemes in development (Seaham/Dawdon),sector_specific,[REF_GOVUK_GATESHEAD] Official confirmation of operational UK minewater heat scheme,high
molten_oxide_electrolysis,Molten oxide electrolysis of iron ore (Boston Metal),electrification,coke; coking coal; natural gas,"Direct electrolytic reduction of iron ore to liquid metal at ~1600C using inert anodes, zero direct CO2 with clean power",4-5,"Independent technology assessment (Thunder Said Energy) places MOE at pilot stage (~TRL 4-5); Boston Metal operating semi-industrial cells, commercial demo planned late 2020s",Inert anode durability at 1600C; very high electricity demand; scale-up from pilot cells; no continuous industrial operation yet,No UK activity,sector_specific,[REF_BOSTON] Thunder Said Energy technology review of Boston Metal MOE; company fact sheet (REF_BOSTON_FS),medium
mvr,Mechanical vapour recompression (MVR),electrification,gas; oil,"Recompression of process vapour/waste steam to useful pressure (~2.5-4.5 bar up to ~13 bar); evaporation, distillation, concentration duties",9,TNO/energy.nl factsheet 'Industrial mechanical vapour recompression' (Marsidi 2018): 'TRL 9'; ARENA/Alcoa (2022): 'MVR is an established technology' though first-of-a-kind at alumina-refinery scale,"Needs a clean, condensable vapour stream at suitable pressure; compressor sizing/fouling; grid connection; novel at very large single-train scale","Commercial in evaporation-heavy sectors (food, chemicals, effluent); site-specific",cross_cutting,[TNO_MVR2018] Factsheet TRL field; ARENA_MVR2022 for scale caveat,high
natural_refrigerant_refrigeration,High-efficiency natural refrigerant (NH3/CO2) refrigeration replacement,efficiency_heat_recovery,electricity,"Replace ageing HFC/R22 plant with efficient ammonia or transcritical CO2 systems, often with integrated heat recovery",,No formal TRL; mature commercial technology with large UK installations (e.g. multi-MW ammonia plant at NewCold cold store),Ammonia safety case (DSEAR); CO2 efficiency at high ambient; capex vs drop-in refrigerant swap; F-gas phase-down timing,Fully commercial in UK food cold chain; F-gas regulation is driving conversion,sector_specific,[STAR_NATREF] Star Refrigeration guidance on natural refrigerant options under tightening F-gas rules; NewCold ammonia installation,high
ohmic_heating_food,Ohmic (direct resistance) heating of pumpable foods,electrification,gas,Direct volumetric electric heating for pasteurisation/sterilisation/cooking of pumpable and particulate foods,,"No formal TRL; peer-reviewed reviews report commercial ohmic installations for fruit, ready meals and liquid foods",Product must be pumpable with suitable conductivity; electrode fouling/corrosion; niche equipment supply; validation burden,Commercially available at niche scale; limited UK penetration,sector_specific,"[OHMIC_REVIEW] Peer-reviewed review of ohmic heating technology, applications and commercial status",medium
onsite_solar_pv,Onsite solar PV (roof/ground) for site electricity,other,electricity,Decarbonises/reduces grid electricity purchase; pairs with electrified heat and NRMM charging; no process heat directly,,No numeric TRL located in sources reviewed; IEA describes solar PV among 'well established solar technologies'. (The IEA ETP Clean Energy Technology Guide rates PV but its interactive TRLs could not be programmatically verified - see challenges),Roof condition/area; export/grid connection agreements; only abates electricity (relevant where sites electrify); planning for ground-mount,Deployed widely on UK industrial roofs,cross_cutting,[IEA_SOLARPV] Qualitative maturity statement only; TRL null per rules,medium
oxyfuel_ccs,Oxyfuel combustion capture,ccs_ccu,,Combustion in O2/recycled flue gas giving capture-ready CO2-rich flue; kilns and boilers,5-7,IEA CCUS in Clean Energy Transitions (2020): oxy-fuelling 'currently at the large prototype or pre-demonstration stage (TRL 5 to 7)'; Islam & Patlolla (2025) also rate oxyfuel 'TRL 5 to 7',Air separation unit cost/energy; kiln/burner redesign and air-ingress sealing (retrofit-heavy); CO2 T&S dependence,"None; cement demos in EU (e.g. Heidelberg/CEMCAP lineage, catch4climate)",cross_cutting,[IEA_CCUS2020] Capture-technology TRL section; ISLAM2025 concurs,medium
paint_shop_heat_recovery,Paint shop oven and booth heat recovery / air recirculation,efficiency_heat_recovery,gas,"Heat recovery on paint cure-oven exhaust, spray-booth air recirculation and heat-wheel/runaround recovery on booth make-up air in vehicle paint shops",,Documented as commercial measures in the ENERGY STAR vehicle assembly guide; no formal TRL published,Fouling of heat exchangers by paint overspray/VOC condensates; recirculation limited by solvent concentration and humidity control; retrofit space,"Commercial; standard in modern OEM paint shops, retrofittable to older UK plants",sector_specific,[REF_ESTAR_VEHICLE] ENERGY STAR vehicle assembly guide details paint-shop oven and booth energy measures,high
pfc_point_of_use_abatement,Point-of-use F-gas abatement and gas optimisation,process_change,f_gases,POU plasma/burn-wet abatement and process gas optimisation for PFC/NF3/SF6 from etch and chamber clean,9,World Semiconductor Council best-practice guidance; POU abatement commercially deployed industry-wide,Addresses non-CO2 F-gases rather than energy CO2; fuel-fired combustion abatement adds gas use (electric plasma variants avoid this); capex per tool,Standard practice at UK fabs for new tools,sector_specific,[wsc_pfc_2012] WSC best practice guidance for PFC emission reduction,high
plasma_electric_cutting,Electric plasma cutting replacing oxy-fuel torch cutting,electrification,propane; acetylene; natural gas (cutting fuel),"Electric plasma arc (and laser for plate) cutting of steel in place of oxy-fuel gas torches for scrap sizing, ship dismantling and plate prep",9,Plasma cutting is mature commercial technology; industry technical comparisons (ESAB) define capability envelope vs oxy-fuel,"Practical thickness limit (~50-160 mm depending on system) — thick sections still need oxy-fuel; needs electrical supply at point of use, limiting hand-held field cutting on large scrap",Commercially available and widely used in UK fabrication; partial substitution potential at scrap yards and shipyards,sector_specific,[REF_ESAB] ESAB technical comparison of oxy-fuel vs plasma cutting capabilities,medium
plasma_torch_heating,Plasma torch process heating,electrification,gas; coal; oil,"Very high temperature heat (>1500C flame equivalents) for kilns, calcination, melting",7-9,"Agora Industry/Fraunhofer ISI (2024): plasma torches 'Technology readiness level 7-9' (small capacities established, clinker-burning applications need development); Svensson et al. (2021, Frontiers in Climate) describe plasma calcination of lime as 'a low TRL level' application while plasma is 'used in the metallurgical industry for melting, remelting and refining'",Electrode life and torch power limits; very high power density grid demand; integration into rotary kilns unproven at scale,None known for process heat; torch hardware commercially available,cross_cutting,[AGORA2024] TRL range is for torches; specific kiln/calcination integrations are lower (SVENSSON2021) - the two sources are combined in this range,medium
plug_in_electric_mobile_crushing_screening,Plug-in/grid-connected electric mobile crushers and screens,electrification,diesel,Mobile crushing and screening run from grid connection or renewable supply instead of onboard diesel,9,"Commercially available product ranges (e.g. Sandvik UJ443E jaw, QH443E cone, QA452e screen) with external grid connection option (Hub-4, 2026)",Site power supply and trailing cable management; genset fallback often still diesel/HVO; higher capex,Commercially available in UK; growing uptake at quarries and recycling sites,sector_specific,[REF_HUB4_2026] Article specifically on electric mobile crushing/screening for quarrying,high
post_combustion_amine_ccs,Post-combustion CO2 capture (amine/chemical absorption),ccs_ccu,,"Capture of flue-gas CO2 from boilers, kilns, furnaces, CHP; retrofit to existing combustion",9-11,"IEA CCUS in Clean Energy Transitions (2020): chemical absorption is the 'most advanced CO2 separation technique (TRL 9-11)' on the IEA 1-11 scale; Islam & Patlolla (2025, Energies): 'At TRL 9-11, amine-based chemical absorption represents the most advanced CO2 separation technique'",CO2 transport & storage network dependence (cluster sequencing); large steam demand for solvent regeneration; footprint for absorber/stripper; capture economics need policy support,"First-of-a-kind under construction: Heidelberg Materials Padeswood cement CCS (HyNet) took FID 25 Sep 2025, construction started Dec 2025 (MHI amine capture)",cross_cutting,[IEA_CCUS2020] Capture-technology TRL section; ISLAM2025 concurs; HEIDELBERG2025 for UK status,high
processless_ctp_plates,Process-free CTP printing plates,process_change,electricity; chemicals,"Eliminate plate processor energy, water and chemistry in platemaking",9,Commercial product (Kodak Sonora) in widespread global use,Small absolute site energy saving (processors are minor loads); plate cost; run-length limits for some grades,Widely used by UK newspaper and commercial printers,sector_specific,[kodak_processfree] Kodak publication on environmental benefits of process-free plates,high
quarry_floating_solar_storage,Quarry solar PV (incl. floating PV on lagoons) with battery storage,other,grid_electricity; diesel,Onsite generation on quarry land/silt lagoons plus storage to supply plant and charge electric mobile plant at remote sites,9,"400kW floating solar array operational at a Cheshire quarry (E&T, June 2026)",Water-level variation in active lagoons; planning; storage sizing for plant start loads; restoration plans,Operational UK example (Cheshire); ground-mount PV on quarry land increasingly common,sector_specific,[REF_EANDT26] UK quarry-specific floating solar deployment,high
recycled_cement_clinker_cec,Recycled cement paste as clinker (Cambridge Electric Cement / Cement 2 Zero),process_change,process_co2; kiln_fuel,Reactivate hydrated cement from demolition waste as slag/clinker substitute in steel EAFs,,No numeric TRL located; UKRI-funded Cement 2 Zero demonstration producing trial batches via Materials Processing Institute EAF,Coupled to EAF steelmaking capacity and slag chemistry; supply chain for demolition cement fines; early-stage scale-up; product standardisation,UK-invented; Cement 2 Zero £6.5m industrial trial programme underway,sector_specific,[R_CEC] University of Cambridge cement recycling story; Cement 2 Zero project page (R_C2Z),medium
refinery_low_carbon_hydrogen_fuel_switch,Refinery fuel switch to low-carbon (blue) hydrogen,hydrogen,refinery_fuel_gas,"Fire refinery heaters, furnaces and boilers on low-carbon hydrogen from cluster supply",,"No published TRL; first hydrogen-ready furnace commissioned at Stanlow (2025), full H2 firing awaits EET HPP1 blue hydrogen plant (HyNet)",Dependent on HyNet H2 production/pipeline timing; burner and furnace conversion; NOx management,UK-leading: EET Fuels Stanlow hydrogen-ready furnace operating on fuel gas; HPP1 government-backed,sector_specific,[eet_furnace_2025] EET Fuels announcement of hydrogen-ready furnace at Stanlow,medium
refinery_process_heater_electrification,Refinery process heater electrification,electrification,refinery_fuel_gas,"Replace fired process heaters (crude, vacuum, reformer, hydrotreater feed) with electric resistance/impedance heaters",,"No formal published TRL located; small electric process heaters commercial, large radiant-duty e-heaters at concept/pilot stage per industry literature",Very large power demand and grid connection; loses refinery fuel gas sink; heater-by-heater replacement in turnarounds,Studied in UK/EU refinery decarbonisation work; no UK deployment,sector_specific,[heater_elec_dt] Decarbonisation Technology article on electrification of process heaters,low
rotating_packed_bed_intensification,Rotating packed bed (HiGee) process intensification,process_change,gas; electricity,Intensified distillation/absorption/stripping in rotating packed beds cutting separation energy and footprint,,"No single published TRL; industrial applications reported for selected duties but HiGee distillation remains pilot-scale (Chem Eng Res Des industrial-application guide, 2018)",Rotating equipment maintenance; scale-up and column-replacement risk; strongly application-specific,UK research base (e.g. Newcastle University); no known UK industrial retrofit,sector_specific,[rpb_guide_2018] Guide on industrial application of rotating packed beds,low
rotodynamic_electric_heater,RotoDynamic electric heater for calciner/kiln process heat (Coolbrook),electrification,coal; petcoke; gas,"Turbomachinery-based electric heating of process air/material to >1000C (pathway to ~1700C), targeted at cement precalciners",,No numeric TRL located; pilot testing completed 2023 exceeding 1000C; first industrial delivery to a cement producer announced 2026,Very large electrical demand and grid connection; kiln/calciner integration unproven; still leaves process CO2 (though in purer stream aiding capture),"No UK deployment; pilot in Finland, first industrial cement deployment overseas",sector_specific,"[R_COOLBROOK] Coolbrook pilot page: >1000C demonstrated, readiness for industrial-scale deployment",medium
shoe_press_advanced_dewatering,Shoe (extended-nip) press / advanced dewatering,efficiency_heat_recovery,gas,Mechanical dewatering upgrade raising post-press solids to cut paper machine drying steam demand,9,Long-established commercial technology widely installed since the 1990s (IPPTA design and applications review),Requires press-section rebuild and machine downtime; benefit grade-dependent; high capex,Widely deployed on UK machines at rebuilds; retrofit potential remains on older machines,sector_specific,[ippta_shoe_2012] IPPTA review of shoe press design and applications in paper machines,high
shore_power_cold_ironing,Shore power / cold ironing for berthed and docked vessels,electrification,marine diesel/gas oil (auxiliary engines),Grid electricity supply to vessels at berth/in dry dock so auxiliary diesel generators shut down during repair and outfitting,9,Commercially deployed at ports internationally; Energy Institute review of cold ironing status and barriers,High-capacity grid connection and frequency conversion; vessel-side compatibility; UK deployment lags and needs funding support,Early UK deployments and government Green Maritime funding interest; British Ports Association pressing for support,sector_specific,[REF_COLDIRON] Energy Institute 'New Energy World' article on the case for cold ironing to cut port emissions,high
solar_thermal_process_heat,Solar thermal for industrial process heat (SHIP),other,gas; oil,"Hot water/low-pressure heat: flat plate to ~100C, evacuated tube to ~120C, advanced designs 150-250C; concentrating collectors to ~400C",,"No numeric TRL located. IRENA-ETSAP Technology Brief (2015): 'FPC and ETC technology is mature and has enormous potential for low temperature industrial process heat', while 'Most solar thermal systems for industrial process heat are small-scale pilot plants'",UK solar resource limits load factor; land/roof area; intermittency needs storage/backup; concentrating systems poorly suited to UK diffuse light,Pilot/niche only in UK,cross_cutting,[IRENA_SHIP2015] Maturity statements without TRL numbers - null per rules,medium
sortation_regen_drives,Regenerative and high-efficiency drives for sortation and conveyors,efficiency_heat_recovery,electricity,"Regenerative VSDs, IE4/IE5 motors, sleep-mode and cascade control on parcel sorters and conveyor networks, recovering braking energy from frequent stop/start",,Commercial per ABB drives literature; no formal TRL published,Savings depend on duty cycle (stop/start and decline sections benefit most); integration with sorter OEM controls,Commercial; deployed in logistics and materials-handling applications,sector_specific,[REF_ABB_REGEN] ABB on regenerative drives converting braking energy to electricity in material handling,medium
steel_offgas_ccu_ethanol,Steel off-gas carbon capture and utilisation to ethanol (Steelanol/LanzaTech),ccs_ccu,process CO2 emissions (BF/BOF gas carbon),"Gas fermentation of carbon-rich BF/BOF off-gases to ethanol, displacing fossil feedstock and reducing net site CO2",7-8,"Commercial-flagship Steelanol plant at ArcelorMittal Ghent inaugurated 2022, first ethanol produced 2023 — first-of-a-kind industrial demonstration",Partial abatement only (carbon leaves as product); economics tied to ethanol markets; requires steady off-gas supply; project economics reported uncertain,No UK installation; applicability shrinking with BF closures,sector_specific,[REF_STEELANOL] ArcelorMittal Europe press release on Steelanol CCU inauguration at Ghent,high
still_tvr_thermocompression,Thermal vapour recompression (thermocompression) on stills and evaporators,efficiency_heat_recovery,gas,Steam-jet recompression of still/evaporator vapours to cut live steam demand in distillation and co-product evaporation,,No formal published TRL located; long-established engineering practice in distillery energy papers (Briggs/Davies) with installations dating to the 1980s,Needs motive steam pressure; lower savings than MVR; still leaves residual fossil steam demand unless boiler fuel switched,Established practice in grain distilleries and dark-grains evaporators; retrofit option for malt distilleries,sector_specific,[BRIGGS_DAVIES] Briggs of Burton technical paper on distillery energy discusses vapour recompression on stills; MVR precedent at Auchroisk (1986),medium
superheated_steam_drying,Superheated steam drying of beet pulp and wet co-products,efficiency_heat_recovery,gas,Pressurised superheated steam dryers replacing HT gas-fired rotary dryers; evaporated water recovered as usable steam,,No formal TRL; multiple full-scale industrial installations internationally (EnerDry steam dryers in beet sugar); first UK unit under construction,High capex (~£50m at Wissington); integration with factory steam balance; campaign operation; product colour/quality,British Sugar Wissington £50m steam dryer project launched 2025 as its biggest decarbonisation project; commercial in EU/US beet sugar,sector_specific,[BSUGAR_WISSINGTON] British Sugar Wissington steam dryer announcement; EnerDry industrial steam drying references,high
superheated_steam_drying_paper,Superheated steam drying of paper web,process_change,gas,Dry paper web in superheated steam atmosphere enabling near-total latent heat recovery (with MVR),4,"Paper-web SSD demonstrated only at lab/pilot scale; SSD industrial in other sectors (Drying Technology review, 2015)","Sheet quality, web entry/exit sealing, full dryer-section redesign; never demonstrated at machine scale",No UK activity identified,sector_specific,[ssd_review_2015] Review of pilot and industrial superheated steam dryers incl. paper status,low
tethered_electric_excavator,Cable-tethered electric excavators and face shovels,mobile_plant,diesel,Electric excavation/loading at the face via trailing HV cable,9,"Series products offered for mine and quarry extraction (e.g. Liebherr R 9200 E; HeavyQuip, 2021)","Trailing cable limits mobility; HV distribution to face required; suits benched, slowly-advancing faces",Commercially available; limited UK quarry uptake to date,sector_specific,[REF_HEAVYQUIP21] OEM launch of electric excavators explicitly for mine/quarry extraction,medium
tgr_bf_ccs,Top-gas recycling blast furnace with CO2 capture (ULCOS TGR-BF),ccs_ccu,coke; pulverised coal (PCI),"BF operating on recycled decarbonated top gas with oxygen injection, CO2 removed and sent to storage; ~50-60% CO2 reduction with CCS",5-6,"Piloted at LKAB experimental BF, Lulea under ULCOS (EU-published final report); never demonstrated at industrial scale — planned Florange demo cancelled","Major BF rebuild (oxygen operation, gas separation); needs CO2 transport and storage; industrial demonstration gap since 2014",Not pursued in UK; BF fleet closure removes the application,sector_specific,[REF_ULCOS] EU Publications Office final report on ULCOS top gas recycling blast furnace process,medium
thermal_storage_power_to_heat,High-temperature thermal storage charged with electricity (power-to-heat + storage),other,gas; oil,"Stores cheap/renewable electricity as heat (bricks/salts/steel) discharging steam or hot air up to several hundred C, enabling flexible electrified heat",7-9,Agora Industry/Fraunhofer ISI (2024): combined thermal storage 'Technology readiness level 7-9' - small-scale industrial application exists; further development needed for higher temperatures/capacities,Grid connection sized for charging; space and weight; economics depend on electricity price spreads/flex markets; few UK references,"Demonstration internationally (e.g. Rondo, Kraftblock); pilot interest in UK",cross_cutting,"[AGORA2024] TRL table, thermal storage entry",medium
trolley_assist_haul_trucks,Trolley-assist (overhead catenary) electric haul truck haulage,electrification,diesel,Electric-drive haul trucks drawing grid power on catenary-equipped haul ramps,9,"Commercial systems operating at multiple mines worldwide (Komatsu, Hitachi, Wabtec; International Mining, 2024)","Needs large electric-drive trucks, fixed haul routes and MW-scale supply; economics require deep pits/long ramps",No known UK deployments; scale mismatch with most UK quarries,sector_specific,[REF_IM_WABTEC24] OEM/industry review of trolley assist for mine haulage decarbonisation,medium
ult_freezer_optimisation,"ULT freezer optimisation (-70C setpoints, consolidation)",efficiency_heat_recovery,electricity,"-70C setpoints, maintenance, consolidation and efficient replacement of ultra-low temperature freezers",9,Commercial practice; CDC case study documented in I2SL Smart Labs Toolkit,Sample integrity governance; behavioural measure needing ongoing management,Promoted via LEAF and freezer challenges across UK institutions,sector_specific,[cdc_ult_case] I2SL case study of ULT freezer optimisation at CDC,high
uv_cure_coatings,UV-cured coatings,process_change,gas,"Ultraviolet-cured coatings replacing thermally-baked coatings for parts, plastics, refinish and potentially body primer/clearcoat, eliminating cure-oven heat",,RadTech describes UV curing as commercially established across many industrial coating applications; no formal TRL published for automotive body duty,"Line-of-sight cure limits complex 3D geometries (mitigated by dual-cure chemistries); coating requalification; UV safety; commercial for flat/small parts, not proven for full body-in-white","Commercial for industrial parts, wood, plastics and refinish; automotive body application at development/demonstration stage",sector_specific,"[REF_RADTECH] RadTech overview of UV/EB curing process, markets and energy benefits",medium
vam_thermal_oxidation,Ventilation air methane (VAM) thermal oxidation,other,fugitive_methane,"Regenerative thermal oxidation of dilute methane in mine ventilation air, optionally with heat recovery",8,Commercial/demonstration units operated at Australian and Chinese mines (CSIRO; WestVAMP),Very dilute methane; safety integration with ventilation circuit; no operating UK deep coal mines to apply it to,Not applicable to current UK operations except legacy shafts; speculative,sector_specific,[REF_CSIRO_VAM] CSIRO programme page on VAM abatement technology,medium
warm_mix_asphalt,Warm mix asphalt (lower-temperature asphalt production),process_change,gas; gasoil,"Reduce mixing/drying temperature by ~20-40C via additives/foaming, cutting burner fuel use",9,Commercially deployed; Highways England/National Highways made warm mix the default expectation for its network (2021),Client specification uptake beyond strategic roads; binder/additive selection; some mixes still require hot production,"Commercial; National Highways default position, offered by all major UK producers",sector_specific,[R_WMA] Construction Index report on Highways England directing contractors to warm mix asphalt,high
waste_derived_fuels,"Waste-derived fuels (RDF/SRF, MBM, waste biomass) in kilns and furnaces",bioenergy,coal; gas; oil,High-temperature kiln fuel (cement/lime) and co-firing; partial decarbonisation (biogenic fraction only),,"No published numeric TRL located. Commercial practice in UK cement (~40%+ thermal substitution); DESNZ IFS Phase 3 funds MPA 'State-of-the-Art Fuel Mix for UK Cement Production' (biomass, hydrogen and electricity mix) as demonstration",Waste permitting and emissions limits; fuel quality variability; chlorine/ash chemistry effects; only biogenic share counts as low-carbon; feedstock competition with EfW,Deployed (cement sector routine); 100% net-zero fuel-mix demonstrated at Ribblesdale under MPA/DESNZ programme,cross_cutting,[DESNZ_IFS3_2022] Project description for MPA fuel-mix demo; TRL null per rules,medium
waste_heat_recovery_process,"Waste heat recovery to process (economisers, recuperators, heat exchangers)",efficiency_heat_recovery,gas; oil; coal,"Recovery of flue-gas/process waste heat for preheating combustion air, feedwater, product or other site heat loads",,No formal published TRL located for generic heat-exchanger-based WHR; universally described as established commercial practice (e.g. funded as mature deployment under DESNZ IETF),Site-specific heat source/sink matching; space and pipework; fouling/corrosive flue gases; economics depend on load coincidence,Deployed widely; further potential remains (IETF-funded projects),cross_cutting,[DESNZ_IFS3_2022] TRL null - conventional WHR predates and sits outside TRL frameworks; flagged in challenges. Reference given only for programme context,medium
wetted_drained_cathode,Wettable/drained TiB2 cathodes for aluminium cells,efficiency_heat_recovery,grid electricity,"TiB2-coated drained cathodes reduce anode-cathode distance and cell voltage, cutting electrolysis energy ~10-20%",4-5,"US DOE pilot programmes (OSTI technical reports) and a 2022 Journal of Sustainable Metallurgy review conclude wettable cathodes remain at pilot/retrofit-trial stage, not commercial",Coating durability and cost; cell magnetohydrodynamic stability at low ACD; retrofit complexity,No UK activity,sector_specific,[REF_TIB2] Springer review of wettable TiB2 cathodes for aluminium electrolysis,medium
wort_vapour_energy_recovery,"Wort boiling vapour recovery (vapour condenser, energy store, TVR/MVR kettle)",efficiency_heat_recovery,gas,"Recovery/recompression of wort kettle vapours to preheat wort or regenerate kettle heat, cutting brewhouse steam demand",,No formal TRL published; offered commercially by major brewhouse suppliers (Steinecker energy-recovery systems) and described by Campden BRI as established practice,Retrofit space and kettle design; savings depend on evaporation rate; MVR variant needs electrical capacity,Commercially available and applied in UK breweries; standard on modern brewhouses,sector_specific,[CAMPDEN_WORT] Campden BRI sustainable brewing guidance on recovery of energy from wort boiling vapour; Steinecker commercial systems,high
zeolite_adsorption_drying,Adsorption (zeolite) assisted low-temperature drying,process_change,gas,Zeolite-dehumidified air enables low-temperature drying of heat-sensitive powders with sorbent regeneration heat recovery,,No published TRL; academic multistage zeolite drying studies (WUR) report modelling/pilot-scale work for heat-sensitive food products,Early stage for dairy/food powders; sorbent regeneration energy; scale-up and hygiene design unproven,No known UK industrial deployment; research/pilot stage,sector_specific,[ZEOLITE_WUR] Wageningen UR work on energy-efficient multistage zeolite drying for heat-sensitive products,low
