option_id,unit_id,relationship,notes,provenance,confidence
abattoir_byproduct_ad,anaerobic_digester,supply,The option is an on-site digester on ABP/paunch feedstock; biogas fuels site boilers or CHP.,"[CARB3_OPT_LIB] decarbonisation_options_library.csv row 'abattoir_byproduct_ad' (option_class, displaces, duty, uk_status) read against [CARB3_UNIT_LIST] unit.csv and [CARB3_SPEC_IMPL] 3.5",high
ad_chp_heat_integration,anaerobic_digester,enables,"Raises the share of CHP jacket/exhaust heat actually used, cutting anaerobic_digester's parasitic heat input coefficient (digester ~40C, pasteurisation ~70C).","[CARB3_OPT_LIB] decarbonisation_options_library.csv row 'ad_chp_heat_integration' (option_class, displaces, duty, uk_status) read against [CARB3_UNIT_LIST] unit.csv and [CARB3_SPEC_IMPL] 3.5",medium
ad_heat_pump_digester_heating,heat_pump_lt_air,is_unit,Electric heat pump supplying 40-70C digester/pasteuriser heat is the LTH air-source heat pump unit.,"[CARB3_OPT_LIB] decarbonisation_options_library.csv row 'ad_heat_pump_digester_heating' (option_class, displaces, duty, uk_status) read against [CARB3_UNIT_LIST] unit.csv and [CARB3_SPEC_IMPL] 3.5",high
air_to_air_hp_warm_air,heat_pump_spc_air,is_unit,Air-to-air replacement of gas warm-air unit heaters is the SPC air-source heat pump unit.,"[CARB3_OPT_LIB] decarbonisation_options_library.csv row 'air_to_air_hp_warm_air' (option_class, displaces, duty, uk_status) read against [CARB3_UNIT_LIST] unit.csv and [CARB3_SPEC_IMPL] 3.5",high
alkali_activated_binder,cement_lowcarbon_elec,route_change,"Replaces Portland cement entirely, so the clinker kiln disappears: spans kiln_pyroprocessing and cement_grinding.","[CARB3_OPT_LIB] decarbonisation_options_library.csv row 'alkali_activated_binder' (option_class, displaces, duty, uk_status) read against [CARB3_UNIT_LIST] unit.csv and [CARB3_SPEC_IMPL] 3.5",medium
ammonia_industrial_fuel,,none,GAP-CARRIER: carrier.csv has no ammonia carrier and unit.csv no ammonia-fired boiler or furnace.,"[CARB3_OPT_LIB] decarbonisation_options_library.csv row 'ammonia_industrial_fuel' (option_class, displaces, duty, uk_status) read against [CARB3_UNIT_LIST] unit.csv and [CARB3_SPEC_IMPL] 3.5",medium
ashp_space_heating_industrial,heat_pump_spc_air,is_unit,Air-to-water heat pump on AHU coils and radiant panels is the SPC air-source heat pump unit.,"[CARB3_OPT_LIB] decarbonisation_options_library.csv row 'ashp_space_heating_industrial' (option_class, displaces, duty, uk_status) read against [CARB3_UNIT_LIST] unit.csv and [CARB3_SPEC_IMPL] 3.5",high
battery_electric_nrmm,,none,"GAP-UNIT: unit.csv has no mobile-plant / NRMM unit, so no forklift, loader or yard-vehicle drivetrain can be represented.","[CARB3_OPT_LIB] decarbonisation_options_library.csv row 'battery_electric_nrmm' (option_class, displaces, duty, uk_status) read against [CARB3_UNIT_LIST] unit.csv and [CARB3_SPEC_IMPL] 3.5",medium
bf_biochar_injection,blast_furnace_coke,enables,Biogenic char substituted for PCI coal changes blast_furnace_coke's solid-fuel input coefficients. GAP-CARRIER: no biochar carrier exists.,"[CARB3_OPT_LIB] decarbonisation_options_library.csv row 'bf_biochar_injection' (option_class, displaces, duty, uk_status) read against [CARB3_UNIT_LIST] unit.csv and [CARB3_SPEC_IMPL] 3.5",medium
bf_h2_injection,blast_furnace_coke,enables,Tuyere hydrogen injection changes blast_furnace_coke's coal and hydrogen input coefficients.,"[CARB3_OPT_LIB] decarbonisation_options_library.csv row 'bf_h2_injection' (option_class, displaces, duty, uk_status) read against [CARB3_UNIT_LIST] unit.csv and [CARB3_SPEC_IMPL] 3.5",medium
bio_feedstock_co_processing,refinery_fixed_mix_gas,enables,Co-processed biogenic feedstock changes the refinery unit's feedstock coefficient. GAP-CARRIER: no bio-feedstock carrier.,"[CARB3_OPT_LIB] decarbonisation_options_library.csv row 'bio_feedstock_co_processing' (option_class, displaces, duty, uk_status) read against [CARB3_UNIT_LIST] unit.csv and [CARB3_SPEC_IMPL] 3.5",medium
bio_feedstock_co_processing,refinery_flexible_mix_gas,enables,"As refinery_fixed_mix_gas: the feedstock coefficient changes, the process does not.","[CARB3_OPT_LIB] decarbonisation_options_library.csv row 'bio_feedstock_co_processing' (option_class, displaces, duty, uk_status) read against [CARB3_UNIT_LIST] unit.csv and [CARB3_SPEC_IMPL] 3.5",medium
biocarbon_fuel_substitution,sinter_plant_coke,enables,Biochar/biocoke for coke breeze changes sinter_plant_coke's solid-fuel input coefficient.,"[CARB3_OPT_LIB] decarbonisation_options_library.csv row 'biocarbon_fuel_substitution' (option_class, displaces, duty, uk_status) read against [CARB3_UNIT_LIST] unit.csv and [CARB3_SPEC_IMPL] 3.5",medium
biocarbon_fuel_substitution,eaf_elec,enables,Biogenic charge and injection carbon changes eaf_elec's carbon input coefficient.,"[CARB3_OPT_LIB] decarbonisation_options_library.csv row 'biocarbon_fuel_substitution' (option_class, displaces, duty, uk_status) read against [CARB3_UNIT_LIST] unit.csv and [CARB3_SPEC_IMPL] 3.5",medium
biogas_upgrading_grid_injection,anaerobic_digester,is_unit,unit.csv's anaerobic_digester is specified 'with biogas upgrading' — this option is that unit.,"[CARB3_OPT_LIB] decarbonisation_options_library.csv row 'biogas_upgrading_grid_injection' (option_class, displaces, duty, uk_status) read against [CARB3_UNIT_LIST] unit.csv and [CARB3_SPEC_IMPL] 3.5",high
biomass_boiler,boiler_lt_biomass,is_unit,Steam and hot water to conventional boiler conditions.,"[CARB3_OPT_LIB] decarbonisation_options_library.csv row 'biomass_boiler' (option_class, displaces, duty, uk_status) read against [CARB3_UNIT_LIST] unit.csv and [CARB3_SPEC_IMPL] 3.5",high
biomass_boiler,boiler_spc_biomass,is_unit,The same plant serving a space-heat duty.,"[CARB3_OPT_LIB] decarbonisation_options_library.csv row 'biomass_boiler' (option_class, displaces, duty, uk_status) read against [CARB3_UNIT_LIST] unit.csv and [CARB3_SPEC_IMPL] 3.5",high
biomethane_fuel,boiler_lt_biomethane,is_unit,"Drop-in for a gas boiler duty, no equipment change.","[CARB3_OPT_LIB] decarbonisation_options_library.csv row 'biomethane_fuel' (option_class, displaces, duty, uk_status) read against [CARB3_UNIT_LIST] unit.csv and [CARB3_SPEC_IMPL] 3.5",high
biomethane_fuel,chp_biomethane_ccgt,is_unit,"Drop-in for a gas CHP duty. GAP-UNIT: no biomethane-fired kiln unit exists, so the kiln leg of this option is unrepresented.","[CARB3_OPT_LIB] decarbonisation_options_library.csv row 'biomethane_fuel' (option_class, displaces, duty, uk_status) read against [CARB3_UNIT_LIST] unit.csv and [CARB3_SPEC_IMPL] 3.5",high
building_fabric_upgrade,,none,"DEMAND-SIDE: insulation, air-tightness and glazing reduce the space-heat duty (3.9/3.3), not any unit coefficient.","[CARB3_OPT_LIB] decarbonisation_options_library.csv row 'building_fabric_upgrade' (option_class, displaces, duty, uk_status) read against [CARB3_UNIT_LIST] unit.csv and [CARB3_SPEC_IMPL] 3.5",medium
calcined_clay_lc3,grinder_mixer_clinker_sub_elec,is_unit,LC3 is a clinker-substitution grinding route; unit.csv's 'cement grinding with increased clinker substitution' is it.,"[CARB3_OPT_LIB] decarbonisation_options_library.csv row 'calcined_clay_lc3' (option_class, displaces, duty, uk_status) read against [CARB3_UNIT_LIST] unit.csv and [CARB3_SPEC_IMPL] 3.5",high
calcium_looping_ccs,kiln_calcium_looping_coal,is_unit,Cement calcium-looping kiln.,"[CARB3_OPT_LIB] decarbonisation_options_library.csv row 'calcium_looping_ccs' (option_class, displaces, duty, uk_status) read against [CARB3_UNIT_LIST] unit.csv and [CARB3_SPEC_IMPL] 3.5",high
calcium_looping_ccs,lime_kiln_calcium_looping_coal,is_unit,Lime calcium-looping kiln.,"[CARB3_OPT_LIB] decarbonisation_options_library.csv row 'calcium_looping_ccs' (option_class, displaces, duty, uk_status) read against [CARB3_UNIT_LIST] unit.csv and [CARB3_SPEC_IMPL] 3.5",high
carbonated_manufactured_aggregate,,none,OUT-OF-SET: manufactured aggregate from APCr plus CO2 is a product route outside the premise's process set; no unit converts between modelled carriers.,"[CARB3_OPT_LIB] decarbonisation_options_library.csv row 'carbonated_manufactured_aggregate' (option_class, displaces, duty, uk_status) read against [CARB3_UNIT_LIST] unit.csv and [CARB3_SPEC_IMPL] 3.5",medium
carbonation_curing_precast,,none,"GAP-UNIT: no CO2-curing chamber unit. The option displaces steam/heat curing, i.e. it removes a curing duty rather than changing a unit.","[CARB3_OPT_LIB] decarbonisation_options_library.csv row 'carbonation_curing_precast' (option_class, displaces, duty, uk_status) read against [CARB3_UNIT_LIST] unit.csv and [CARB3_SPEC_IMPL] 3.5",medium
carbothermic_aluminium,,route_change,"GAP-UNIT: unit.csv carries no aluminium smelting unit at all (no electrolysis_potlines node), so the replacement route has nothing to replace.","[CARB3_OPT_LIB] decarbonisation_options_library.csv row 'carbothermic_aluminium' (option_class, displaces, duty, uk_status) read against [CARB3_UNIT_LIST] unit.csv and [CARB3_SPEC_IMPL] 3.5",medium
clinker_substitution_scm,grinder_mixer_clinker_sub_elec,is_unit,SCM and limestone substitution at the finish mill is the increased-clinker-substitution grinding unit.,"[CARB3_OPT_LIB] decarbonisation_options_library.csv row 'clinker_substitution_scm' (option_class, displaces, duty, uk_status) read against [CARB3_UNIT_LIST] unit.csv and [CARB3_SPEC_IMPL] 3.5",high
co2_mineralised_concrete,,none,OUT-OF-SET: CO2 injected into fresh concrete mix; concrete batching is not a process this option's hosts model as a carrier conversion.,"[CARB3_OPT_LIB] decarbonisation_options_library.csv row 'co2_mineralised_concrete' (option_class, displaces, duty, uk_status) read against [CARB3_UNIT_LIST] unit.csv and [CARB3_SPEC_IMPL] 3.5",medium
cog_hydrogen_recovery,,none,GAP-UNIT: no coke-oven-gas hydrogen separation unit (PSA/membrane) in the EN family.,"[CARB3_OPT_LIB] decarbonisation_options_library.csv row 'cog_hydrogen_recovery' (option_class, displaces, duty, uk_status) read against [CARB3_UNIT_LIST] unit.csv and [CARB3_SPEC_IMPL] 3.5",medium
coke_dry_quenching,,none,"GAP-UNIT: the host (coke oven battery / coke quenching) has no chemistry unit in unit.csv, so the recovered sensible heat has no unit to sit on.","[CARB3_OPT_LIB] decarbonisation_options_library.csv row 'coke_dry_quenching' (option_class, displaces, duty, uk_status) read against [CARB3_UNIT_LIST] unit.csv and [CARB3_SPEC_IMPL] 3.5",medium
compressed_air_optimisation,motor_elec,enables,Cuts the compressor's specific power: motor_elec's electricity input coefficient on a compressed_air MOT duty.,"[CARB3_OPT_LIB] decarbonisation_options_library.csv row 'compressed_air_optimisation' (option_class, displaces, duty, uk_status) read against [CARB3_UNIT_LIST] unit.csv and [CARB3_SPEC_IMPL] 3.5",medium
controls_vsds,motor_elec,enables,"Same coefficient as compressed_air_optimisation, across motor, fan and pump duties.","[CARB3_OPT_LIB] decarbonisation_options_library.csv row 'controls_vsds' (option_class, displaces, duty, uk_status) read against [CARB3_UNIT_LIST] unit.csv and [CARB3_SPEC_IMPL] 3.5",medium
cupola_to_induction,furnace_ht_elec,route_change,Coke-fired cupola replaced by electric induction melting; named as a whole-route option in README_decarbonisation_options.md challenge 7.,"[CARB3_OPT_LIB] decarbonisation_options_library.csv row 'cupola_to_induction' (option_class, displaces, duty, uk_status) read against [CARB3_UNIT_LIST] unit.csv and [CARB3_SPEC_IMPL] 3.5",medium
dairy_membrane_preconcentration,,none,"DEMAND-SIDE: RO/NF removes water ahead of the evaporator, reducing the evaporation duty rather than changing a unit coefficient.","[CARB3_OPT_LIB] decarbonisation_options_library.csv row 'dairy_membrane_preconcentration' (option_class, displaces, duty, uk_status) read against [CARB3_UNIT_LIST] unit.csv and [CARB3_SPEC_IMPL] 3.5",medium
destratification_radiant_conversion,,none,DEMAND-SIDE: reduces the space-heat duty in tall spaces.,"[CARB3_OPT_LIB] decarbonisation_options_library.csv row 'destratification_radiant_conversion' (option_class, displaces, duty, uk_status) read against [CARB3_UNIT_LIST] unit.csv and [CARB3_SPEC_IMPL] 3.5",medium
diesel_electric_hybrid_mobile_crushing,,none,GAP-UNIT: no mobile-plant / NRMM unit.,"[CARB3_OPT_LIB] decarbonisation_options_library.csv row 'diesel_electric_hybrid_mobile_crushing' (option_class, displaces, duty, uk_status) read against [CARB3_UNIT_LIST] unit.csv and [CARB3_SPEC_IMPL] 3.5",medium
digestate_drying_chp_waste_heat,anaerobic_digester,enables,"Recovered engine heat dries digestate fibre, changing anaerobic_digester's heat balance; competes with ad_chp_heat_integration for the same heat.","[CARB3_OPT_LIB] decarbonisation_options_library.csv row 'digestate_drying_chp_waste_heat' (option_class, displaces, duty, uk_status) read against [CARB3_UNIT_LIST] unit.csv and [CARB3_SPEC_IMPL] 3.5",medium
direct_separation_leilac,,none,GAP-UNIT: no indirectly heated (direct-separation) calciner among the kiln_* or lime_kiln_* units.,"[CARB3_OPT_LIB] decarbonisation_options_library.csv row 'direct_separation_leilac' (option_class, displaces, duty, uk_status) read against [CARB3_UNIT_LIST] unit.csv and [CARB3_SPEC_IMPL] 3.5",medium
distillery_coproduct_ad,anaerobic_digester,supply,On/near-site digester on distillery co-products.,"[CARB3_OPT_LIB] decarbonisation_options_library.csv row 'distillery_coproduct_ad' (option_class, displaces, duty, uk_status) read against [CARB3_UNIT_LIST] unit.csv and [CARB3_SPEC_IMPL] 3.5",high
dry_body_preparation_ceramics,,none,"DEMAND-SIDE: eliminates the spray-dryer thermal demand, i.e. removes a DRY duty.","[CARB3_OPT_LIB] decarbonisation_options_library.csv row 'dry_body_preparation_ceramics' (option_class, displaces, duty, uk_status) read against [CARB3_UNIT_LIST] unit.csv and [CARB3_SPEC_IMPL] 3.5",medium
eaf_scrap_preheating,eaf_elec,enables,Off-gas scrap preheating cuts eaf_elec's electricity input coefficient.,"[CARB3_OPT_LIB] decarbonisation_options_library.csv row 'eaf_scrap_preheating' (option_class, displaces, duty, uk_status) read against [CARB3_UNIT_LIST] unit.csv and [CARB3_SPEC_IMPL] 3.5",medium
eb_cure_coatings,generic_process_elec,is_unit,Electron-beam cure is an electric process-energy service; OTH is the catch-all family and carries no EB-specific unit.,"[CARB3_OPT_LIB] decarbonisation_options_library.csv row 'eb_cure_coatings' (option_class, displaces, duty, uk_status) read against [CARB3_UNIT_LIST] unit.csv and [CARB3_SPEC_IMPL] 3.5",high
electric_infrared_drying,dryer_electric,is_unit,Electric surface drying and curing is the electric dryer unit.,"[CARB3_OPT_LIB] decarbonisation_options_library.csv row 'electric_infrared_drying' (option_class, displaces, duty, uk_status) read against [CARB3_UNIT_LIST] unit.csv and [CARB3_SPEC_IMPL] 3.5",high
electric_kiln_calcination,,none,GAP-UNIT: every kiln_* and lime_kiln_* unit is fossil-fired; there is no electric kiln or calciner node.,"[CARB3_OPT_LIB] decarbonisation_options_library.csv row 'electric_kiln_calcination' (option_class, displaces, duty, uk_status) read against [CARB3_UNIT_LIST] unit.csv and [CARB3_SPEC_IMPL] 3.5",medium
electric_powder_coating_oven,dryer_electric,is_unit,Electric convection/IR cure oven at ~160-200C is a DRY duty served by the electric dryer unit.,"[CARB3_OPT_LIB] decarbonisation_options_library.csv row 'electric_powder_coating_oven' (option_class, displaces, duty, uk_status) read against [CARB3_UNIT_LIST] unit.csv and [CARB3_SPEC_IMPL] 3.5",high
electric_radiant_space_heating,resistance_heater_spc,is_unit,Electric infrared spot/zone heating is the SPC resistance heater unit.,"[CARB3_OPT_LIB] decarbonisation_options_library.csv row 'electric_radiant_space_heating' (option_class, displaces, duty, uk_status) read against [CARB3_UNIT_LIST] unit.csv and [CARB3_SPEC_IMPL] 3.5",high
electric_resistance_oven_furnace,furnace_ht_elec,is_unit,The >1000C end of the option's range.,"[CARB3_OPT_LIB] decarbonisation_options_library.csv row 'electric_resistance_oven_furnace' (option_class, displaces, duty, uk_status) read against [CARB3_UNIT_LIST] unit.csv and [CARB3_SPEC_IMPL] 3.5",high
electric_resistance_oven_furnace,resistance_heater_lt,is_unit,The ~100C end of the option's range.,"[CARB3_OPT_LIB] decarbonisation_options_library.csv row 'electric_resistance_oven_furnace' (option_class, displaces, duty, uk_status) read against [CARB3_UNIT_LIST] unit.csv and [CARB3_SPEC_IMPL] 3.5",high
electric_steam_cracker,steam_cracker_elec,is_unit,Electric heating of olefin cracker furnaces.,"[CARB3_OPT_LIB] decarbonisation_options_library.csv row 'electric_steam_cracker' (option_class, displaces, duty, uk_status) read against [CARB3_UNIT_LIST] unit.csv and [CARB3_SPEC_IMPL] 3.5",high
electric_tissue_drying_hood,paper_dryer_elec,is_unit,Electric hood and electric steam/heat-pump drying is the paper machine drying-section unit.,"[CARB3_OPT_LIB] decarbonisation_options_library.csv row 'electric_tissue_drying_hood' (option_class, displaces, duty, uk_status) read against [CARB3_UNIT_LIST] unit.csv and [CARB3_SPEC_IMPL] 3.5",high
electric_tunnel_kiln_firing,furnace_ht_elec,is_unit,Ceramic kiln firing at ~1000-1100C is modelled as an HTH duty; D5 puts no ceramic kiln in the chemistry spine.,"[CARB3_OPT_LIB] decarbonisation_options_library.csv row 'electric_tunnel_kiln_firing' (option_class, displaces, duty, uk_status) read against [CARB3_UNIT_LIST] unit.csv and [CARB3_SPEC_IMPL] 3.5",high
electrified_reforming_esmr,,none,GAP-UNIT: the EN family carries smr_gas_ccs and atr_gas_ccs only; no electrified reformer.,"[CARB3_OPT_LIB] decarbonisation_options_library.csv row 'electrified_reforming_esmr' (option_class, displaces, duty, uk_status) read against [CARB3_UNIT_LIST] unit.csv and [CARB3_SPEC_IMPL] 3.5",medium
electrified_static_processing_plant,motor_elec,route_change,Diesel mobile crushing/screening replaced by fixed electric plant: the duty moves from an unrepresented NRMM machine to a MOT duty on motor_elec.,"[CARB3_OPT_LIB] decarbonisation_options_library.csv row 'electrified_static_processing_plant' (option_class, displaces, duty, uk_status) read against [CARB3_UNIT_LIST] unit.csv and [CARB3_SPEC_IMPL] 3.5",medium
electrochemical_synthesis_routes,,route_change,GAP-UNIT: no electrochemical synthesis node in the chemistry spine.,"[CARB3_OPT_LIB] decarbonisation_options_library.csv row 'electrochemical_synthesis_routes' (option_class, displaces, duty, uk_status) read against [CARB3_UNIT_LIST] unit.csv and [CARB3_SPEC_IMPL] 3.5",medium
electrode_boiler,resistance_heater_lt,is_unit,"GAP-UNIT: unit.csv has no electrode boiler. resistance_heater_lt is the nearest LTH electric unit; the STM family has no electric boiler at all, so the steam duty of this option is unrepresented.","[CARB3_OPT_LIB] decarbonisation_options_library.csv row 'electrode_boiler' (option_class, displaces, duty, uk_status) read against [CARB3_UNIT_LIST] unit.csv and [CARB3_SPEC_IMPL] 3.5",high
electrolytic_hydrogen_refinery_integration,electrolyser_pem,is_unit,On-site electrolytic hydrogen.,"[CARB3_OPT_LIB] decarbonisation_options_library.csv row 'electrolytic_hydrogen_refinery_integration' (option_class, displaces, duty, uk_status) read against [CARB3_UNIT_LIST] unit.csv and [CARB3_SPEC_IMPL] 3.5",high
electrolytic_hydrogen_refinery_integration,electrolyser_alkaline,is_unit,"On-site electrolytic hydrogen, alkaline stack.","[CARB3_OPT_LIB] decarbonisation_options_library.csv row 'electrolytic_hydrogen_refinery_integration' (option_class, displaces, duty, uk_status) read against [CARB3_UNIT_LIST] unit.csv and [CARB3_SPEC_IMPL] 3.5",high
ev_fleet_charging_infrastructure,,none,OUT-OF-SET: vehicle charging; README_decarbonisation_options.md challenge 10 records that the benefit accrues outside the site boundary.,"[CARB3_OPT_LIB] decarbonisation_options_library.csv row 'ev_fleet_charging_infrastructure' (option_class, displaces, duty, uk_status) read against [CARB3_UNIT_LIST] unit.csv and [CARB3_SPEC_IMPL] 3.5",medium
fab_low_grade_heat_recovery,heat_pump_lt_reject,is_unit,Recovering process cooling water heat to a useful LTH duty is the reject-heat heat pump unit.,"[CARB3_OPT_LIB] decarbonisation_options_library.csv row 'fab_low_grade_heat_recovery' (option_class, displaces, duty, uk_status) read against [CARB3_UNIT_LIST] unit.csv and [CARB3_SPEC_IMPL] 3.5",high
fast_firing_low_thermal_mass_kilns,,none,DEMAND-SIDE: cuts specific firing energy; with no ceramic kiln unit there is no coefficient to carry it.,"[CARB3_OPT_LIB] decarbonisation_options_library.csv row 'fast_firing_low_thermal_mass_kilns' (option_class, displaces, duty, uk_status) read against [CARB3_UNIT_LIST] unit.csv and [CARB3_SPEC_IMPL] 3.5",medium
fermentation_co2_recovery,,none,"GAP-UNIT: no capture unit on a fermentation host, and carrier.csv defines co2_captured as CO2 leaving to the transport network, not merchant CO2 for reuse.","[CARB3_OPT_LIB] decarbonisation_options_library.csv row 'fermentation_co2_recovery' (option_class, displaces, duty, uk_status) read against [CARB3_UNIT_LIST] unit.csv and [CARB3_SPEC_IMPL] 3.5",medium
fume_cupboard_vav_sash_management,,none,DEMAND-SIDE: reduces the laboratory ventilation duty.,"[CARB3_OPT_LIB] decarbonisation_options_library.csv row 'fume_cupboard_vav_sash_management' (option_class, displaces, duty, uk_status) read against [CARB3_UNIT_LIST] unit.csv and [CARB3_SPEC_IMPL] 3.5",medium
gas_compression_electric_drive,motor_elec,is_unit,Electric motor-driven export/process compression is a MOT duty on motor_elec.,"[CARB3_OPT_LIB] decarbonisation_options_library.csv row 'gas_compression_electric_drive' (option_class, displaces, duty, uk_status) read against [CARB3_UNIT_LIST] unit.csv and [CARB3_SPEC_IMPL] 3.5",high
grid_electric_drilling_rig,,none,GAP-UNIT: no mobile-plant / genset unit.,"[CARB3_OPT_LIB] decarbonisation_options_library.csv row 'grid_electric_drilling_rig' (option_class, displaces, duty, uk_status) read against [CARB3_UNIT_LIST] unit.csv and [CARB3_SPEC_IMPL] 3.5",medium
h2_boiler,boiler_lt_hydrogen,is_unit,Hydrogen steam and hot-water boiler.,"[CARB3_OPT_LIB] decarbonisation_options_library.csv row 'h2_boiler' (option_class, displaces, duty, uk_status) read against [CARB3_UNIT_LIST] unit.csv and [CARB3_SPEC_IMPL] 3.5",high
h2_boiler,boiler_spc_hydrogen,is_unit,The same plant serving a space-heat duty.,"[CARB3_OPT_LIB] decarbonisation_options_library.csv row 'h2_boiler' (option_class, displaces, duty, uk_status) read against [CARB3_UNIT_LIST] unit.csv and [CARB3_SPEC_IMPL] 3.5",high
h2_dri_eaf,dri_midrex_gas,route_change,"GAP-UNIT: no hydrogen shaft-furnace unit; dri_midrex_gas is the gas-based analogue. The route spans coke_ovens, sinter_plant, blast_furnace_ironmaking and bof_steelmaking.","[CARB3_OPT_LIB] decarbonisation_options_library.csv row 'h2_dri_eaf' (option_class, displaces, duty, uk_status) read against [CARB3_UNIT_LIST] unit.csv and [CARB3_SPEC_IMPL] 3.5",medium
h2_dri_eaf,eaf_elec,route_change,The melting leg of the H2-DRI + EAF route.,"[CARB3_OPT_LIB] decarbonisation_options_library.csv row 'h2_dri_eaf' (option_class, displaces, duty, uk_status) read against [CARB3_UNIT_LIST] unit.csv and [CARB3_SPEC_IMPL] 3.5",medium
h2_kiln_furnace_burner,furnace_ht_hydrogen,is_unit,Hydrogen firing of furnaces and kilns above ~400C.,"[CARB3_OPT_LIB] decarbonisation_options_library.csv row 'h2_kiln_furnace_burner' (option_class, displaces, duty, uk_status) read against [CARB3_UNIT_LIST] unit.csv and [CARB3_SPEC_IMPL] 3.5",high
h2_kiln_furnace_burner,dryer_direct_hydrogen,is_unit,Hydrogen firing of direct-fired dryers from ~200C.,"[CARB3_OPT_LIB] decarbonisation_options_library.csv row 'h2_kiln_furnace_burner' (option_class, displaces, duty, uk_status) read against [CARB3_UNIT_LIST] unit.csv and [CARB3_SPEC_IMPL] 3.5",high
h2_ready_equipment,,none,"NOT-A-UNIT: a procurement attribute. It changes when a hydrogen unit becomes eligible (unit_eligibility.earliest_year), not what is built.","[CARB3_OPT_LIB] decarbonisation_options_library.csv row 'h2_ready_equipment' (option_class, displaces, duty, uk_status) read against [CARB3_UNIT_LIST] unit.csv and [CARB3_SPEC_IMPL] 3.5",medium
hbi_dri_charging_eaf,eaf_elec,enables,Merchant DRI/HBI in the charge changes eaf_elec's charge and electricity coefficients.,"[CARB3_OPT_LIB] decarbonisation_options_library.csv row 'hbi_dri_charging_eaf' (option_class, displaces, duty, uk_status) read against [CARB3_UNIT_LIST] unit.csv and [CARB3_SPEC_IMPL] 3.5",medium
heat_pump_above_200,,none,GAP-UNIT: no heat pump unit above 200C; heat_pump_ht is the highest and it is an STM unit below that.,"[CARB3_OPT_LIB] decarbonisation_options_library.csv row 'heat_pump_above_200' (option_class, displaces, duty, uk_status) read against [CARB3_UNIT_LIST] unit.csv and [CARB3_SPEC_IMPL] 3.5",medium
heat_pump_below_100,heat_pump_lt_air,is_unit,Ambient-source low-temperature heat pump.,"[CARB3_OPT_LIB] decarbonisation_options_library.csv row 'heat_pump_below_100' (option_class, displaces, duty, uk_status) read against [CARB3_UNIT_LIST] unit.csv and [CARB3_SPEC_IMPL] 3.5",high
heat_pump_below_100,heat_pump_lt_reject,is_unit,The same duty served from recovered reject heat.,"[CARB3_OPT_LIB] decarbonisation_options_library.csv row 'heat_pump_below_100' (option_class, displaces, duty, uk_status) read against [CARB3_UNIT_LIST] unit.csv and [CARB3_SPEC_IMPL] 3.5",high
heat_recovery_heat_pump,heat_pump_lt_reject,is_unit,Upgrading 20-70C waste heat to 60-150C is exactly the reject-heat heat pump unit.,"[CARB3_OPT_LIB] decarbonisation_options_library.csv row 'heat_recovery_heat_pump' (option_class, displaces, duty, uk_status) read against [CARB3_UNIT_LIST] unit.csv and [CARB3_SPEC_IMPL] 3.5",high
hisarna_smelting_reduction,hisarna_coal,route_change,"Direct smelting of ore fines, eliminating coke_ovens and sinter_plant as well as replacing blast_furnace_ironmaking.","[CARB3_OPT_LIB] decarbonisation_options_library.csv row 'hisarna_smelting_reduction' (option_class, displaces, duty, uk_status) read against [CARB3_UNIT_LIST] unit.csv and [CARB3_SPEC_IMPL] 3.5",medium
htp_heat_pump_100_150,heat_pump_ht,is_unit,The high-temperature (steam) heat pump unit.,"[CARB3_OPT_LIB] decarbonisation_options_library.csv row 'htp_heat_pump_100_150' (option_class, displaces, duty, uk_status) read against [CARB3_UNIT_LIST] unit.csv and [CARB3_SPEC_IMPL] 3.5",high
htp_heat_pump_150_200,,none,GAP-UNIT: no 150-200C heat pump unit.,"[CARB3_OPT_LIB] decarbonisation_options_library.csv row 'htp_heat_pump_150_200' (option_class, displaces, duty, uk_status) read against [CARB3_UNIT_LIST] unit.csv and [CARB3_SPEC_IMPL] 3.5",medium
hvo_bio_oils_dropin,,none,"GAP-CARRIER and GAP-UNIT: no HVO/bio-oil carrier in carrier.csv, and no mobile-plant unit for the engine duty.","[CARB3_OPT_LIB] decarbonisation_options_library.csv row 'hvo_bio_oils_dropin' (option_class, displaces, duty, uk_status) read against [CARB3_UNIT_LIST] unit.csv and [CARB3_SPEC_IMPL] 3.5",medium
hydrogen_fuel_cell_haul_truck,,none,GAP-UNIT: no mobile-plant / NRMM unit.,"[CARB3_OPT_LIB] decarbonisation_options_library.csv row 'hydrogen_fuel_cell_haul_truck' (option_class, displaces, duty, uk_status) read against [CARB3_UNIT_LIST] unit.csv and [CARB3_SPEC_IMPL] 3.5",medium
hydrogen_nrmm,,none,GAP-UNIT: no mobile-plant / NRMM unit.,"[CARB3_OPT_LIB] decarbonisation_options_library.csv row 'hydrogen_nrmm' (option_class, displaces, duty, uk_status) read against [CARB3_UNIT_LIST] unit.csv and [CARB3_SPEC_IMPL] 3.5",medium
impingement_tad_drying_conversion,paper_dryer_elec,enables,Raises the drying rate of the paper machine dryer section: changes paper_dryer_elec's energy coefficient.,"[CARB3_OPT_LIB] decarbonisation_options_library.csv row 'impingement_tad_drying_conversion' (option_class, displaces, duty, uk_status) read against [CARB3_UNIT_LIST] unit.csv and [CARB3_SPEC_IMPL] 3.5",medium
increased_rap_content,,none,"OUT-OF-SET: recycled asphalt planings cut embodied carbon of binder and aggregate, which is outside the premise's carrier balance.","[CARB3_OPT_LIB] decarbonisation_options_library.csv row 'increased_rap_content' (option_class, displaces, duty, uk_status) read against [CARB3_UNIT_LIST] unit.csv and [CARB3_SPEC_IMPL] 3.5",medium
induction_heating,furnace_ht_elec,is_unit,Induction heating and melting of conductive metals is the electric HTH furnace unit.,"[CARB3_OPT_LIB] decarbonisation_options_library.csv row 'induction_heating' (option_class, displaces, duty, uk_status) read against [CARB3_UNIT_LIST] unit.csv and [CARB3_SPEC_IMPL] 3.5",high
inert_anode_smelting,,route_change,GAP-UNIT: no aluminium electrolysis unit; the option spans electrolysis_potlines and anode_production_baking.,"[CARB3_OPT_LIB] decarbonisation_options_library.csv row 'inert_anode_smelting' (option_class, displaces, duty, uk_status) read against [CARB3_UNIT_LIST] unit.csv and [CARB3_SPEC_IMPL] 3.5",medium
insulation_upgrade,,none,"DEMAND-SIDE: cuts standing losses on steam systems, tanks and furnaces, i.e. the duty.","[CARB3_OPT_LIB] decarbonisation_options_library.csv row 'insulation_upgrade' (option_class, displaces, duty, uk_status) read against [CARB3_UNIT_LIST] unit.csv and [CARB3_SPEC_IMPL] 3.5",medium
inverter_welding_equipment,generic_process_elec,enables,Inverter power sources cut welding-set conversion losses: the electricity input coefficient of the OTH electric service unit.,"[CARB3_OPT_LIB] decarbonisation_options_library.csv row 'inverter_welding_equipment' (option_class, displaces, duty, uk_status) read against [CARB3_UNIT_LIST] unit.csv and [CARB3_SPEC_IMPL] 3.5",medium
ipcc_in_pit_crushing_conveying,motor_elec,route_change,Diesel truck haulage from face to plant replaced by an in-pit crusher and electric conveyors: the haulage duty moves to a MOT duty.,"[CARB3_OPT_LIB] decarbonisation_options_library.csv row 'ipcc_in_pit_crushing_conveying' (option_class, displaces, duty, uk_status) read against [CARB3_UNIT_LIST] unit.csv and [CARB3_SPEC_IMPL] 3.5",medium
iron_ore_electrowinning,,route_change,"GAP-UNIT: no electrowinning node in the chemistry spine; the route replaces coke_ovens, sinter_plant and blast_furnace_ironmaking.","[CARB3_OPT_LIB] decarbonisation_options_library.csv row 'iron_ore_electrowinning' (option_class, displaces, duty, uk_status) read against [CARB3_UNIT_LIST] unit.csv and [CARB3_SPEC_IMPL] 3.5",medium
kiln_dryer_cascade_heat_recovery,,none,"ARCHITECTURAL: kiln cooling-zone air feeding a dryer is a reject-heat coefficient (data migration B5) plus the C10 (heat grade cascade) constraint, not a unit.","[CARB3_OPT_LIB] decarbonisation_options_library.csv row 'kiln_dryer_cascade_heat_recovery' (option_class, displaces, duty, uk_status) read against [CARB3_UNIT_LIST] unit.csv and [CARB3_SPEC_IMPL] 3.5",medium
kiln_net_zero_fuel_mix_h2_biomass,,none,"GAP-UNIT: kiln_* units are coal, gas, waste-derived fuel and oil only; there is no hydrogen or biomass cement kiln for a net-zero main-burner mix.","[CARB3_OPT_LIB] decarbonisation_options_library.csv row 'kiln_net_zero_fuel_mix_h2_biomass' (option_class, displaces, duty, uk_status) read against [CARB3_UNIT_LIST] unit.csv and [CARB3_SPEC_IMPL] 3.5",medium
lab_air_change_reduction_dcv,,none,DEMAND-SIDE: reduces the laboratory ventilation duty.,"[CARB3_OPT_LIB] decarbonisation_options_library.csv row 'lab_air_change_reduction_dcv' (option_class, displaces, duty, uk_status) read against [CARB3_UNIT_LIST] unit.csv and [CARB3_SPEC_IMPL] 3.5",medium
lab_exhaust_heat_recovery,,none,"ARCHITECTURAL: run-around coil recovery on 100% outside-air ventilation is a reject-heat coefficient (B5) plus C10, not a unit.","[CARB3_OPT_LIB] decarbonisation_options_library.csv row 'lab_exhaust_heat_recovery' (option_class, displaces, duty, uk_status) read against [CARB3_UNIT_LIST] unit.csv and [CARB3_SPEC_IMPL] 3.5",medium
lab_led_lighting_controls,,none,"DEMAND-SIDE and GAP-UNIT: reduces the lighting duty, and unit.csv has no lighting unit.","[CARB3_OPT_LIB] decarbonisation_options_library.csv row 'lab_led_lighting_controls' (option_class, displaces, duty, uk_status) read against [CARB3_UNIT_LIST] unit.csv and [CARB3_SPEC_IMPL] 3.5",medium
led_high_bay_lighting,,none,"DEMAND-SIDE and GAP-UNIT: reduces the lighting duty, and unit.csv has no lighting unit.","[CARB3_OPT_LIB] decarbonisation_options_library.csv row 'led_high_bay_lighting' (option_class, displaces, duty, uk_status) read against [CARB3_UNIT_LIST] unit.csv and [CARB3_SPEC_IMPL] 3.5",medium
led_uv_curing,generic_process_elec,is_unit,Instant-cure LED-UV replacing gas heatset/IR dryers is an electric OTH service.,"[CARB3_OPT_LIB] decarbonisation_options_library.csv row 'led_uv_curing' (option_class, displaces, duty, uk_status) read against [CARB3_UNIT_LIST] unit.csv and [CARB3_SPEC_IMPL] 3.5",high
lime_oxyfuel_flash_calcination,ccs_oxyfuel_lime,is_unit,Flash calcination with a concentrated capture-ready CO2 stream is the lime oxyfuel unit.,"[CARB3_OPT_LIB] decarbonisation_options_library.csv row 'lime_oxyfuel_flash_calcination' (option_class, displaces, duty, uk_status) read against [CARB3_UNIT_LIST] unit.csv and [CARB3_SPEC_IMPL] 3.5",high
low_bake_paint_chemistry,,none,DEMAND-SIDE: reformulated coatings reduce the cure-oven duty.,"[CARB3_OPT_LIB] decarbonisation_options_library.csv row 'low_bake_paint_chemistry' (option_class, displaces, duty, uk_status) read against [CARB3_UNIT_LIST] unit.csv and [CARB3_SPEC_IMPL] 3.5",medium
low_gwp_process_gas_substitution,,none,OUT-OF-SET: F-gases are not carriers and their emissions are neither co2_process nor a fuel CO2 carrier.,"[CARB3_OPT_LIB] decarbonisation_options_library.csv row 'low_gwp_process_gas_substitution' (option_class, displaces, duty, uk_status) read against [CARB3_UNIT_LIST] unit.csv and [CARB3_SPEC_IMPL] 3.5",medium
low_temperature_tanning_chemistry,,none,DEMAND-SIDE: reduces the hot-water and drying duty.,"[CARB3_OPT_LIB] decarbonisation_options_library.csv row 'low_temperature_tanning_chemistry' (option_class, displaces, duty, uk_status) read against [CARB3_UNIT_LIST] unit.csv and [CARB3_SPEC_IMPL] 3.5",medium
malting_kiln_heat_pump,dryer_heat_pump,is_unit,Recovering latent heat from humid kiln exhaust to supply 60-90C kiln air is the heat-pump dryer unit.,"[CARB3_OPT_LIB] decarbonisation_options_library.csv row 'malting_kiln_heat_pump' (option_class, displaces, duty, uk_status) read against [CARB3_UNIT_LIST] unit.csv and [CARB3_SPEC_IMPL] 3.5",high
microwave_assisted_ceramic_firing,furnace_ht_elec,enables,Hybrid microwave plus conventional heating cuts the HTH unit's energy coefficient per unit of firing.,"[CARB3_OPT_LIB] decarbonisation_options_library.csv row 'microwave_assisted_ceramic_firing' (option_class, displaces, duty, uk_status) read against [CARB3_UNIT_LIST] unit.csv and [CARB3_SPEC_IMPL] 3.5",medium
microwave_rf_drying,dryer_electric,is_unit,Volumetric dielectric drying is an electric dryer.,"[CARB3_OPT_LIB] decarbonisation_options_library.csv row 'microwave_rf_drying' (option_class, displaces, duty, uk_status) read against [CARB3_UNIT_LIST] unit.csv and [CARB3_SPEC_IMPL] 3.5",high
minewater_heat_pump_recovery,heat_pump_lt_reject,is_unit,Upgrading 15-20C minewater heat is the reject-heat heat pump unit. README challenge 10 records that the heat usually serves an off-site offtaker.,"[CARB3_OPT_LIB] decarbonisation_options_library.csv row 'minewater_heat_pump_recovery' (option_class, displaces, duty, uk_status) read against [CARB3_UNIT_LIST] unit.csv and [CARB3_SPEC_IMPL] 3.5",high
molten_oxide_electrolysis,,route_change,"GAP-UNIT: no molten oxide electrolysis node; the route replaces coke_ovens, sinter_plant, blast_furnace_ironmaking and bof_steelmaking.","[CARB3_OPT_LIB] decarbonisation_options_library.csv row 'molten_oxide_electrolysis' (option_class, displaces, duty, uk_status) read against [CARB3_UNIT_LIST] unit.csv and [CARB3_SPEC_IMPL] 3.5",medium
mvr,,none,GAP-UNIT: no mechanical vapour recompression unit. heat_pump_ht is not a substitute — MVR compresses the process vapour itself and its effective COP is an order of magnitude higher.,"[CARB3_OPT_LIB] decarbonisation_options_library.csv row 'mvr' (option_class, displaces, duty, uk_status) read against [CARB3_UNIT_LIST] unit.csv and [CARB3_SPEC_IMPL] 3.5",medium
natural_refrigerant_refrigeration,chiller_electric_hfo,is_unit,unit.csv's advanced (HFO) refrigeration plant is the nearest unit; ammonia and transcritical CO2 plant are not separately represented.,"[CARB3_OPT_LIB] decarbonisation_options_library.csv row 'natural_refrigerant_refrigeration' (option_class, displaces, duty, uk_status) read against [CARB3_UNIT_LIST] unit.csv and [CARB3_SPEC_IMPL] 3.5",high
ohmic_heating_food,generic_process_elec,is_unit,Direct volumetric electric heating of pumpable product is an electric OTH service.,"[CARB3_OPT_LIB] decarbonisation_options_library.csv row 'ohmic_heating_food' (option_class, displaces, duty, uk_status) read against [CARB3_UNIT_LIST] unit.csv and [CARB3_SPEC_IMPL] 3.5",high
onsite_solar_pv,pv_rooftop,supply,Rooftop array.,"[CARB3_OPT_LIB] decarbonisation_options_library.csv row 'onsite_solar_pv' (option_class, displaces, duty, uk_status) read against [CARB3_UNIT_LIST] unit.csv and [CARB3_SPEC_IMPL] 3.5",high
onsite_solar_pv,pv_ground_mount,supply,Ground-mounted array where land is available.,"[CARB3_OPT_LIB] decarbonisation_options_library.csv row 'onsite_solar_pv' (option_class, displaces, duty, uk_status) read against [CARB3_UNIT_LIST] unit.csv and [CARB3_SPEC_IMPL] 3.5",high
oxyfuel_ccs,ccs_oxyfuel,is_unit,Full oxyfuel capture on a cement kiln.,"[CARB3_OPT_LIB] decarbonisation_options_library.csv row 'oxyfuel_ccs' (option_class, displaces, duty, uk_status) read against [CARB3_UNIT_LIST] unit.csv and [CARB3_SPEC_IMPL] 3.5",high
oxyfuel_ccs,ccs_oxyfuel_partial,is_unit,Partial oxyfuel capture on a cement kiln.,"[CARB3_OPT_LIB] decarbonisation_options_library.csv row 'oxyfuel_ccs' (option_class, displaces, duty, uk_status) read against [CARB3_UNIT_LIST] unit.csv and [CARB3_SPEC_IMPL] 3.5",high
oxyfuel_ccs,ccs_oxyfuel_lime,is_unit,Full oxyfuel capture on a lime kiln.,"[CARB3_OPT_LIB] decarbonisation_options_library.csv row 'oxyfuel_ccs' (option_class, displaces, duty, uk_status) read against [CARB3_UNIT_LIST] unit.csv and [CARB3_SPEC_IMPL] 3.5",high
paint_shop_heat_recovery,,none,"ARCHITECTURAL: cure-oven exhaust recovery and heat wheels are reject-heat coefficients (B5) plus C10, not a unit.","[CARB3_OPT_LIB] decarbonisation_options_library.csv row 'paint_shop_heat_recovery' (option_class, displaces, duty, uk_status) read against [CARB3_UNIT_LIST] unit.csv and [CARB3_SPEC_IMPL] 3.5",medium
pfc_point_of_use_abatement,,none,OUT-OF-SET: PFC/NF3/SF6 abatement; these are not carriers in carrier.csv.,"[CARB3_OPT_LIB] decarbonisation_options_library.csv row 'pfc_point_of_use_abatement' (option_class, displaces, duty, uk_status) read against [CARB3_UNIT_LIST] unit.csv and [CARB3_SPEC_IMPL] 3.5",medium
plasma_electric_cutting,generic_process_elec,is_unit,Electric plasma arc and laser cutting replacing oxy-fuel torches is an electric OTH service.,"[CARB3_OPT_LIB] decarbonisation_options_library.csv row 'plasma_electric_cutting' (option_class, displaces, duty, uk_status) read against [CARB3_UNIT_LIST] unit.csv and [CARB3_SPEC_IMPL] 3.5",high
plasma_torch_heating,furnace_ht_elec,is_unit,Very-high-temperature electric heat; furnace_ht_elec is the HTH family's only electric member.,"[CARB3_OPT_LIB] decarbonisation_options_library.csv row 'plasma_torch_heating' (option_class, displaces, duty, uk_status) read against [CARB3_UNIT_LIST] unit.csv and [CARB3_SPEC_IMPL] 3.5",high
plug_in_electric_mobile_crushing_screening,,none,GAP-UNIT: no mobile-plant / NRMM unit.,"[CARB3_OPT_LIB] decarbonisation_options_library.csv row 'plug_in_electric_mobile_crushing_screening' (option_class, displaces, duty, uk_status) read against [CARB3_UNIT_LIST] unit.csv and [CARB3_SPEC_IMPL] 3.5",medium
post_combustion_amine_ccs,ccs_amine,is_unit,MEA amine train on a cement kiln.,"[CARB3_OPT_LIB] decarbonisation_options_library.csv row 'post_combustion_amine_ccs' (option_class, displaces, duty, uk_status) read against [CARB3_UNIT_LIST] unit.csv and [CARB3_SPEC_IMPL] 3.5",high
post_combustion_amine_ccs,ccs_amine_mdea,is_unit,Advanced MDEA amine train on a cement kiln.,"[CARB3_OPT_LIB] decarbonisation_options_library.csv row 'post_combustion_amine_ccs' (option_class, displaces, duty, uk_status) read against [CARB3_UNIT_LIST] unit.csv and [CARB3_SPEC_IMPL] 3.5",high
post_combustion_amine_ccs,ccs_amine_coal_chp,is_unit,MEA amine train with coal CHP on a cement kiln.,"[CARB3_OPT_LIB] decarbonisation_options_library.csv row 'post_combustion_amine_ccs' (option_class, displaces, duty, uk_status) read against [CARB3_UNIT_LIST] unit.csv and [CARB3_SPEC_IMPL] 3.5",high
post_combustion_amine_ccs,ccs_amine_lime,is_unit,MEA amine train on a lime kiln.,"[CARB3_OPT_LIB] decarbonisation_options_library.csv row 'post_combustion_amine_ccs' (option_class, displaces, duty, uk_status) read against [CARB3_UNIT_LIST] unit.csv and [CARB3_SPEC_IMPL] 3.5",high
post_combustion_amine_ccs,ccs_amine_hvc_gas,is_unit,"Amine train on a steam cracker, gas reboiler.","[CARB3_OPT_LIB] decarbonisation_options_library.csv row 'post_combustion_amine_ccs' (option_class, displaces, duty, uk_status) read against [CARB3_UNIT_LIST] unit.csv and [CARB3_SPEC_IMPL] 3.5",high
post_combustion_amine_ccs,ccs_amine_hvc_biomass,is_unit,"Amine train on a steam cracker, biomass co-firing.","[CARB3_OPT_LIB] decarbonisation_options_library.csv row 'post_combustion_amine_ccs' (option_class, displaces, duty, uk_status) read against [CARB3_UNIT_LIST] unit.csv and [CARB3_SPEC_IMPL] 3.5",high
post_combustion_amine_ccs,ccs_amine_hvc_elec,is_unit,Amine train on an electric steam cracker.,"[CARB3_OPT_LIB] decarbonisation_options_library.csv row 'post_combustion_amine_ccs' (option_class, displaces, duty, uk_status) read against [CARB3_UNIT_LIST] unit.csv and [CARB3_SPEC_IMPL] 3.5",high
post_combustion_amine_ccs,ccs_amine_ammonia,is_unit,Amine train on an ammonia steam reformer.,"[CARB3_OPT_LIB] decarbonisation_options_library.csv row 'post_combustion_amine_ccs' (option_class, displaces, duty, uk_status) read against [CARB3_UNIT_LIST] unit.csv and [CARB3_SPEC_IMPL] 3.5",high
post_combustion_amine_ccs,ccs_amine_ironmaking,is_unit,Amine train on ironmaking.,"[CARB3_OPT_LIB] decarbonisation_options_library.csv row 'post_combustion_amine_ccs' (option_class, displaces, duty, uk_status) read against [CARB3_UNIT_LIST] unit.csv and [CARB3_SPEC_IMPL] 3.5",high
post_combustion_amine_ccs,ccs_amine_dri,is_unit,Amine train on direct reduced iron.,"[CARB3_OPT_LIB] decarbonisation_options_library.csv row 'post_combustion_amine_ccs' (option_class, displaces, duty, uk_status) read against [CARB3_UNIT_LIST] unit.csv and [CARB3_SPEC_IMPL] 3.5",high
processless_ctp_plates,,none,"DEMAND-SIDE: eliminates plate-processor energy, water and chemistry in platemaking.","[CARB3_OPT_LIB] decarbonisation_options_library.csv row 'processless_ctp_plates' (option_class, displaces, duty, uk_status) read against [CARB3_UNIT_LIST] unit.csv and [CARB3_SPEC_IMPL] 3.5",medium
quarry_floating_solar_storage,pv_ground_mount,supply,Array on quarry land and silt lagoons.,"[CARB3_OPT_LIB] decarbonisation_options_library.csv row 'quarry_floating_solar_storage' (option_class, displaces, duty, uk_status) read against [CARB3_UNIT_LIST] unit.csv and [CARB3_SPEC_IMPL] 3.5",high
quarry_floating_solar_storage,battery_2h,supply,The storage leg that supplies plant and charges electric mobile equipment.,"[CARB3_OPT_LIB] decarbonisation_options_library.csv row 'quarry_floating_solar_storage' (option_class, displaces, duty, uk_status) read against [CARB3_UNIT_LIST] unit.csv and [CARB3_SPEC_IMPL] 3.5",high
recycled_cement_clinker_cec,cement_lowcarbon_elec,route_change,"Electric cement: hydrated cement from demolition waste reactivated as a slag/clinker substitute in a steel EAF, so the clinker kiln leg disappears.","[CARB3_OPT_LIB] decarbonisation_options_library.csv row 'recycled_cement_clinker_cec' (option_class, displaces, duty, uk_status) read against [CARB3_UNIT_LIST] unit.csv and [CARB3_SPEC_IMPL] 3.5",medium
refinery_low_carbon_hydrogen_fuel_switch,,none,GAP-UNIT: the PHEAT family carries refinery_process_heat_gas only; there is no hydrogen-fired refinery process-heat unit.,"[CARB3_OPT_LIB] decarbonisation_options_library.csv row 'refinery_low_carbon_hydrogen_fuel_switch' (option_class, displaces, duty, uk_status) read against [CARB3_UNIT_LIST] unit.csv and [CARB3_SPEC_IMPL] 3.5",medium
refinery_process_heater_electrification,,none,GAP-UNIT: the PHEAT family carries refinery_process_heat_gas only; there is no electric refinery process-heat unit.,"[CARB3_OPT_LIB] decarbonisation_options_library.csv row 'refinery_process_heater_electrification' (option_class, displaces, duty, uk_status) read against [CARB3_UNIT_LIST] unit.csv and [CARB3_SPEC_IMPL] 3.5",medium
rotating_packed_bed_intensification,,none,DEMAND-SIDE: process intensification cuts the separation duty; no intensification unit exists.,"[CARB3_OPT_LIB] decarbonisation_options_library.csv row 'rotating_packed_bed_intensification' (option_class, displaces, duty, uk_status) read against [CARB3_UNIT_LIST] unit.csv and [CARB3_SPEC_IMPL] 3.5",medium
rotodynamic_electric_heater,furnace_ht_elec,is_unit,Turbomachinery electric heating of process air/material above 1000C; the HTH electric member.,"[CARB3_OPT_LIB] decarbonisation_options_library.csv row 'rotodynamic_electric_heater' (option_class, displaces, duty, uk_status) read against [CARB3_UNIT_LIST] unit.csv and [CARB3_SPEC_IMPL] 3.5",high
shoe_press_advanced_dewatering,paper_press_elec,enables,Raising post-press solids cuts the downstream paper_dryer_elec steam coefficient; the capex sits on paper_press_elec.,"[CARB3_OPT_LIB] decarbonisation_options_library.csv row 'shoe_press_advanced_dewatering' (option_class, displaces, duty, uk_status) read against [CARB3_UNIT_LIST] unit.csv and [CARB3_SPEC_IMPL] 3.5",medium
shore_power_cold_ironing,,none,"GAP-UNIT and GAP-CARRIER: vessel auxiliary power at berth has no unit, and marine gas oil has no carrier.","[CARB3_OPT_LIB] decarbonisation_options_library.csv row 'shore_power_cold_ironing' (option_class, displaces, duty, uk_status) read against [CARB3_UNIT_LIST] unit.csv and [CARB3_SPEC_IMPL] 3.5",medium
solar_thermal_process_heat,solar_thermal_flat,supply,Flat-plate collector to ~100C; evacuated-tube and advanced designs are not separately represented.,"[CARB3_OPT_LIB] decarbonisation_options_library.csv row 'solar_thermal_process_heat' (option_class, displaces, duty, uk_status) read against [CARB3_UNIT_LIST] unit.csv and [CARB3_SPEC_IMPL] 3.5",high
sortation_regen_drives,motor_elec,enables,Regenerative VSDs and IE4/IE5 motors cut motor_elec's electricity input coefficient.,"[CARB3_OPT_LIB] decarbonisation_options_library.csv row 'sortation_regen_drives' (option_class, displaces, duty, uk_status) read against [CARB3_UNIT_LIST] unit.csv and [CARB3_SPEC_IMPL] 3.5",medium
steel_offgas_ccu_ethanol,,none,OUT-OF-SET: gas fermentation to ethanol; no CCU unit and no ethanol carrier.,"[CARB3_OPT_LIB] decarbonisation_options_library.csv row 'steel_offgas_ccu_ethanol' (option_class, displaces, duty, uk_status) read against [CARB3_UNIT_LIST] unit.csv and [CARB3_SPEC_IMPL] 3.5",medium
still_tvr_thermocompression,,none,GAP-UNIT: no thermal vapour recompression unit; see mvr.,"[CARB3_OPT_LIB] decarbonisation_options_library.csv row 'still_tvr_thermocompression' (option_class, displaces, duty, uk_status) read against [CARB3_UNIT_LIST] unit.csv and [CARB3_SPEC_IMPL] 3.5",medium
superheated_steam_drying,,none,"GAP-UNIT: dryer_steam is a conventional steam-heated dryer. Superheated steam drying recovers the evaporated water's latent heat, which is a materially different coefficient set.","[CARB3_OPT_LIB] decarbonisation_options_library.csv row 'superheated_steam_drying' (option_class, displaces, duty, uk_status) read against [CARB3_UNIT_LIST] unit.csv and [CARB3_SPEC_IMPL] 3.5",medium
superheated_steam_drying_paper,,none,"GAP-UNIT: as superheated_steam_drying, on a paper machine; paper_dryer_elec cannot carry near-total latent heat recovery.","[CARB3_OPT_LIB] decarbonisation_options_library.csv row 'superheated_steam_drying_paper' (option_class, displaces, duty, uk_status) read against [CARB3_UNIT_LIST] unit.csv and [CARB3_SPEC_IMPL] 3.5",medium
tethered_electric_excavator,,none,GAP-UNIT: no mobile-plant / NRMM unit.,"[CARB3_OPT_LIB] decarbonisation_options_library.csv row 'tethered_electric_excavator' (option_class, displaces, duty, uk_status) read against [CARB3_UNIT_LIST] unit.csv and [CARB3_SPEC_IMPL] 3.5",medium
tgr_bf_ccs,tgr_blast_furnace_coke,is_unit,The top-gas-recovery blast furnace itself.,"[CARB3_OPT_LIB] decarbonisation_options_library.csv row 'tgr_bf_ccs' (option_class, displaces, duty, uk_status) read against [CARB3_UNIT_LIST] unit.csv and [CARB3_SPEC_IMPL] 3.5",high
tgr_bf_ccs,ccs_amine_ironmaking,is_unit,The capture train on the recovered top gas.,"[CARB3_OPT_LIB] decarbonisation_options_library.csv row 'tgr_bf_ccs' (option_class, displaces, duty, uk_status) read against [CARB3_UNIT_LIST] unit.csv and [CARB3_SPEC_IMPL] 3.5",high
thermal_storage_power_to_heat,thermal_store_steam,supply,Discharging steam.,"[CARB3_OPT_LIB] decarbonisation_options_library.csv row 'thermal_storage_power_to_heat' (option_class, displaces, duty, uk_status) read against [CARB3_UNIT_LIST] unit.csv and [CARB3_SPEC_IMPL] 3.5",high
thermal_storage_power_to_heat,thermal_store_hot_water,supply,Discharging hot water.,"[CARB3_OPT_LIB] decarbonisation_options_library.csv row 'thermal_storage_power_to_heat' (option_class, displaces, duty, uk_status) read against [CARB3_UNIT_LIST] unit.csv and [CARB3_SPEC_IMPL] 3.5",high
trolley_assist_haul_trucks,,none,GAP-UNIT: no mobile-plant / NRMM unit.,"[CARB3_OPT_LIB] decarbonisation_options_library.csv row 'trolley_assist_haul_trucks' (option_class, displaces, duty, uk_status) read against [CARB3_UNIT_LIST] unit.csv and [CARB3_SPEC_IMPL] 3.5",medium
ult_freezer_optimisation,chiller_electric,enables,"Setpoints, maintenance and efficient replacement cut chiller_electric's electricity input coefficient on the REF duty.","[CARB3_OPT_LIB] decarbonisation_options_library.csv row 'ult_freezer_optimisation' (option_class, displaces, duty, uk_status) read against [CARB3_UNIT_LIST] unit.csv and [CARB3_SPEC_IMPL] 3.5",medium
uv_cure_coatings,generic_process_elec,is_unit,UV cure replacing thermally-baked coatings is an electric OTH service.,"[CARB3_OPT_LIB] decarbonisation_options_library.csv row 'uv_cure_coatings' (option_class, displaces, duty, uk_status) read against [CARB3_UNIT_LIST] unit.csv and [CARB3_SPEC_IMPL] 3.5",high
vam_thermal_oxidation,,none,"OUT-OF-SET: ventilation-air methane is a fugitive emission, not a carrier, and methane emissions are not in the carrier set.","[CARB3_OPT_LIB] decarbonisation_options_library.csv row 'vam_thermal_oxidation' (option_class, displaces, duty, uk_status) read against [CARB3_UNIT_LIST] unit.csv and [CARB3_SPEC_IMPL] 3.5",medium
warm_mix_asphalt,,none,DEMAND-SIDE: a lower mixing temperature reduces the aggregate drying and heating duty.,"[CARB3_OPT_LIB] decarbonisation_options_library.csv row 'warm_mix_asphalt' (option_class, displaces, duty, uk_status) read against [CARB3_UNIT_LIST] unit.csv and [CARB3_SPEC_IMPL] 3.5",medium
waste_derived_fuels,kiln_dry_wdf,is_unit,Dry preheater cement kiln on waste-derived fuel.,"[CARB3_OPT_LIB] decarbonisation_options_library.csv row 'waste_derived_fuels' (option_class, displaces, duty, uk_status) read against [CARB3_UNIT_LIST] unit.csv and [CARB3_SPEC_IMPL] 3.5",high
waste_derived_fuels,kiln_fluidbed_wdf,is_unit,Fluidised-bed cement kiln with waste utilisation.,"[CARB3_OPT_LIB] decarbonisation_options_library.csv row 'waste_derived_fuels' (option_class, displaces, duty, uk_status) read against [CARB3_UNIT_LIST] unit.csv and [CARB3_SPEC_IMPL] 3.5",high
waste_derived_fuels,lime_kiln_dry_wdf,is_unit,Dry lime kiln on waste-derived fuel.,"[CARB3_OPT_LIB] decarbonisation_options_library.csv row 'waste_derived_fuels' (option_class, displaces, duty, uk_status) read against [CARB3_UNIT_LIST] unit.csv and [CARB3_SPEC_IMPL] 3.5",high
waste_derived_fuels,lime_kiln_fluidbed_wdf,is_unit,Fluidised-bed lime kiln with waste utilisation.,"[CARB3_OPT_LIB] decarbonisation_options_library.csv row 'waste_derived_fuels' (option_class, displaces, duty, uk_status) read against [CARB3_UNIT_LIST] unit.csv and [CARB3_SPEC_IMPL] 3.5",high
waste_heat_recovery_process,,none,ARCHITECTURAL: flue-gas and process heat recovery is the reject-heat coefficient set (B5) plus the C10 cascade. The upgrade path that does have a unit is heat_recovery_heat_pump.,"[CARB3_OPT_LIB] decarbonisation_options_library.csv row 'waste_heat_recovery_process' (option_class, displaces, duty, uk_status) read against [CARB3_UNIT_LIST] unit.csv and [CARB3_SPEC_IMPL] 3.5",medium
wetted_drained_cathode,,none,GAP-UNIT: no aluminium electrolysis unit to carry a cell-voltage coefficient.,"[CARB3_OPT_LIB] decarbonisation_options_library.csv row 'wetted_drained_cathode' (option_class, displaces, duty, uk_status) read against [CARB3_UNIT_LIST] unit.csv and [CARB3_SPEC_IMPL] 3.5",medium
wort_vapour_energy_recovery,,none,GAP-UNIT: wort kettle vapour recompression; see mvr.,"[CARB3_OPT_LIB] decarbonisation_options_library.csv row 'wort_vapour_energy_recovery' (option_class, displaces, duty, uk_status) read against [CARB3_UNIT_LIST] unit.csv and [CARB3_SPEC_IMPL] 3.5",medium
zeolite_adsorption_drying,,none,GAP-UNIT: no sorption dryer unit. dryer_heat_pump is not a substitute — the sorbent regeneration duty is a different coefficient set.,"[CARB3_OPT_LIB] decarbonisation_options_library.csv row 'zeolite_adsorption_drying' (option_class, displaces, duty, uk_status) read against [CARB3_UNIT_LIST] unit.csv and [CARB3_SPEC_IMPL] 3.5",medium
