"technology_code","technology_name","sector","technology_category","output_commodity","output_unit","emission_class","process_share_pct","process_co2_kt_per_unit","process_ch4_kt_per_unit","process_n2o_kt_per_unit","process_total_kt_per_unit","energy_direct_kt_per_unit","energy_direct_biomass_zerorated_kt_per_unit","energy_indirect_kt_per_unit","direct_total_kt_per_unit","consumes_biomass_fuel","emissions_released","n_emitting_fuel_inputs","emitting_fuel_commodities","retrofit_to","fuel_factor_year"
"ICMKLNOXQ01","BAT kiln full oxyfuel (CCS)","Cement","CCS","ICMCLK","Mt","B_process_dominant",68.9,602.530643032127,0,0,602.530643032127,271.832341749413,271.832341749413,121.543932074764,874.36298478154,FALSE,0.1,5,"IND_NGABOM;INDCOA;INDDISTELC;INDMSWINO;INDNEUMSC",,2021
"ICMKLNPOQ01","Partial oxyfuel dry kiln with CCS","Cement","CCS","ICMCLK","Mt","B_process_dominant",68.9,602.530643032127,0,0,602.530643032127,271.832341749413,271.832341749413,121.543932074764,874.36298478154,FALSE,0.35,5,"IND_NGABOM;INDCOA;INDDISTELC;INDMSWINO;INDNEUMSC",,2021
"ICMKLNCLQ01","Calcium looping kiln","Cement","CCS","ICMCLK","Mt","B_process_dominant",68.1,602.530643032127,0,0,602.530643032127,282.380106828618,282.380106828618,31.5439320747643,884.910749860745,FALSE,0.1,5,"IND_NGABOM;INDCOA;INDDISTELC;INDMSWINO;INDNEUMSC",,2021
"ICMKLND01","Dry kiln, best available technology (BAT)","Cement","Dry kiln","ICMCLK","Mt","B_process_dominant",64.9,602.530643032127,0,0,602.530643032127,325.85043100908,325.85043100908,1.54393207476429,928.381074041207,TRUE,1,7,"IND_NGABOM;INDCOA;INDDISTELC;INDHFO;INDLFO;INDMSWINO;INDMSWORG",,2021
"ICMKLNMNQ01","Dry kiln with natural gas CHP and MEA CCS","Cement","CCS","ICMCLK","Mt","B_process_dominant",51.3,602.530643032127,0,0,602.530643032127,573.120280370619,573.120280370619,1.54393207476429,1175.65092340275,FALSE,0.1,5,"IND_NGABOM;INDCOA;INDDISTELC;INDMSWINO;INDNEUMSC",,2021
"ICMKLNMAQ02","Advanced Amine (MDEA) - BAT KILN (Cormos 2017) (CCS)","Cement","CCS","ICMCLK","Mt","C_mixed_energy_dominant",49.7,602.530643032127,0,0,602.530643032127,608.885949031025,608.885949031025,91.5439320747643,1211.41659206315,FALSE,0.1,5,"IND_NGABOM;INDCOA;INDDISTELC;INDMSWINO;INDNEUMSC",,2021
"ICMKLNMCQ01","Dry kiln with coal CHP and MEA CCS","Cement","CCS","ICMCLK","Mt","C_mixed_energy_dominant",42.3,808.967447853831,0,0,808.967447853831,1104.42333899309,1104.42333899309,32.1473975518939,1913.39078684692,FALSE,0.1,5,"IND_NGABOM;INDCOA;INDDISTELC;INDMSWINO;INDNEUMSC",,2021
"ICMKLNWST02","Fluidised bed kiln with waste utilisation","Cement","Standard_FF","ICMCLK","Mt","C_mixed_energy_dominant",40,616.921446576069,0,0,616.921446576069,924.50859386297,540.459284762855,1.619046811132,1541.43004043904,TRUE,1,7,"IND_NGABOM;INDCOA;INDDISTELC;INDHFO;INDLFO;INDMSWINO;INDMSWORG",,2021
"ICMLOCARB01","Alternative low carbon cement","Cement","Standard_FF","ICM","Mt","C_mixed_energy_dominant",21.6,97.4433164335045,0,0,97.4433164335045,354.490024269595,216.627814522487,2.33960998430747,451.9333407031,TRUE,1,7,"IND_NGABOM;INDCOA;INDDISTELC;INDHFO;INDLFO;INDMSWINO;INDMSWORG",,2021
"ICMGRIMIX01","Grinding and mixing technology","Cement","Electricity","ICM","Mt","E_zero_direct",,0,0,0,0,0,0,7.24871971852711,0,FALSE,1,1,"INDDISTELC",,2021
"ICMGRIMIX02","Grinder and mixer with increased clinker substitution","Cement","Electricity","ICM","Mt","E_zero_direct",,0,0,0,0,0,0,7.24871961068201,0,FALSE,1,1,"INDDISTELC",,2021
"ICRDRYNGA01","Drying / separation technology based on natural gas","Ceramics","Natural gas","ICRDRY","PJ","D_pure_energy",0,0,0,0,0,60.2349431942799,60.2349431942799,0,60.2349431942799,FALSE,1,1,"IND_NGABOM",,2021
"ICRHTHBIOS01","High-temperature heat technology based on solid biomass (boiler)","Ceramics","Biomass","ICRHTH","PJ","D_pure_energy",0,0,0,0,0,121.375,0,0,121.375,TRUE,1,1,"IND_SOLIDBIOMSW",,2021
"ICRHTHHCO01","High-temperature heat technology based on coal (boiler)","Ceramics","Coal","ICRHTH","PJ","D_pure_energy",0,0,0,0,0,112.01976043997,112.01976043997,0,112.01976043997,FALSE,1,1,"INDCOA",,2021
"ICRHTHNGA01","High-temperature heat technology based on natural gas / biomethane (boiler)","Ceramics","Natural gas","ICRHTH","PJ","D_pure_energy",0,0,0,0,0,63.9996271439224,63.9996271439224,0,63.9996271439224,FALSE,1,1,"IND_NGABOM",,2021
"ICRLTHBIOS01","Low-temperature heat  technology based on solid biomass (boiler)","Ceramics","Biomass","ICRLTH","PJ","D_pure_energy",0,0,0,0,0,109.101123595506,0,0,109.101123595506,TRUE,1,1,"IND_SOLIDBIOMSW",,2021
"ICRLTHNGA01","Low-temperature heat  technology based on natural gas (boiler)","Ceramics","Natural gas","ICRLTH","PJ","D_pure_energy",0,0,0,0,0,55.6518496903673,55.6518496903673,0,55.6518496903673,FALSE,1,1,"IND_NGABOM",,2021
"ICROTHBIOS01","Generic process technology for other energy services based on solid biomass","Ceramics","Biomass","ICROTH","PJ","D_pure_energy",0,0,0,0,0,109.101123595506,0,0,109.101123595506,TRUE,1,1,"IND_SOLIDBIOMSW",,2021
"ICROTHNGA01","Generic process technology for other energy services based on natural gas / biomethane","Ceramics","Natural gas","ICROTH","PJ","D_pure_energy",0,0,0,0,0,55.6518496903673,55.6518496903673,0,55.6518496903673,FALSE,1,1,"IND_NGABOM",,2021
"ICRSPCBIOS01","Low-temperature space heat technology based on solid biomass (boiler)","Ceramics","Biomass","ICRSPC","PJ","D_pure_energy",0,0,0,0,0,107.888888888889,0,0,107.888888888889,TRUE,1,1,"IND_SOLIDBIOMSW",,2021
"ICRSPCNGA01","Low-temperature space heat technology based on natural gas (boiler)","Ceramics","Natural gas","ICRSPC","PJ","D_pure_energy",0,0,0,0,0,55.0534427044494,55.0534427044494,0,55.0534427044494,FALSE,1,1,"IND_NGABOM",,2021
"ICR01","Demand technology (not an actual technology only transforms energy services (ICRDRY, ICRHTH, ICRLTH, ICRMOT, ICROTH, ICRSPC) into final demand commodity (ICR))","Ceramics","Standard_FF","ICR","PJ","E_zero_direct",,0,0,0,0,0,0,0,0,FALSE,1,0,"",,2021
"ICRDRYELC01","Drying / separation technology based on electricity","Ceramics","Electricity","ICRDRY","PJ","E_zero_direct",,0,0,0,0,0,0,105.263157894737,0,FALSE,1,1,"INDDISTELC",,2021
"ICRDRYELCHP01","Drying / separation technology based on heat pump","Ceramics","Heat pump","ICRDRY","PJ","E_zero_direct",,0,0,0,0,0,0,33.3333333333333,0,FALSE,1,1,"INDDISTELC",,2021
"ICRDRYHDG01","Drying / separation technology based on hydrogen","Ceramics","Hydrogen","ICRDRY","PJ","E_zero_direct",,0,0,0,0,0,0,0,0,FALSE,1,0,"",,2021
"ICRHTHELC01","High-temperature heat technology based on electricity (boiler)","Ceramics","Electricity","ICRHTH","PJ","E_zero_direct",,0,0,0,0,0,0,111.111111111111,0,FALSE,1,1,"INDDISTELC",,2021
"ICRHTHHDG01","High-temperature heat technology based on hydrogen (boiler)","Ceramics","Hydrogen","ICRHTH","PJ","E_zero_direct",,0,0,0,0,0,0,0,0,FALSE,1,0,"",,2021
"ICRLTHELC01","Low-temperature heat  technology based on electricity (boiler)","Ceramics","Electricity","ICRLTH","PJ","E_zero_direct",,0,0,0,0,0,0,101.010101010101,0,FALSE,1,1,"INDDISTELC",,2021
"ICRLTHELCHP01","Low-temperature heat  technology based on heat pump","Ceramics","Heat pump","ICRLTH","PJ","E_zero_direct",,0,0,0,0,0,0,33.3333333333333,0,FALSE,1,1,"INDDISTELC",,2021
"ICRLTHHDG01","Low-temperature heat  technology based on hydrogen (boiler)","Ceramics","Hydrogen","ICRLTH","PJ","E_zero_direct",,0,0,0,0,0,0,0,0,FALSE,1,0,"",,2021
"ICRMOTELC01","Electric motor technology","Ceramics","Electricity","ICRMOT","PJ","E_zero_direct",,0,0,0,0,0,0,102.249488752556,0,FALSE,1,1,"INDDISTELC",,2021
"ICROTHELC01","Generic process technology for other energy services based on electricity","Ceramics","Electricity","ICROTH","PJ","E_zero_direct",,0,0,0,0,0,0,101.010101010101,0,FALSE,1,1,"INDDISTELC",,2021
"ICROTHHDG01","Generic process technology for other energy services based on hydrogen","Ceramics","Hydrogen","ICROTH","PJ","E_zero_direct",,0,0,0,0,0,0,0,0,FALSE,1,0,"",,2021
"ICRSPCELC01","Low-temperature space heat  technology based on electricity (boiler)","Ceramics","Electricity","ICRSPC","PJ","E_zero_direct",,0,0,0,0,0,0,101.010101010101,0,FALSE,1,1,"INDDISTELC",,2021
"ICRSPCELCHP01","Low-temperature space heat technology based on heat pump","Ceramics","Heat pump","ICRSPC","PJ","E_zero_direct",,0,0,0,0,0,0,25,0,FALSE,1,1,"INDDISTELC",,2021
"ICRSPCHDG01","Low-temperature space heat  technology based on hydrogen (boiler)","Ceramics","Hydrogen","ICRSPC","PJ","E_zero_direct",,0,0,0,0,0,0,0,0,FALSE,1,0,"",,2021
"ICHHVCSCELEC01","Electric Steam Cracker for high value Chemicals","Chemicals","Electricity","IHVC","Mt","A_pure_process",100,396.097375488281,0,0,396.097375488281,0,0,1982,396.097375488281,FALSE,1,1,"INDDISTELC",,2021
"ICHHVCSCHYD01","Hydrogen fuel switching in High Value Chemicals","Chemicals","Hydrogen","IHVC","Mt","A_pure_process",100,396.097375488281,0,0,396.097375488281,0,0,0,396.097375488281,FALSE,1,0,"",,2021
"ICHHVCSCQE01","Electric Steam Cracker for high value Chemicals with CCS","Chemicals","CCS","IHVC","Mt","A_pure_process",100,396.097375488281,0,0,396.097375488281,0,0,2190,396.097375488281,FALSE,0.1,1,"INDDISTELC",,2021
"ICHNEUOTH01","Process representing the future other non-energy fuel use (everything apart from non-energy fuel use in ammonia and high value chemicals production)","Chemicals","Standard_FF","ICHNEUOTH","PJ","A_pure_process",100,15.4737300872803,0,0,15.4737300872803,0,0,0,15.4737300872803,FALSE,1,0,"",,2021
"ICHAMMSRS01","Steam reformer (standard) for ammonia production","Chemicals","Natural gas","IAM","Mt","B_process_dominant",69.2,1489.35400390625,0,0,1489.35400390625,661.86512398135,661.86512398135,80.0000011920929,2151.2191278876,FALSE,1,4,"IND_NGABOM;INDDISTELC;INDHFO;INDLFO",,2021
"ICHAMMSRQ01","Steam reformer with CCS for ammonia production","Chemicals","CCS","IAM","Mt","B_process_dominant",67,1489.35400390625,0,0,1489.35400390625,733.00137946979,733.00137946979,80.0000011920929,2222.35538337604,FALSE,0.1,4,"IND_NGABOM;INDDISTELC;INDHFO;INDLFO",,2021
"ICHHVCSCN01","Oil naphtha steam cracker for the production of high value chemicals","Chemicals","Oil","IHVC","Mt","B_process_dominant",58.6,857.293798828128,0,0,857.293798828128,605.541245634656,605.541245634656,0.279999990016222,1462.83504446278,FALSE,1,4,"IND_NGABOM;INDDISTELC;INDHFO;INDLFO",,2021
"ICHHVCSCQH01","Steam cracker with post-combustion CCS using excess heat","Chemicals","CCS","IHVC","Mt","C_mixed_energy_dominant",48.3,553.137194824219,0,0,553.137194824219,591.590010481001,591.590010481001,28.0412405729294,1144.72720530522,FALSE,0.1,2,"IND_NGABOM;INDDISTELC",,2021
"ICHHVCSCO01","Oil byproduct catalytic cracker for the production of high value chemicals","Chemicals","Standard_FF","IHVC","Mt","C_mixed_energy_dominant",45.4,553.137194824219,0,0,553.137194824219,666.095534458753,666.095534458753,0.279999990016222,1219.23272928297,FALSE,1,4,"IND_NGABOM;INDDISTELC;INDHFO;INDLFO",,2021
"ICHHVCSCQG01","Steam cracker with post-combustion CCS with natural gas boiler for the production of high value chemicals","Chemicals","CCS","IHVC","Mt","C_mixed_energy_dominant",40,553.137194824219,0,0,553.137194824219,828.99692815088,828.99692815088,0,1382.1341229751,FALSE,0.1,1,"IND_NGABOM",,2021
"ICHHVCSCE01","Generic process technology for the production of HVCs","Chemicals","Natural gas","IHVC","Mt","C_mixed_energy_dominant",33.5,396.097375488281,0,0,396.097375488281,787.203375208772,787.203375208772,0.279999990016222,1183.30075069705,FALSE,1,4,"IND_NGABOM;INDDISTELC;INDHFO;INDLFO",,2021
"ICHHVCSCQB01","Steam cracker with post-combustion CCS with biomass boiler for the production of high value chemicals","Chemicals","CCS","IHVC","Mt","C_mixed_energy_dominant",32.1,553.137194824219,0,0,553.137194824219,1170.74234660161,591.590010481001,0,1723.87954142583,TRUE,0.1,2,"IND_NGABOM;INDPELL",,2021
"ICHHVCSCQN01","Steam cracker with post-combustion CCS with NGCC","Chemicals","CCS","IHVC","Mt","C_mixed_energy_dominant",29.2,553.137194824219,0,0,553.137194824219,1343.22264325556,1343.22264325556,0,1896.35983807978,FALSE,0.1,1,"IND_NGABOM",,2021
"ICHCHPBIOS01","Steam turbine CHP based on solid biomass","Chemicals","Biomass","ICHSTM","PJ","D_pure_energy",0,0,0,0,0,133.5125,0,0,133.5125,TRUE,1,1,"IND_SOLIDBIOMSW",,2021
"ICHCHPCCGT01","CCGT CHP based on natural gas","Chemicals","Natural gas","ICHSTM","PJ","D_pure_energy",0,0,0,0,0,161.31412869153,161.31412869153,0,161.31412869153,FALSE,1,1,"IND_NGABOM",,2021
"ICHCHPCOA01","Steam turbine CHP based on coal","Chemicals","Coal","ICHSTM","PJ","D_pure_energy",0,0,0,0,0,123.221736483967,123.221736483967,0,123.221736483967,FALSE,1,1,"INDCOA",,2021
"ICHCHPLPG01","CCGT CHP based on liquified petroleum gas","Chemicals","Oil","ICHSTM","PJ","D_pure_energy",0,0,0,0,0,187.71081369863,187.71081369863,0,187.71081369863,FALSE,1,1,"INDLPG",,2021
"ICHDRYBIOS01","Drying / separation technology based on solid biomass","Chemicals","Biomass","ICHDRY","PJ","D_pure_energy",0,0,0,0,0,109.101123595506,0,0,109.101123595506,TRUE,1,1,"IND_SOLIDBIOMSW",,2021
"ICHDRYLPG01","Drying / separation technology based on liquified petroleum gas","Chemicals","Oil","ICHDRY","PJ","D_pure_energy",0,0,0,0,0,64.7584565217391,64.7584565217391,0,64.7584565217391,FALSE,1,1,"INDLPG",,2021
"ICHDRYNGA01","Drying / separation technology based on natural gas","Chemicals","Natural gas","ICHDRY","PJ","D_pure_energy",0,0,0,0,0,55.6518496903673,55.6518496903673,0,55.6518496903673,FALSE,1,1,"IND_NGABOM",,2021
"ICHHTHHCO01","High-temperature heat technology based on coal (boiler)","Chemicals","Coal","ICHHTH","PJ","D_pure_energy",0,0,0,0,0,149.359680586627,149.359680586627,0,149.359680586627,FALSE,1,1,"INDCOA",,2021
"ICHHTHNGA01","High-temperature heat technology based on natural gas / biomethane (boiler)","Chemicals","Natural gas","ICHHTH","PJ","D_pure_energy",0,0,0,0,0,85.3328361918966,85.3328361918966,0,85.3328361918966,FALSE,1,1,"IND_NGABOM",,2021
"ICHLTHBIOS01","Low-temperature heat technology based on solid biomass (boiler)","Chemicals","Biomass","ICHLTH","PJ","D_pure_energy",0,0,0,0,0,109.101123595506,0,0,109.101123595506,TRUE,1,1,"IND_SOLIDBIOMSW",,2021
"ICHLTHHCO01","Low-temperature heat technology based on coal (boiler)","Chemicals","Coal","ICHLTH","PJ","D_pure_energy",0,0,0,0,0,100.691919496602,100.691919496602,0,100.691919496602,FALSE,1,1,"INDCOA",,2021
"ICHLTHLPG01","Low-temperature heat technology based on liquified petroleum gas (boiler)","Chemicals","Oil","ICHLTH","PJ","D_pure_energy",0,0,0,0,0,64.7584565217391,64.7584565217391,0,64.7584565217391,FALSE,1,1,"INDLPG",,2021
"ICHLTHNGA01","Low-temperature heat technology based on natural gas (boiler)","Chemicals","Natural gas","ICHLTH","PJ","D_pure_energy",0,0,0,0,0,55.6518496903673,55.6518496903673,0,55.6518496903673,FALSE,1,1,"IND_NGABOM",,2021
"ICHOTHBIOS01","Generic process technology for other energy services based on solid biomass","Chemicals","Biomass","ICHOTH","PJ","D_pure_energy",0,0,0,0,0,109.101123595506,0,0,109.101123595506,TRUE,1,1,"IND_SOLIDBIOMSW",,2021
"ICHOTHLPG01","Generic process technology for other energy services liquified petroleum gas","Chemicals","Oil","ICHOTH","PJ","D_pure_energy",0,0,0,0,0,64.7584565217391,64.7584565217391,0,64.7584565217391,FALSE,1,1,"INDLPG",,2021
"ICHOTHNGA01","Generic process technology for other energy services based on natural gas / biomethane","Chemicals","Natural gas","ICHOTH","PJ","D_pure_energy",0,0,0,0,0,55.6518496903673,55.6518496903673,0,55.6518496903673,FALSE,1,1,"IND_NGABOM",,2021
"ICHSPCBIOS01","Low-temperature space heat technology based on solid biomass (boiler)","Chemicals","Biomass","ICHSPC","PJ","D_pure_energy",0,0,0,0,0,107.888888888889,0,0,107.888888888889,TRUE,1,1,"IND_SOLIDBIOMSW",,2021
"ICHSPCNGA01","Low-temperature space heat  technology based on natural gas (boiler)","Chemicals","Natural gas","ICHSPC","PJ","D_pure_energy",0,0,0,0,0,55.0534427044494,55.0534427044494,0,55.0534427044494,FALSE,1,1,"IND_NGABOM",,2021
"ICH01","Demand technology (not an actual technology only transforms energy services (ICHDRY, ICHHTH, ICHLTH, ICHMOT, ICHREF, ICHOTH, ICSPC) into final demand commodity (ICH))","Chemicals","Standard_FF","ICH","PJ","E_zero_direct",,0,0,0,0,0,0,0,0,FALSE,1,0,"",,2021
"ICHCHPCCGTH01","CCGT CHP based on hydrogen","Chemicals","Hydrogen","ICHSTM","PJ","E_zero_direct",,0,0,0,0,0,0,0,0,FALSE,1,0,"",,2021
"ICHCHPPRO01","CCGT CHP based on by-products in the chemicals sector","Chemicals","Standard_FF","ICHSTM","PJ","E_zero_direct",,0,0,0,0,0,0,0,0,FALSE,1,0,"",,2021
"ICHDRYELC01","Drying / separation technology based on electricity","Chemicals","Electricity","ICHDRY","PJ","E_zero_direct",,0,0,0,0,0,0,101.010101010101,0,FALSE,1,1,"INDDISTELC",,2021
"ICHDRYELCHP01","Drying / separation technology based on heat pump","Chemicals","Heat pump","ICHDRY","PJ","E_zero_direct",,0,0,0,0,0,0,33.3333333333333,0,FALSE,1,1,"INDDISTELC",,2021
"ICHDRYHDG01","Drying / separation technology based on hydrogen","Chemicals","Hydrogen","ICHDRY","PJ","E_zero_direct",,0,0,0,0,0,0,0,0,FALSE,1,0,"",,2021
"ICHDRYSTM01","Drying / separation technology based on low-temperature steam/heat from CHP (not an actual technology, only transfers heat from CHP plants, therefore no cost/capacity)","Chemicals","Steam","ICHDRY","PJ","E_zero_direct",,0,0,0,0,0,0,0,0,FALSE,1,0,"",,2021
"ICHHTHELC01","High-temperature heat technology based on electricity (boiler)","Chemicals","Electricity","ICHHTH","PJ","E_zero_direct",,0,0,0,0,0,0,117.647058823529,0,FALSE,1,1,"INDDISTELC",,2021
"ICHHTHHDG01","High-temperature heat technology based on hydrogen (boiler)","Chemicals","Hydrogen","ICHHTH","PJ","E_zero_direct",,0,0,0,0,0,0,0,0,FALSE,1,0,"",,2021
"ICHLTHELC01","Low-temperature heat technology based on electricity (boiler)","Chemicals","Electricity","ICHLTH","PJ","E_zero_direct",,0,0,0,0,0,0,101.010101010101,0,FALSE,1,1,"INDDISTELC",,2021
"ICHLTHELCHP01","Low-temperature heat  technology based on heat pump","Chemicals","Heat pump","ICHLTH","PJ","E_zero_direct",,0,0,0,0,0,0,33.3333333333333,0,FALSE,1,1,"INDDISTELC",,2021
"ICHLTHHDG01","Low-temperature heat technology based on hydrogen (boiler)","Chemicals","Hydrogen","ICHLTH","PJ","E_zero_direct",,0,0,0,0,0,0,0,0,FALSE,1,0,"",,2021
"ICHLTHSTM01","Low-temperature heat  technology based on low-temperature steam/heat from CHP (not an actual technology, only transfers heat from CHP plants, therefore no cost/capacity)","Chemicals","Steam","ICHLTH","PJ","E_zero_direct",,0,0,0,0,0,0,0,0,FALSE,1,0,"",,2021
"ICHMOTELC01","Electric motor technology","Chemicals","Electricity","ICHMOT","PJ","E_zero_direct",,0,0,0,0,0,0,102.249488752556,0,FALSE,1,1,"INDDISTELC",,2021
"ICHOTHELC01","Generic process technology for other energy services based on electricity","Chemicals","Electricity","ICHOTH","PJ","E_zero_direct",,0,0,0,0,0,0,101.010101010101,0,FALSE,1,1,"INDDISTELC",,2021
"ICHOTHHDG01","Generic process technology for other energy services based on hydrogen","Chemicals","Hydrogen","ICHOTH","PJ","E_zero_direct",,0,0,0,0,0,0,0,0,FALSE,1,0,"",,2021
"ICHOTHSTM01","Generic process technology for other energy services based on low-temperature steam/heat from CHP (not an actual technology, only transfers heat from CHP plants, therefore no cost/capacity)","Chemicals","Steam","ICHOTH","PJ","E_zero_direct",,0,0,0,0,0,0,0,0,FALSE,1,0,"",,2021
"ICHREFEHFC01","Refrigeration technology","Chemicals","Electricity","ICHREF","PJ","E_zero_direct",,0,0,0,0,0,0,111.111104488373,0,FALSE,1,1,"INDDISTELC",,2021
"ICHREFEHFO01","Advanced refrigeration technology (with HFO as refrigerant, less HFC emissions)","Chemicals","Electricity","ICHREF","PJ","E_zero_direct",,0,0,0,0,0,0,111.1111,0,FALSE,1,1,"INDDISTELC",,2021
"ICHSPCELC01","Low-temperature space heat technology based on electricity (boiler)","Chemicals","Electricity","ICHSPC","PJ","E_zero_direct",,0,0,0,0,0,0,101.010101010101,0,FALSE,1,1,"INDDISTELC",,2021
"ICHSPCELCHP01","Low-temperature space heat technology based on solid bioheat pump","Chemicals","Heat pump","ICHSPC","PJ","E_zero_direct",,0,0,0,0,0,0,25,0,FALSE,1,1,"INDDISTELC",,2021
"ICHSPCHDG01","Low-temperature space heat technology based on hydrogen (boiler)","Chemicals","Hydrogen","ICHSPC","PJ","E_zero_direct",,0,0,0,0,0,0,0,0,FALSE,1,0,"",,2021
"ICHSPCSTM01","Low-temperature heat  technology based on low-temperature steam/heat from CHP (not an actual technology, only transfers heat from CHP plants, therefore no cost/capacity)","Chemicals","Steam","ICHSPC","PJ","E_zero_direct",,0,0,0,0,0,0,0,0,FALSE,1,0,"",,2021
"ICHSTMHP01","Steam generation by heat pump","Chemicals","Heat pump","ICHSTM","PJ","E_zero_direct",,0,0,0,0,0,0,33.3333333333333,0,FALSE,1,1,"INDDISTELC",,2021
"ICNOTHBIOS01","Generic process technology for other energy services based on solid biomass","Construction","Biomass","ICNOTH","PJ","D_pure_energy",0,0,0,0,0,109.101123595506,0,0,109.101123595506,TRUE,1,1,"IND_SOLIDBIOMSW",,2021
"ICNOTHHCO01","Generic process technology for other energy services based on coal","Construction","Coal","ICNOTH","PJ","D_pure_energy",0,0,0,0,0,100.691919496602,100.691919496602,0,100.691919496602,FALSE,1,1,"INDCOA",,2021
"ICNOTHLPG01","Generic process technology for other energy services based on liquified petroleum gas","Construction","Oil","ICNOTH","PJ","D_pure_energy",0,0,0,0,0,64.7584565217391,64.7584565217391,0,64.7584565217391,FALSE,1,1,"INDLPG",,2021
"ICNOTHNGA01","Generic process technology for other energy services based on natural gas / biomethane","Construction","Natural gas","ICNOTH","PJ","D_pure_energy",0,0,0,0,0,55.6518496903673,55.6518496903673,0,55.6518496903673,FALSE,1,1,"IND_NGABOM",,2021
"ICN01","Demand technology (not an actual technology only transforms energy services (ICNOTH) into final demand commodity (ICN))","Construction","Standard_FF","ICN","PJ","E_zero_direct",,0,0,0,0,0,0,0,0,FALSE,1,0,"",,2021
"ICNOTHELC01","Generic process technology for other energy services based on electricity","Construction","Electricity","ICNOTH","PJ","E_zero_direct",,0,0,0,0,0,0,101.010101010101,0,FALSE,1,1,"INDDISTELC",,2021
"ICNOTHHDG01","Generic process technology for other energy services based on hydrogen","Construction","Hydrogen","ICNOTH","PJ","E_zero_direct",,0,0,0,0,0,0,0,0,FALSE,1,0,"",,2021
"IEEHTHBIOS01","High-temperature heat technology based on solid biomass (boiler)","Electrical engineering","Biomass","IEEHTH","PJ","D_pure_energy",0,0,0,0,0,161.833333333333,0,0,161.833333333333,TRUE,1,1,"IND_SOLIDBIOMSW",,2021
"IEEHTHHCO01","High-temperature heat technology based on coal (boiler)","Electrical engineering","Coal","IEEHTH","PJ","D_pure_energy",0,0,0,0,0,149.359680586627,149.359680586627,0,149.359680586627,FALSE,1,1,"INDCOA",,2021
"IEEHTHLPG01","High-temperature heat technology based on liquified petroleum gas (boiler)","Electrical engineering","Oil","IEEHTH","PJ","D_pure_energy",0,0,0,0,0,99.2963,99.2963,0,99.2963,FALSE,1,1,"INDLPG",,2021
"IEEHTHNGA01","High-temperature heat technology based on natural gas / biomethane (boiler)","Electrical engineering","Natural gas","IEEHTH","PJ","D_pure_energy",0,0,0,0,0,85.3328361918966,85.3328361918966,0,85.3328361918966,FALSE,1,1,"IND_NGABOM",,2021
"IEELTHBIOS01","Low-temperature heat  technology based on solid biomass (boiler)","Electrical engineering","Biomass","IEELTH","PJ","D_pure_energy",0,0,0,0,0,109.101123595506,0,0,109.101123595506,TRUE,1,1,"IND_SOLIDBIOMSW",,2021
"IEELTHHCO01","Low-temperature heat  technology based on coal (boiler)","Electrical engineering","Coal","IEELTH","PJ","D_pure_energy",0,0,0,0,0,100.691919496602,100.691919496602,0,100.691919496602,FALSE,1,1,"INDCOA",,2021
"IEELTHLPG01","Low-temperature heat  technology based on liquified petroleum gas (boiler)","Electrical engineering","Oil","IEELTH","PJ","D_pure_energy",0,0,0,0,0,64.7584565217391,64.7584565217391,0,64.7584565217391,FALSE,1,1,"INDLPG",,2021
"IEELTHNGA01","Low-temperature heat  technology based on natural gas (boiler)","Electrical engineering","Natural gas","IEELTH","PJ","D_pure_energy",0,0,0,0,0,55.6518496903673,55.6518496903673,0,55.6518496903673,FALSE,1,1,"IND_NGABOM",,2021
"IEEOTHBIOS01","Generic process technology for other energy services based on solid biomass","Electrical engineering","Biomass","IEEOTH","PJ","D_pure_energy",0,0,0,0,0,109.101123595506,0,0,109.101123595506,TRUE,1,1,"IND_SOLIDBIOMSW",,2021
"IEEOTHHCO01","Generic process technology for other energy services based on coal","Electrical engineering","Coal","IEEOTH","PJ","D_pure_energy",0,0,0,0,0,100.691919496602,100.691919496602,0,100.691919496602,FALSE,1,1,"INDCOA",,2021
"IEEOTHLPG01","Generic process technology for other energy services based on liquified petroleum gas","Electrical engineering","Oil","IEEOTH","PJ","D_pure_energy",0,0,0,0,0,64.7584565217391,64.7584565217391,0,64.7584565217391,FALSE,1,1,"INDLPG",,2021
"IEEOTHNGA01","Generic process technology for other energy services based on natural gas / biomethane","Electrical engineering","Natural gas","IEEOTH","PJ","D_pure_energy",0,0,0,0,0,55.6518496903673,55.6518496903673,0,55.6518496903673,FALSE,1,1,"IND_NGABOM",,2021
"IEESPCBIOS01","Low-temperature space heat technology based on solid biomass (boiler)","Electrical engineering","Biomass","IEESPC","PJ","D_pure_energy",0,0,0,0,0,107.888888888889,0,0,107.888888888889,TRUE,1,1,"IND_SOLIDBIOMSW",,2021
"IEESPCHCO01","Low-temperature space heat  technology based on coal (boiler)","Electrical engineering","Coal","IEESPC","PJ","D_pure_energy",0,0,0,0,0,100.691919496602,100.691919496602,0,100.691919496602,FALSE,1,1,"INDCOA",,2021
"IEESPCLPG01","Low-temperature space heat technology based on liquified petroleum gas (boiler)","Electrical engineering","Oil","IEESPC","PJ","D_pure_energy",0,0,0,0,0,64.0621290322581,64.0621290322581,0,64.0621290322581,FALSE,1,1,"INDLPG",,2021
"IEESPCNGA01","Low-temperature space heat technology based on natural gas (boiler)","Electrical engineering","Natural gas","IEESPC","PJ","D_pure_energy",0,0,0,0,0,55.0534427044494,55.0534427044494,0,55.0534427044494,FALSE,1,1,"IND_NGABOM",,2021
"IEE01","Demand technology (not an actual technology only transforms energy services (IEEHTH, IEELTH, IEEMOT, IEEOTH, IEESPC) into final demand commodity (IEE))","Electrical engineering","Standard_FF","IEE","PJ","E_zero_direct",,0,0,0,0,0,0,0,0,FALSE,1,0,"",,2021
"IEEHTHELC01","High-temperature heat technology based on electricity (boiler)","Electrical engineering","Electricity","IEEHTH","PJ","E_zero_direct",,0,0,0,0,0,0,117.647058823529,0,FALSE,1,1,"INDDISTELC",,2021
"IEEHTHHDG01","High-temperature heat technology based on hydrogen (boiler)","Electrical engineering","Hydrogen","IEEHTH","PJ","E_zero_direct",,0,0,0,0,0,0,0,0,FALSE,1,0,"",,2021
"IEELTHELC01","Low-temperature heat  technology based on electricity (boiler)","Electrical engineering","Electricity","IEELTH","PJ","E_zero_direct",,0,0,0,0,0,0,101.010101010101,0,FALSE,1,1,"INDDISTELC",,2021
"IEELTHELCHP01","Low-temperature heat  technology based on heat pump","Electrical engineering","Heat pump","IEELTH","PJ","E_zero_direct",,0,0,0,0,0,0,33.3333333333333,0,FALSE,1,1,"INDDISTELC",,2021
"IEELTHHDG01","Low-temperature heat  technology based on hydrogen (boiler)","Electrical engineering","Hydrogen","IEELTH","PJ","E_zero_direct",,0,0,0,0,0,0,0,0,FALSE,1,0,"",,2021
"IEEMOTELC01","Electric motor technology","Electrical engineering","Electricity","IEEMOT","PJ","E_zero_direct",,0,0,0,0,0,0,102.249488752556,0,FALSE,1,1,"INDDISTELC",,2021
"IEEOTHELC01","Generic process technology for other energy services based on electricity","Electrical engineering","Electricity","IEEOTH","PJ","E_zero_direct",,0,0,0,0,0,0,101.010101010101,0,FALSE,1,1,"INDDISTELC",,2021
"IEEOTHHDG01","Generic process technology for other energy services based on hydrogen","Electrical engineering","Hydrogen","IEEOTH","PJ","E_zero_direct",,0,0,0,0,0,0,0,0,FALSE,1,0,"",,2021
"IEESPCELC01","Low-temperature space heat  technology based on electricity (boiler)","Electrical engineering","Electricity","IEESPC","PJ","E_zero_direct",,0,0,0,0,0,0,101.010101010101,0,FALSE,1,1,"INDDISTELC",,2021
"IEESPCELCHP01","Low-temperature space heat technology based on heat pump","Electrical engineering","Heat pump","IEESPC","PJ","E_zero_direct",,0,0,0,0,0,0,25,0,FALSE,1,1,"INDDISTELC",,2021
"IEESPCHDG01","Low-temperature space heat  technology based on hydrogen (boiler)","Electrical engineering","Hydrogen","IEESPC","PJ","E_zero_direct",,0,0,0,0,0,0,0,0,FALSE,1,0,"",,2021
"IFDCHPBIOS01","Steam turbine CHP based on solid biomass","Food & drink","Biomass","IFDSTM","PJ","D_pure_energy",0,0,0,0,0,133.5125,0,0,133.5125,TRUE,1,1,"IND_SOLIDBIOMSW",,2021
"IFDCHPGT01","Gas turbine CHP based on natural gas","Food & drink","Natural gas","IFDSTM","PJ","D_pure_energy",0,0,0,0,0,124.342132736764,124.342132736764,0,124.342132736764,FALSE,1,1,"IND_NGABOMLFO",,2021
"IFDDRYBIOS01","Drying / separation technology based on solid biomass","Food & drink","Biomass","IFDDRY","PJ","D_pure_energy",0,0,0,0,0,109.101123595506,0,0,109.101123595506,TRUE,1,1,"IND_SOLIDBIOMSW",,2021
"IFDDRYHCO01","Drying / separation technology based on coal","Food & drink","Coal","IFDDRY","PJ","D_pure_energy",0,0,0,0,0,100.691919496602,100.691919496602,0,100.691919496602,FALSE,1,1,"INDCOA",,2021
"IFDDRYLPG01","Drying / separation technology based on liquified petroleum gas","Food & drink","Oil","IFDDRY","PJ","D_pure_energy",0,0,0,0,0,64.7584565217391,64.7584565217391,0,64.7584565217391,FALSE,1,1,"INDLPG",,2021
"IFDDRYNGA01","Drying / separation technology based on natural gas","Food & drink","Natural gas","IFDDRY","PJ","D_pure_energy",0,0,0,0,0,55.6518496903673,55.6518496903673,0,55.6518496903673,FALSE,1,1,"IND_NGABOM",,2021
"IFDLTHBIOS01","Low-temperature heat  technology based on solid biomass (boiler)","Food & drink","Biomass","IFDLTH","PJ","D_pure_energy",0,0,0,0,0,109.101123595506,0,0,109.101123595506,TRUE,1,1,"IND_SOLIDBIOMSW",,2021
"IFDLTHHCO01","Low-temperature heat  technology based on coal (boiler)","Food & drink","Coal","IFDLTH","PJ","D_pure_energy",0,0,0,0,0,100.691919496602,100.691919496602,0,100.691919496602,FALSE,1,1,"INDCOA",,2021
"IFDLTHLPG01","Low-temperature heat  technology based on liquified petroleum gas (boiler)","Food & drink","Oil","IFDLTH","PJ","D_pure_energy",0,0,0,0,0,64.7584565217391,64.7584565217391,0,64.7584565217391,FALSE,1,1,"INDLPG",,2021
"IFDLTHNGA01","Low-temperature heat  technology based on natural gas (boiler)","Food & drink","Natural gas","IFDLTH","PJ","D_pure_energy",0,0,0,0,0,55.6518496903673,55.6518496903673,0,55.6518496903673,FALSE,1,1,"IND_NGABOM",,2021
"IFDOTHBIOS01","Generic process technology for other energy services based on solid biomass","Food & drink","Biomass","IFDOTH","PJ","D_pure_energy",0,0,0,0,0,109.101123595506,0,0,109.101123595506,TRUE,1,1,"IND_SOLIDBIOMSW",,2021
"IFDOTHHCO01","Generic process technology for other energy services based on coal","Food & drink","Coal","IFDOTH","PJ","D_pure_energy",0,0,0,0,0,100.691919496602,100.691919496602,0,100.691919496602,FALSE,1,1,"INDCOA",,2021
"IFDOTHLPG01","Generic process technology for other energy services based on liquified petroleum gas","Food & drink","Oil","IFDOTH","PJ","D_pure_energy",0,0,0,0,0,64.7584565217391,64.7584565217391,0,64.7584565217391,FALSE,1,1,"INDLPG",,2021
"IFDOTHNGA01","Generic process technology for other energy services based on natural gas / biomethane","Food & drink","Natural gas","IFDOTH","PJ","D_pure_energy",0,0,0,0,0,55.6518496903673,55.6518496903673,0,55.6518496903673,FALSE,1,1,"IND_NGABOM",,2021
"IFD01","Demand technology (not an actual technology only transforms energy services (IFDDRY, IFDLTH, IFDMOT, IFDREF, IFDOTH) into final demand commodity (IFD))","Food & drink","Standard_FF","IFD","PJ","E_zero_direct",,0,0,0,0,0,0,0,0,FALSE,1,0,"",,2021
"IFDCHPCCGTH01","CCGT CHP based on hydrogen","Food & drink","Hydrogen","IFDSTM","PJ","E_zero_direct",,0,0,0,0,0,0,0,0,FALSE,1,0,"",,2021
"IFDDRYELC01","Drying / separation technology based on electricity","Food & drink","Electricity","IFDDRY","PJ","E_zero_direct",,0,0,0,0,0,0,101.010101010101,0,FALSE,1,1,"INDDISTELC",,2021
"IFDDRYELCHP01","Drying / separation technology based on heat pump","Food & drink","Heat pump","IFDDRY","PJ","E_zero_direct",,0,0,0,0,0,0,33.3333333333333,0,FALSE,1,1,"INDDISTELC",,2021
"IFDDRYHDG01","Drying / separation technology based on hydrogen","Food & drink","Hydrogen","IFDDRY","PJ","E_zero_direct",,0,0,0,0,0,0,0,0,FALSE,1,0,"",,2021
"IFDDRYSTM01","Drying / separation technology based on low-temperature steam/heat from CHP (not an actual technology, only transfers heat from CHP plants, therefore no cost/capacity)","Food & drink","Steam","IFDDRY","PJ","E_zero_direct",,0,0,0,0,0,0,0,0,FALSE,1,0,"",,2021
"IFDLTHELC01","Low-temperature heat  technology based on electricity (boiler)","Food & drink","Electricity","IFDLTH","PJ","E_zero_direct",,0,0,0,0,0,0,101.010101010101,0,FALSE,1,1,"INDDISTELC",,2021
"IFDLTHELCHP01","Low-temperature heat  technology based on heat pump","Food & drink","Heat pump","IFDLTH","PJ","E_zero_direct",,0,0,0,0,0,0,33.3333333333333,0,FALSE,1,1,"INDDISTELC",,2021
"IFDLTHHDG01","Low-temperature heat  technology based on hydrogen (boiler)","Food & drink","Hydrogen","IFDLTH","PJ","E_zero_direct",,0,0,0,0,0,0,0,0,FALSE,1,0,"",,2021
"IFDLTHSTM01","Low-temperature heat  technology based on low-temperature steam/heat from CHP (not an actual technology, only transfers heat from CHP plants, therefore no cost/capacity)","Food & drink","Steam","IFDLTH","PJ","E_zero_direct",,0,0,0,0,0,0,0,0,FALSE,1,0,"",,2021
"IFDMOTELC01","Electric motor technology","Food & drink","Electricity","IFDMOT","PJ","E_zero_direct",,0,0,0,0,0,0,102.249488752556,0,FALSE,1,1,"INDDISTELC",,2021
"IFDOTHELC01","Generic process technology for other energy services based on electricity","Food & drink","Electricity","IFDOTH","PJ","E_zero_direct",,0,0,0,0,0,0,101.010101010101,0,FALSE,1,1,"INDDISTELC",,2021
"IFDOTHHDG01","Generic process technology for other energy services based on hydrogen","Food & drink","Hydrogen","IFDOTH","PJ","E_zero_direct",,0,0,0,0,0,0,0,0,FALSE,1,0,"",,2021
"IFDOTHSTM01","Generic process technology for other energy services based on low-temperature steam/heat from CHP (not an actual technology, only transfers heat from CHP plants, therefore no cost/capacity)","Food & drink","Steam","IFDOTH","PJ","E_zero_direct",,0,0,0,0,0,0,0,0,FALSE,1,0,"",,2021
"IFDREFEHFC01","Refrigeration technology","Food & drink","Electricity","IFDREF","PJ","E_zero_direct",,0,0,0,0,0,0,111.1111,0,FALSE,1,1,"INDDISTELC",,2021
"IFDSTMHP01","Steam generation by heat pump","Food & drink","Heat pump","IFDSTM","PJ","E_zero_direct",,0,0,0,0,0,0,33.3333333333333,0,FALSE,1,1,"INDDISTELC",,2021
"IGLKLNELC","Electric cold-top furnace","Glass","Electricity","IGLMRG","Mt","A_pure_process",100,39.4,0,0,39.4,0,0,117.65,39.4,FALSE,1,1,"INDDISTELC",,2021
"IGLKLNHYD","Hydrogen furnace with electric boosting","Glass","Hydrogen","IGLMRG","Mt","A_pure_process",100,39.4,0,0,39.4,0,0,50.85,39.4,FALSE,1,1,"INDDISTELC",,2021
"IGLKLN","Regenerative end-port furnace with electric boosting","Glass","Electricity","IGLMRG","Mt","B_process_dominant",54.9,263,0,0,263,215.633613881054,215.633613881054,42.5569915614587,478.633613881054,FALSE,1,3,"IND_NGABOM;INDDISTELC;INDLFO",,2021
"IGLHTHNGA","High-temperature heat technology based on natural gas / biomethane (boiler)","Glass","Standard_FF","IGLHTH","PJ","D_pure_energy",0,0,0,0,0,85.3328361918966,85.3328361918966,0,85.3328361918966,FALSE,1,1,"IND_NGABOM",,2021
"IGL01","Demand technology (not an actual technology only transforms energy services) for the glass sector","Glass","Standard_FF","IGL","Mt","E_zero_direct",,0,0,0,0,0,0,0,0,FALSE,1,0,"",,2021
"IGLHTHELC","High-temperature heat technology based on electricity (boiler)","Glass","Electricity","IGLHTH","PJ","E_zero_direct",,0,0,0,0,0,0,111.111111111111,0,FALSE,1,1,"INDDISTELC",,2021
"IGLOTH","Generic process technology for other energy services based on electricity","Glass","Electricity","IGLOTH","PJ","E_zero_direct",,0,0,0,0,0,0,111.111111111111,0,FALSE,1,1,"INDDISTELC",,2021
"PHYGNGALQ01","Natural gas steam reforming, with CCS","Hydrogen","CCS","HYGEN","PJ","A_pure_process",100,65.95375,0,0,65.95375,0,0,0,65.95375,FALSE,0.1,0,"",,2021
"PHYGNGALQ02","Natural gas steam reforming ATR, with CCS","Hydrogen","CCS","HYGEN","PJ","A_pure_process",100,56.59,0,0,56.59,0,0,4.2,56.59,FALSE,0.1,1,"INDDISTELC",,2021
"PHYGCOAQ01","Coal gasification, with CCS","Hydrogen","CCS","HYGEN","PJ","B_process_dominant",95.1,109.3232,0,0,109.3232,5.6372544,5.6372544,0,114.9604544,FALSE,0.1,1,"INDMAINSGAS",,2021
"PHYGBPELQ01","Biomass gasification, with CCS","Hydrogen","CCS","HYGEN","PJ","B_process_dominant",50.3,153.5423,0,0,153.5423,151.51512,0,0,305.05742,TRUE,0.1,1,"INDPELL",,2021
"PHYGEYALSL01","Electrolysis - alkaline","Hydrogen","Electricity","HYGEN","PJ","E_zero_direct",,0,0,0,0,0,0,135.1351,0,FALSE,1,1,"INDDISTELC",,2021
"PHYGEYSL01","Proton exchange membrane","Hydrogen","Electricity","HYGEN","PJ","E_zero_direct",,0,0,0,0,0,0,138.8889,0,FALSE,1,1,"INDDISTELC",,2021
"PHYGEYSOEL01","Electrolysis - Solid Oxide Electrolyser","Hydrogen","Electricity","HYGEN","PJ","E_zero_direct",,0,0,0,0,0,0,134.4836,0,FALSE,1,1,"INDDISTELC",,2021
"IISBOXFUR01","Basic oxygen furnace, standard","Iron & steel","Standard_FF","IISLST","Mt","B_process_dominant",97.6,105.173896789551,0,0,105.173896789551,2.5481075277161,2.5481075277161,12.2692668543574,107.722004317267,FALSE,1,2,"INDCOG;INDDISTELC",,2021
"IISSINTER01","Sinter plant, standard","Iron & steel","Standard_FF","IISSNT","Mt","B_process_dominant",57.5,137.940795898438,0,0,137.940795898438,102.110281012729,102.110281012729,9.14942528411001,240.051076911167,FALSE,1,2,"INDCOK;INDDISTELC",,2021
"IISCASHRHYM01","Hydrogen Caster & hot rolling mill, standard","Iron & steel","Hydrogen","IISHRS","PJ","B_process_dominant",53.6,7.24827480316162,0,0,7.24827480316162,6.28559695283174,6.28559695283174,20.7559937552152,13.5338717559934,FALSE,1,2,"INDCOG;INDDISTELC",,2021
"IISELAFUR01","Electric arc furnace, standard","Iron & steel","Electricity","IISLST","Mt","C_mixed_energy_dominant",22,10.0471096038818,0,0,10.0471096038818,35.7110179038219,35.7110179038219,167,45.7581275077037,FALSE,1,3,"IND_NGABOM;INDCOK;INDDISTELC",,2021
"IISCASHRM01","Caster & hot rolling mill, standard","Iron & steel","Natural gas","IISHRS","Mt","C_mixed_energy_dominant",8.6,7.24827480316162,0,0,7.24827480316162,77.0433817458195,77.0433817458195,20.7559937552152,84.2916565489811,FALSE,1,3,"IND_NGABOM;INDCOG;INDDISTELC",,2021
"IISBLAFUR01","Blast furnace, standard","Iron & steel","Standard_FF","IISPIR","Mt","C_mixed_energy_dominant",4.5,70.7135772705078,0,0,70.7135772705078,1513.43285787091,1513.43285787091,12.1813078615326,1584.14643514142,FALSE,1,6,"IND_NGABOM;INDCOACOK;INDCOG;INDCOK;INDDISTELC;INDHFO",,2021
"IISBOIBIOS01","Biomass boiler","Iron & steel","Biomass","IISLTH","PJ","D_pure_energy",0,0,0,0,0,109.101123595506,0,0,109.101123595506,TRUE,1,1,"IND_SOLIDBIOMSW",,2021
"IISBOICOG01","Coke oven gas boiler for low temperature heat (boiler)","Iron & steel","Standard_FF","IISLTH","PJ","D_pure_energy",0,0,0,0,0,48.6465217391304,48.6465217391304,0,48.6465217391304,FALSE,1,1,"INDCOG",,2021
"IISBOINGA01","Natural gas boiler for low temperature heat (boiler)","Iron & steel","Natural gas","IISLTH","PJ","D_pure_energy",0,0,0,0,0,55.0534427044494,55.0534427044494,0,55.0534427044494,FALSE,1,1,"IND_NGABOM",,2021
"IISCHPBIOS01","Steam turbine CHP based on solid biomass","Iron & steel","Biomass","IISLTH","PJ","D_pure_energy",0,0,0,0,0,133.5125,0,0,133.5125,TRUE,1,1,"IND_SOLIDBIOMSW",,2021
"IISCHPCOG01","Gas turbine CHP based on coke oven gas","Iron & steel","Standard_FF","IISLTH","PJ","D_pure_energy",0,0,0,0,0,108.690228571429,108.690228571429,0,108.690228571429,FALSE,1,1,"INDCOG",,2021
"IISCHPGT01","Gas turbine CHP based on natural gas","Iron & steel","Natural gas","IISLTH","PJ","D_pure_energy",0,0,0,0,0,124.342132736764,124.342132736764,0,124.342132736764,FALSE,1,1,"IND_NGABOMLFO",,2021
"IISFINPRO01","Downstream process (energy use to produce finished steel from hot rolled steel)","Iron & steel","Standard_FF","IIS","Mt","D_pure_energy",0,0,0,0,0,45.9960241455538,45.9960241455538,35.2440062447848,45.9960241455538,FALSE,1,2,"IND_NGABOM;INDDISTELC",,2021
"IISHISAR01","HISarna blast furnace","Iron & steel","Standard_FF","IISPIR","Mt","D_pure_energy",0,0,0,0,0,1326.52598510452,1326.52598510452,96.3475406169891,1326.52598510452,TRUE,1,6,"IND_NGABOM;INDCOA;INDCOG;INDDISTELC;INDHFO;INDPELL",,2021
"IISHISARQ01","HISarna blast furnace CCS","Iron & steel","CCS","IISPIR","Mt","D_pure_energy",0,0,0,0,0,1332.27757970903,1332.27757970903,136.607897281647,1332.27757970903,TRUE,0.1,6,"IND_NGABOM;INDCOA;INDCOG;INDDISTELC;INDHFO;INDPELL",,2021
"IISMIDREX01","MIDREX direct reduced iron","Iron & steel","Standard_FF","IISLST","Mt","D_pure_energy",0,0,0,0,0,676.195221366201,676.195221366201,272.335696220398,676.195221366201,FALSE,1,3,"IND_NGABOM;INDCOA;INDDISTELC",,2021
"IISULCOREDQ01","ULCORED direct reduced iron CCS","Iron & steel","CCS","IISLST","Mt","D_pure_energy",0,0,0,0,0,581.593174365087,581.593174365087,301.212811470032,581.593174365087,FALSE,0.1,3,"IND_NGABOM;INDCOA;INDDISTELC",,2021
"IISTGRBFQ01","Top-gas recovery blast furnace with CCS","Iron & steel","CCS","IISPIR","Mt","D_pure_energy",-15.3,-183,0,0,-183,1377.84957514048,1377.84957514048,487.437295913696,1194.84957514048,FALSE,0.1,6,"IND_NGABOM;INDCOA;INDCOG;INDCOK;INDDISTELC;INDHFO",,2021
"IISTGRBF01","Top-gas recovery blast furnace","Iron & steel","Standard_FF","IISPIR","Mt","D_pure_energy",-15.4,-183,0,0,-183,1371.40124387243,1371.40124387243,350.108408927917,1188.40124387243,FALSE,1,6,"IND_NGABOM;INDCOA;INDCOG;INDCOK;INDDISTELC;INDHFO",,2021
"IISBOIBFG01","Blast furnace gas boiler for low temperature heat (boiler)","Iron & steel","Standard_FF","IISLTH","PJ","E_zero_direct",,0,0,0,0,0,0,0,0,FALSE,1,0,"",,2021
"IISBOIHYG01","Hydrogen boiler for low temperature heat (boiler)","Iron & steel","Hydrogen","IISLTH","PJ","E_zero_direct",,0,0,0,0,0,0,0,0,FALSE,1,0,"",,2021
"IISCHPBFG01","Gas turbine CHP based on blast furnace gas","Iron & steel","Standard_FF","IISLTH","PJ","E_zero_direct",,0,0,0,0,0,0,0,0,FALSE,1,0,"",,2021
"IISCHPCCGTH01","CCGT CHP based on hydrogen","Iron & steel","Hydrogen","IISLTH","PJ","E_zero_direct",,0,0,0,0,0,0,0,0,FALSE,1,0,"",,2021
"IISCHPFCH01_2030","Hydrogen fuel cell CHP (lower cost)","Iron & steel","Hydrogen","IISLTH","PJ","E_zero_direct",,0,0,0,0,0,0,0,0,FALSE,1,0,"",,2021
"IISLTHELCHP01","Blast furnace gas boiler for low temheat pump","Iron & steel","Heat pump","IISLTH","PJ","E_zero_direct",,0,0,0,0,0,0,33.3333333333333,0,FALSE,1,1,"INDDISTELC",,2021
"ILMKLNOXQ01","BAT kiln full oxyfuel (CCS)","Lime","CCS","ILMCLK","Mt","B_process_dominant",89.5,159.519152704577,0,0,159.519152704577,18.727116518156,18.727116518156,121.543932074764,178.246269222733,FALSE,0.1,5,"IND_NGABOM;INDCOA;INDDISTELC;INDMSWINO;INDNEUMSC",,2021
"ILMKLNPOQ01","Partial oxyfuel dry kiln with CCS","Lime","CCS","ILMCLK","Mt","B_process_dominant",89.5,159.519152704577,0,0,159.519152704577,18.727116518156,18.727116518156,121.543932074764,178.246269222733,FALSE,0.35,5,"IND_NGABOM;INDCOA;INDDISTELC;INDMSWINO;INDNEUMSC",,2021
"ILMKLNCLQ01","Calcium looping kiln","Lime","CCS","ILMCLK","Mt","B_process_dominant",86.9,159.519152704577,0,0,159.519152704577,23.9596973636167,23.9596973636167,31.5439320747643,183.478850068194,FALSE,0.1,5,"IND_NGABOM;INDCOA;INDDISTELC;INDMSWINO;INDNEUMSC",,2021
"ILMKLNMAQ02","Advanced Amine (MDEA) - BAT KILN (Cormos 2017) (CCS)","Lime","CCS","ILMCLK","Mt","B_process_dominant",81.5,159.519152704577,0,0,159.519152704577,36.2317356977417,36.2317356977417,91.5439320747643,195.750888402319,FALSE,0.1,5,"IND_NGABOM;INDCOA;INDDISTELC;INDMSWINO;INDNEUMSC",,2021
"ILMKLND01","Dry kiln, best available technology (BAT)","Lime","Standard_FF","ILMCLK","Mt","B_process_dominant",75.4,159.519152704577,0,0,159.519152704577,52.1650920923221,52.1650920923221,1.54393207476429,211.684244796899,TRUE,1,7,"IND_NGABOM;INDCOA;INDDISTELC;INDHFO;INDLFO;INDMSWINO;INDMSWORG",,2021
"ILMKLNMNQ01","Dry kiln with natural gas CHP and MEA CCS","Lime","CCS","ILMCLK","Mt","B_process_dominant",75.4,159.519152704577,0,0,159.519152704577,52.1650920923221,52.1650920923221,1.54393207476429,211.684244796899,FALSE,0.1,5,"IND_NGABOM;INDCOA;INDDISTELC;INDMSWINO;INDNEUMSC",,2021
"ILMKLNMCQ01","Dry kiln with coal CHP and MEA CCS","Lime","CCS","ILMCLK","Mt","B_process_dominant",54.9,209.177035717226,0,0,209.177035717226,171.875994888658,171.875994888658,32.1473975518939,381.053030605884,FALSE,0.1,5,"IND_NGABOM;INDCOA;INDDISTELC;INDMSWINO;INDNEUMSC",,2021
"ILMKLNWST02","Fluidised bed kiln with waste utilisation","Lime","Standard_FF","ILMCLK","Mt","C_mixed_energy_dominant",5.7,159.519149760006,0,0,159.519149760006,2641.88193653644,2641.88193653644,1.619046811132,2801.40108629645,TRUE,1,7,"IND_NGABOM;INDCOA;INDDISTELC;INDHFO;INDLFO;INDMSWINO;INDMSWORG",,2021
"ILMLOCARB01","Alternative low carbon cement","Lime","Standard_FF","ILM","Mt","C_mixed_energy_dominant",1.9,25.1961981116687,0,0,25.1961981116687,1312.05827618298,1312.05827618298,2.33960998430747,1337.25447429465,TRUE,1,7,"IND_NGABOM;INDCOA;INDDISTELC;INDHFO;INDLFO;INDMSWINO;INDMSWORG",,2021
"ILMGRIMIX01","Grinding and mixing technology","Lime","Electricity","ILM","Mt","E_zero_direct",,0,0,0,0,0,0,7.24871971852711,0,FALSE,1,1,"INDDISTELC",,2021
"ILMGRIMIX02","Grinder and mixer with increased clinker substitution","Lime","Electricity","ILM","Mt","E_zero_direct",,0,0,0,0,0,0,7.24871961068201,0,FALSE,1,1,"INDDISTELC",,2021
"IMEHTHBIOS01","High-temperature heat technology based on solid biomass (boiler)","Mechanical engineering","Biomass","IMEHTH","PJ","D_pure_energy",0,0,0,0,0,161.833333333333,0,0,161.833333333333,TRUE,1,1,"IND_SOLIDBIOMSW",,2021
"IMEHTHHCO01","High-temperature heat technology based on coal (boiler)","Mechanical engineering","Coal","IMEHTH","PJ","D_pure_energy",0,0,0,0,0,149.359680586627,149.359680586627,0,149.359680586627,FALSE,1,1,"INDCOA",,2021
"IMEHTHLPG01","High-temperature heat technology based on liquified petroleum gas (boiler)","Mechanical engineering","Oil","IMEHTH","PJ","D_pure_energy",0,0,0,0,0,99.2963,99.2963,0,99.2963,FALSE,1,1,"INDLPG",,2021
"IMEHTHNGA01","High-temperature heat technology based on natural gas / biomethane (boiler)","Mechanical engineering","Natural gas","IMEHTH","PJ","D_pure_energy",0,0,0,0,0,85.3328361918966,85.3328361918966,0,85.3328361918966,FALSE,1,1,"IND_NGABOM",,2021
"IMELTHBIOS01","Low-temperature heat  technology based on solid biomass (boiler)","Mechanical engineering","Biomass","IMELTH","PJ","D_pure_energy",0,0,0,0,0,109.101123595506,0,0,109.101123595506,TRUE,1,1,"IND_SOLIDBIOMSW",,2021
"IMELTHHCO01","Low-temperature heat  technology based on coal (boiler)","Mechanical engineering","Coal","IMELTH","PJ","D_pure_energy",0,0,0,0,0,100.691919496602,100.691919496602,0,100.691919496602,FALSE,1,1,"INDCOA",,2021
"IMELTHLPG01","Low-temperature heat  technology based on liquified petroleum gas (boiler)","Mechanical engineering","Oil","IMELTH","PJ","D_pure_energy",0,0,0,0,0,64.7584565217391,64.7584565217391,0,64.7584565217391,FALSE,1,1,"INDLPG",,2021
"IMELTHNGA01","Low-temperature heat  technology based on natural gas (boiler)","Mechanical engineering","Natural gas","IMELTH","PJ","D_pure_energy",0,0,0,0,0,55.6518496903673,55.6518496903673,0,55.6518496903673,FALSE,1,1,"IND_NGABOM",,2021
"IMEOTHBIOS01","Generic process technology for other energy services based on solid biomass","Mechanical engineering","Biomass","IMEOTH","PJ","D_pure_energy",0,0,0,0,0,109.101123595506,0,0,109.101123595506,TRUE,1,1,"IND_SOLIDBIOMSW",,2021
"IMEOTHHCO01","Generic process technology for other energy services based on coal","Mechanical engineering","Coal","IMEOTH","PJ","D_pure_energy",0,0,0,0,0,100.691919496602,100.691919496602,0,100.691919496602,FALSE,1,1,"INDCOA",,2021
"IMEOTHLPG01","Generic process technology for other energy services based on liquified petroleum gas","Mechanical engineering","Oil","IMEOTH","PJ","D_pure_energy",0,0,0,0,0,64.7584565217391,64.7584565217391,0,64.7584565217391,FALSE,1,1,"INDLPG",,2021
"IMEOTHNGA01","Generic process technology for other energy services based on natural gas / biomethane","Mechanical engineering","Natural gas","IMEOTH","PJ","D_pure_energy",0,0,0,0,0,55.6518496903673,55.6518496903673,0,55.6518496903673,FALSE,1,1,"IND_NGABOM",,2021
"IMESPCBIOS01","Low-temperature space heat technology based on solid biomass (boiler)","Mechanical engineering","Biomass","IMESPC","PJ","D_pure_energy",0,0,0,0,0,107.888888888889,0,0,107.888888888889,TRUE,1,1,"IND_SOLIDBIOMSW",,2021
"IMESPCHCO01","Low-temperature space heat  technology based on coal (boiler)","Mechanical engineering","Coal","IMESPC","PJ","D_pure_energy",0,0,0,0,0,100.691919496602,100.691919496602,0,100.691919496602,FALSE,1,1,"INDCOA",,2021
"IMESPCLPG01","Low-temperature space heat technology based on liquified petroleum gas (boiler)","Mechanical engineering","Oil","IMESPC","PJ","D_pure_energy",0,0,0,0,0,64.0621290322581,64.0621290322581,0,64.0621290322581,FALSE,1,1,"INDLPG",,2021
"IMESPCNGA01","Low-temperature space heat technology based on natural gas (boiler)","Mechanical engineering","Natural gas","IMESPC","PJ","D_pure_energy",0,0,0,0,0,55.0534427044494,55.0534427044494,0,55.0534427044494,FALSE,1,1,"IND_NGABOM",,2021
"IME01","Demand technology (not an actual technology only transforms energy services (IMEDRY, IMELTH, IMEMOT, IMEOTH, IMESPC) into final demand commodity (IME))","Mechanical engineering","Standard_FF","IME","PJ","E_zero_direct",,0,0,0,0,0,0,0,0,FALSE,1,0,"",,2021
"IMEHTHELC01","High-temperature heat technology based on electricity (boiler)","Mechanical engineering","Electricity","IMEHTH","PJ","E_zero_direct",,0,0,0,0,0,0,117.647058823529,0,FALSE,1,1,"INDDISTELC",,2021
"IMEHTHHDG01","High-temperature heat technology based on hydrogen (boiler)","Mechanical engineering","Hydrogen","IMEHTH","PJ","E_zero_direct",,0,0,0,0,0,0,0,0,FALSE,1,0,"",,2021
"IMELTHELC01","Low-temperature heat  technology based on electricity (boiler)","Mechanical engineering","Electricity","IMELTH","PJ","E_zero_direct",,0,0,0,0,0,0,101.010101010101,0,FALSE,1,1,"INDDISTELC",,2021
"IMELTHELCHP01","Low-temperature heat  technology based on heat pump","Mechanical engineering","Heat pump","IMELTH","PJ","E_zero_direct",,0,0,0,0,0,0,33.3333333333333,0,FALSE,1,1,"INDDISTELC",,2021
"IMELTHHDG01","Low-temperature heat  technology based on hydrogen (boiler)","Mechanical engineering","Hydrogen","IMELTH","PJ","E_zero_direct",,0,0,0,0,0,0,0,0,FALSE,1,0,"",,2021
"IMEMOTELC01","Electric motor technology","Mechanical engineering","Electricity","IMEMOT","PJ","E_zero_direct",,0,0,0,0,0,0,102.249488752556,0,FALSE,1,1,"INDDISTELC",,2021
"IMEOTHELC01","Generic process technology for other energy services based on electricity","Mechanical engineering","Electricity","IMEOTH","PJ","E_zero_direct",,0,0,0,0,0,0,101.010101010101,0,FALSE,1,1,"INDDISTELC",,2021
"IMEOTHHDG01","Generic process technology for other energy services based on hydrogen","Mechanical engineering","Hydrogen","IMEOTH","PJ","E_zero_direct",,0,0,0,0,0,0,0,0,FALSE,1,0,"",,2021
"IMESPCELC01","Low-temperature space heat  technology based on electricity (boiler)","Mechanical engineering","Electricity","IMESPC","PJ","E_zero_direct",,0,0,0,0,0,0,101.010101010101,0,FALSE,1,1,"INDDISTELC",,2021
"IMESPCELCHP01","Low-temperature space heat technology based on heat pump","Mechanical engineering","Heat pump","IMESPC","PJ","E_zero_direct",,0,0,0,0,0,0,25,0,FALSE,1,1,"INDDISTELC",,2021
"IMESPCHDG01","Low-temperature space heat  technology based on hydrogen (boiler)","Mechanical engineering","Hydrogen","IMESPC","PJ","E_zero_direct",,0,0,0,0,0,0,0,0,FALSE,1,0,"",,2021
"INFHTHBIOS01","High-temperature heat technology based on solid biomass (boiler)","Non-ferrous metals","Biomass","INFHTH","PJ","D_pure_energy",0,0,0,0,0,161.833333333333,0,0,161.833333333333,TRUE,1,1,"IND_SOLIDBIOMSW",,2021
"INFHTHHCO01","High-temperature heat technology based on coal (boiler)","Non-ferrous metals","Coal","INFHTH","PJ","D_pure_energy",0,0,0,0,0,149.359680586627,149.359680586627,0,149.359680586627,FALSE,1,1,"INDCOA",,2021
"INFHTHLPG01","High-temperature heat technology based on liquified petroleum gas (boiler)","Non-ferrous metals","Oil","INFHTH","PJ","D_pure_energy",0,0,0,0,0,99.2963,99.2963,0,99.2963,FALSE,1,1,"INDLPG",,2021
"INFHTHNGA01","High-temperature heat technology based on natural gas / biomethane (boiler)","Non-ferrous metals","Natural gas","INFHTH","PJ","D_pure_energy",0,0,0,0,0,85.3328361918966,85.3328361918966,0,85.3328361918966,FALSE,1,1,"IND_NGABOM",,2021
"INFOTHBIOS01","Generic process technology for other energy services based on solid biomass","Non-ferrous metals","Biomass","INFOTH","PJ","D_pure_energy",0,0,0,0,0,161.833333333333,0,0,161.833333333333,TRUE,1,1,"IND_SOLIDBIOMSW",,2021
"INFOTHHCO01","Generic process technology for other energy services based on coal","Non-ferrous metals","Coal","INFOTH","PJ","D_pure_energy",0,0,0,0,0,149.359680586627,149.359680586627,0,149.359680586627,FALSE,1,1,"INDCOA",,2021
"INFOTHLPG01","Generic process technology for other energy services based on liquified petroleum gas","Non-ferrous metals","Oil","INFOTH","PJ","D_pure_energy",0,0,0,0,0,99.2963,99.2963,0,99.2963,FALSE,1,1,"INDLPG",,2021
"INFOTHNGA01","Generic process technology for other energy services based on natural gas / biomethane","Non-ferrous metals","Natural gas","INFOTH","PJ","D_pure_energy",0,0,0,0,0,85.3328361918966,85.3328361918966,0,85.3328361918966,FALSE,1,1,"IND_NGABOM",,2021
"INF01","Demand technology (not an actual technology only transforms energy services (INFHTH, IFDMOT, INFOTH) into final demand commodity (INF))","Non-ferrous metals","Standard_FF","INF","PJ","E_zero_direct",,0,0,0,0,0,0,0,0,FALSE,1,0,"",,2021
"INFHTHELC01","High-temperature heat technology based on electricity (boiler)","Non-ferrous metals","Electricity","INFHTH","PJ","E_zero_direct",,0,0,0,0,0,0,117.647058823529,0,FALSE,1,1,"INDDISTELC",,2021
"INFHTHHDG01","High-temperature heat technology based on hydrogen (boiler)","Non-ferrous metals","Hydrogen","INFHTH","PJ","E_zero_direct",,0,0,0,0,0,0,0,0,FALSE,1,0,"",,2021
"INFMOTELC01","Electric motor technology","Non-ferrous metals","Electricity","INFMOT","PJ","E_zero_direct",,0,0,0,0,0,0,102.249488752556,0,FALSE,1,1,"INDDISTELC",,2021
"INFOTHELC01","Generic process technology for other energy services based on electricity","Non-ferrous metals","Electricity","INFOTH","PJ","E_zero_direct",,0,0,0,0,0,0,117.647058823529,0,FALSE,1,1,"INDDISTELC",,2021
"INFOTHHDG01","Generic process technology for other energy services based on hydrogen","Non-ferrous metals","Hydrogen","INFOTH","PJ","E_zero_direct",,0,0,0,0,0,0,0,0,FALSE,1,0,"",,2021
"IOICHPBIOS01","Steam turbine CHP based on solid biomass","Other","Biomass","IOISTM","PJ","D_pure_energy",0,0,0,0,0,133.5125,0,0,133.5125,TRUE,1,1,"IND_SOLIDBIOMSW",,2021
"IOICHPGT01","Gas turbine CHP based on natural gas","Other","Natural gas","IOISTM","PJ","D_pure_energy",0,0,0,0,0,124.342132736764,124.342132736764,0,124.342132736764,FALSE,1,1,"IND_NGABOMLFO",,2021
"IOIDRYBIOS01","Drying / separation technology based on solid biomass","Other","Biomass","IOIDRY","PJ","D_pure_energy",0,0,0,0,0,109.101123595506,0,0,109.101123595506,TRUE,1,1,"IND_SOLIDBIOMSW",,2021
"IOIDRYHCO01","Drying / separation technology based on coal","Other","Coal","IOIDRY","PJ","D_pure_energy",0,0,0,0,0,100.691919496602,100.691919496602,0,100.691919496602,FALSE,1,1,"INDCOA",,2021
"IOIDRYLPG01","Drying / separation technology based on liquified petroleum gas","Other","Oil","IOIDRY","PJ","D_pure_energy",0,0,0,0,0,64.7584565217391,64.7584565217391,0,64.7584565217391,FALSE,1,1,"INDLPG",,2021
"IOIDRYNGA01","Drying / separation technology based on natural gas","Other","Natural gas","IOIDRY","PJ","D_pure_energy",0,0,0,0,0,55.6518496903673,55.6518496903673,0,55.6518496903673,FALSE,1,1,"IND_NGABOM",,2021
"IOILTHBIOS01","Low-temperature heat  technology based on solid biomass (boiler)","Other","Biomass","IOILTH","PJ","D_pure_energy",0,0,0,0,0,109.101123595506,0,0,109.101123595506,TRUE,1,1,"IND_SOLIDBIOMSW",,2021
"IOILTHHCO01","Low-temperature heat  technology based on coal (boiler)","Other","Coal","IOILTH","PJ","D_pure_energy",0,0,0,0,0,100.691919496602,100.691919496602,0,100.691919496602,FALSE,1,1,"INDCOA",,2021
"IOILTHLPG01","Low-temperature heat  technology based on liquified petroleum gas (boiler)","Other","Oil","IOILTH","PJ","D_pure_energy",0,0,0,0,0,64.7584565217391,64.7584565217391,0,64.7584565217391,FALSE,1,1,"INDLPG",,2021
"IOILTHNGA01","Low-temperature heat  technology based on natural gas (boiler)","Other","Natural gas","IOILTH","PJ","D_pure_energy",0,0,0,0,0,55.6518496903673,55.6518496903673,0,55.6518496903673,FALSE,1,1,"IND_NGABOM",,2021
"IOIOTHBIOS01","Generic process technology for other energy services based on solid biomass","Other","Biomass","IOIOTH","PJ","D_pure_energy",0,0,0,0,0,109.101123595506,0,0,109.101123595506,TRUE,1,1,"IND_SOLIDBIOMSW",,2021
"IOIOTHHCO01","Generic process technology for other energy services based on coal","Other","Coal","IOIOTH","PJ","D_pure_energy",0,0,0,0,0,100.691919496602,100.691919496602,0,100.691919496602,FALSE,1,1,"INDCOA",,2021
"IOIOTHLPG01","Generic process technology for other energy services based on liquified petroleum gas","Other","Oil","IOIOTH","PJ","D_pure_energy",0,0,0,0,0,64.7584565217391,64.7584565217391,0,64.7584565217391,FALSE,1,1,"INDLPG",,2021
"IOIOTHNGA01","Generic process technology for other energy services based on natural gas / biomethane","Other","Natural gas","IOIOTH","PJ","D_pure_energy",0,0,0,0,0,55.6518496903673,55.6518496903673,0,55.6518496903673,FALSE,1,1,"IND_NGABOM",,2021
"IOISPCBIOS01","Low-temperature space heat technology based on solid biomass (boiler)","Other","Biomass","IOISPC","PJ","D_pure_energy",0,0,0,0,0,107.888888888889,0,0,107.888888888889,TRUE,1,1,"IND_SOLIDBIOMSW",,2021
"IOISPCHCO01","Low-temperature space heat  technology based on coal (boiler)","Other","Coal","IOISPC","PJ","D_pure_energy",0,0,0,0,0,100.691919496602,100.691919496602,0,100.691919496602,FALSE,1,1,"INDCOA",,2021
"IOISPCLPG01","Low-temperature space heat technology based on liquified petroleum gas (boiler)","Other","Oil","IOISPC","PJ","D_pure_energy",0,0,0,0,0,64.0621290322581,64.0621290322581,0,64.0621290322581,FALSE,1,1,"INDLPG",,2021
"IOISPCNGA01","Low-temperature space heat technology based on natural gas (boiler)","Other","Natural gas","IOISPC","PJ","D_pure_energy",0,0,0,0,0,55.0534427044494,55.0534427044494,0,55.0534427044494,FALSE,1,1,"IND_NGABOM",,2021
"INDHFCOTH01","Dummy demand for Other HFC emissions","Other","Standard_FF","INDHFCOTH","kt","E_zero_direct",,0,0,0,0,0,0,0,0,FALSE,1,0,"",,2021
"IOI01","Demand technology (not an actual technology only transforms energy services (IOIDRY, IOILTH, IOIMOT, IOIOTH, IOISPC) into final demand commodity (IOI))","Other","Standard_FF","IOI","PJ","E_zero_direct",,0,0,0,0,0,0,0,0,FALSE,1,0,"",,2021
"IOICHPCCGTH01","CCGT CHP based on hydrogen","Other","Hydrogen","IOISTM","PJ","E_zero_direct",,0,0,0,0,0,0,0,0,FALSE,1,0,"",,2021
"IOIDRYELC01","Drying / separation technology based on electricity","Other","Electricity","IOIDRY","PJ","E_zero_direct",,0,0,0,0,0,0,101.010101010101,0,FALSE,1,1,"INDDISTELC",,2021
"IOIDRYELCHP01","Drying / separation technology based on heat pump","Other","Heat pump","IOIDRY","PJ","E_zero_direct",,0,0,0,0,0,0,33.3333333333333,0,FALSE,1,1,"INDDISTELC",,2021
"IOIDRYHDG01","Drying / separation technology based on hydrogen","Other","Hydrogen","IOIDRY","PJ","E_zero_direct",,0,0,0,0,0,0,0,0,FALSE,1,0,"",,2021
"IOIDRYSTM01","Drying / separation technology based on low-temperature steam/heat from CHP (not an actual technology, only transfers heat from CHP plants, therefore no cost/capacity)","Other","Steam","IOIDRY","PJ","E_zero_direct",,0,0,0,0,0,0,0,0,FALSE,1,0,"",,2021
"IOILTHELC01","Low-temperature heat  technology based on electricity (boiler)","Other","Electricity","IOILTH","PJ","E_zero_direct",,0,0,0,0,0,0,101.010101010101,0,FALSE,1,1,"INDDISTELC",,2021
"IOILTHELCHP01","Low-temperature heat  technology based on heat pump","Other","Heat pump","IOILTH","PJ","E_zero_direct",,0,0,0,0,0,0,33.3333333333333,0,FALSE,1,1,"INDDISTELC",,2021
"IOILTHHDG01","Low-temperature heat  technology based on hydrogen (boiler)","Other","Hydrogen","IOILTH","PJ","E_zero_direct",,0,0,0,0,0,0,0,0,FALSE,1,0,"",,2021
"IOILTHSTM01","Low-temperature heat  technology based on low-temperature steam/heat from CHP (not an actual technology, only transfers heat from CHP plants, therefore no cost/capacity)","Other","Steam","IOILTH","PJ","E_zero_direct",,0,0,0,0,0,0,0,0,FALSE,1,0,"",,2021
"IOIMOTELC01","Electric motor technology","Other","Electricity","IOIMOT","PJ","E_zero_direct",,0,0,0,0,0,0,102.249488752556,0,FALSE,1,1,"INDDISTELC",,2021
"IOIOTHELC01","Generic process technology for other energy services based on electricity","Other","Electricity","IOIOTH","PJ","E_zero_direct",,0,0,0,0,0,0,101.010101010101,0,FALSE,1,1,"INDDISTELC",,2021
"IOIOTHHDG01","Generic process technology for other energy services based on hydrogen","Other","Hydrogen","IOIOTH","PJ","E_zero_direct",,0,0,0,0,0,0,0,0,FALSE,1,0,"",,2021
"IOIOTHSTM01","Generic process technology for other energy services based on low-temperature steam/heat from CHP (not an actual technology, only transfers heat from CHP plants, therefore no cost/capacity)","Other","Steam","IOIOTH","PJ","E_zero_direct",,0,0,0,0,0,0,0,0,FALSE,1,0,"",,2021
"IOISPCELC01","Low-temperature space heat  technology based on electricity (boiler)","Other","Electricity","IOISPC","PJ","E_zero_direct",,0,0,0,0,0,0,101.010101010101,0,FALSE,1,1,"INDDISTELC",,2021
"IOISPCELCHP01","Low-temperature space heat technology based on heat pump","Other","Heat pump","IOISPC","PJ","E_zero_direct",,0,0,0,0,0,0,25,0,FALSE,1,1,"INDDISTELC",,2021
"IOISPCHDG01","Low-temperature space heat  technology based on hydrogen (boiler)","Other","Hydrogen","IOISPC","PJ","E_zero_direct",,0,0,0,0,0,0,0,0,FALSE,1,0,"",,2021
"IOISPCSTM01","Low-temperature space heat technology based on low-temperature steam/heat from CHP (not an actual technology, only transfers heat from CHP plants, therefore no cost/capacity)","Other","Steam","IOISPC","PJ","E_zero_direct",,0,0,0,0,0,0,0,0,FALSE,1,0,"",,2021
"IOISTMHP01","Steam generation by heat pump","Other","Heat pump","IOISTM","PJ","E_zero_direct",,0,0,0,0,0,0,33.3333333333333,0,FALSE,1,1,"INDDISTELC",,2021
"IPPBOICOA01","Coal boiler","Paper","Coal","IPPLTH","PJ","D_pure_energy",0,0,0,0,0,100.691919496602,100.691919496602,0,100.691919496602,FALSE,1,1,"INDCOA",,2021
"IPPBOINGA01","Natural gas boiler","Paper","Natural gas","IPPLTH","PJ","D_pure_energy",0,0,0,0,0,55.0534427044494,55.0534427044494,0,55.0534427044494,FALSE,1,1,"IND_NGABOM",,2021
"IPPCHPBIOS01","Steam turbine CHP based on solid biomass","Paper","Biomass","IPPLTH","PJ","D_pure_energy",0,0,0,0,0,133.4575,0,0,133.4575,TRUE,1,1,"IND_SOLIDBIO",,2021
"IPPCHPGT01","Gas turbine CHP based on natural gas","Paper","Standard_FF","IPPLTH","PJ","D_pure_energy",0,0,0,0,0,124.342132736764,124.342132736764,0,124.342132736764,FALSE,1,1,"IND_NGABOMLFO",,2021
"IPPFINPRO01","Technologies for the production of the final paper products from basic paper","Paper","Standard_FF","IPP","Mt","D_pure_energy",0,0,0,0,0,44.6682760636083,44.6682760636083,232.967090606689,44.6682760636083,TRUE,1,7,"IND_NGABOM;INDCOA;INDDISTELC;INDHFO;INDLFO;INDMAINSBOM;INDMAINSGAS",,2021
"IPRCHPBIOS01","Steam turbine CHP based on solid biomass","Paper","Biomass","IPRSTM","PJ","D_pure_energy",0,0,0,0,0,133.5125,0,0,133.5125,TRUE,1,1,"IND_SOLIDBIOMSW",,2021
"IPRCHPGT01","Gas turbine CHP based on natural gas","Paper","Natural gas","IPRSTM","PJ","D_pure_energy",0,0,0,0,0,124.342132736764,124.342132736764,0,124.342132736764,FALSE,1,1,"IND_NGABOMLFO",,2021
"IPRDRYBIOS01","Drying / separation technology based on solid biomass","Paper","Biomass","IPRDRY","PJ","D_pure_energy",0,0,0,0,0,109.101123595506,0,0,109.101123595506,TRUE,1,1,"IND_SOLIDBIOMSW",,2021
"IPRDRYLPG01","Drying / separation technology based on liquified petroleum gas","Paper","Oil","IPRDRY","PJ","D_pure_energy",0,0,0,0,0,64.7584565217391,64.7584565217391,0,64.7584565217391,FALSE,1,1,"INDLPG",,2021
"IPRDRYNGA01","Drying / separation technology based on natural gas","Paper","Natural gas","IPRDRY","PJ","D_pure_energy",0,0,0,0,0,55.6518496903673,55.6518496903673,0,55.6518496903673,FALSE,1,1,"IND_NGABOM",,2021
"IPRLTHBIOS01","Low-temperature heat  technology based on solid biomass (boiler)","Paper","Biomass","IPRLTH","PJ","D_pure_energy",0,0,0,0,0,109.101123595506,0,0,109.101123595506,TRUE,1,1,"IND_SOLIDBIOMSW",,2021
"IPRLTHLPG01","Low-temperature heat  technology based on liquified petroleum gas (boiler)","Paper","Oil","IPRLTH","PJ","D_pure_energy",0,0,0,0,0,64.7584565217391,64.7584565217391,0,64.7584565217391,FALSE,1,1,"INDLPG",,2021
"IPRLTHNGA01","Low-temperature heat  technology based on natural gas (boiler)","Paper","Natural gas","IPRLTH","PJ","D_pure_energy",0,0,0,0,0,55.6518496903673,55.6518496903673,0,55.6518496903673,FALSE,1,1,"IND_NGABOM",,2021
"IPROTHBIOS01","Generic process technology for other energy services based on solid biomass","Paper","Biomass","IPROTH","PJ","D_pure_energy",0,0,0,0,0,109.101123595506,0,0,109.101123595506,TRUE,1,1,"IND_SOLIDBIOMSW",,2021
"IPROTHLPG01","Generic process technology for other energy services based on liquified petroleum gas","Paper","Oil","IPROTH","PJ","D_pure_energy",0,0,0,0,0,64.7584565217391,64.7584565217391,0,64.7584565217391,FALSE,1,1,"INDLPG",,2021
"IPROTHNGA01","Generic process technology for other energy services based on natural gas / biomethane","Paper","Natural gas","IPROTH","PJ","D_pure_energy",0,0,0,0,0,55.6518496903673,55.6518496903673,0,55.6518496903673,FALSE,1,1,"IND_NGABOM",,2021
"IPRSPCBIOS01","Low-temperature heat space technology based on solid biomass (boiler)","Paper","Biomass","IPRSPC","PJ","D_pure_energy",0,0,0,0,0,107.888888888889,0,0,107.888888888889,TRUE,1,1,"IND_SOLIDBIOMSW",,2021
"IPRSPCLPG01","Low-temperature heat space technology based on liquified petroleum gas (boiler)","Paper","Oil","IPRSPC","PJ","D_pure_energy",0,0,0,0,0,64.0621290322581,64.0621290322581,0,64.0621290322581,FALSE,1,1,"INDLPG",,2021
"IPRSPCNGA01","Low-temperature heat space technology based on natural gas (boiler)","Paper","Natural gas","IPRSPC","PJ","D_pure_energy",0,0,0,0,0,55.0534427044494,55.0534427044494,0,55.0534427044494,FALSE,1,1,"IND_NGABOM",,2021
"IPPCHPCCGTH01","CCGT CHP based on hydrogen","Paper","Hydrogen","IPPLTH","PJ","E_zero_direct",,0,0,0,0,0,0,0,0,FALSE,1,0,"",,2021
"IPPLTHELCHP01","Heat pump","Paper","Heat pump","IPPLTH","PJ","E_zero_direct",,0,0,0,0,0,0,33.3333333333333,0,FALSE,1,1,"INDDISTELC",,2021
"IPPPRODRY01","Dryers (standard)","Paper","Electricity","IPPBPA","Mt","E_zero_direct",,0,0,0,0,0,0,42.0564085245132,0,FALSE,1,1,"INDDISTELC",,2021
"IPPPROOTH01","Technologies for the other production steps (standard)","Paper","Standard_FF","IPPPBP","Mt","E_zero_direct",,0,0,0,0,0,0,252.19349861145,0,FALSE,1,1,"INDDISTELC",,2021
"IPPPROPRS01","Press section (standard)","Paper","Standard_FF","IPPPBD","Mt","E_zero_direct",,0,0,0,0,0,0,29.1494488716125,0,FALSE,1,1,"INDDISTELC",,2021
"IPR01","Demand technology (not an actual technology only transforms energy services (IPRDRY, IPRLTH, IPRMOT, IPRREF, IPROTH) into final demand commodity (IPR))","Paper","Standard_FF","IPR","PJ","E_zero_direct",,0,0,0,0,0,0,0,0,FALSE,1,0,"",,2021
"IPRCHPCCGTH01","CCGT CHP based on hydrogen","Paper","Hydrogen","IPRSTM","PJ","E_zero_direct",,0,0,0,0,0,0,0,0,FALSE,1,0,"",,2021
"IPRDRYELC01","Drying / separation technology based on electricity","Paper","Electricity","IPRDRY","PJ","E_zero_direct",,0,0,0,0,0,0,101.010101010101,0,FALSE,1,1,"INDDISTELC",,2021
"IPRDRYELCHP01","Drying / separation technology based on heat pump","Paper","Heat pump","IPRDRY","PJ","E_zero_direct",,0,0,0,0,0,0,33.3333333333333,0,FALSE,1,1,"INDDISTELC",,2021
"IPRDRYHDG01","Drying / separation technology based on hydrogen","Paper","Hydrogen","IPRDRY","PJ","E_zero_direct",,0,0,0,0,0,0,0,0,FALSE,1,0,"",,2021
"IPRDRYSTM01","Drying / separation technology based on low-temperature steam/heat from CHP (not an actual technology, only transfers heat from CHP plants, therefore no cost/capacity)","Paper","Steam","IPRDRY","PJ","E_zero_direct",,0,0,0,0,0,0,0,0,FALSE,1,0,"",,2021
"IPRLTHELC01","Low-temperature heat  technology based on electricity (boiler)","Paper","Electricity","IPRLTH","PJ","E_zero_direct",,0,0,0,0,0,0,101.010101010101,0,FALSE,1,1,"INDDISTELC",,2021
"IPRLTHELCHP01","Low-temperature heat  technology based on heat pump","Paper","Heat pump","IPRLTH","PJ","E_zero_direct",,0,0,0,0,0,0,33.3333333333333,0,FALSE,1,1,"INDDISTELC",,2021
"IPRLTHHDG01","Low-temperature heat  technology based on hydrogen (boiler)","Paper","Hydrogen","IPRLTH","PJ","E_zero_direct",,0,0,0,0,0,0,0,0,FALSE,1,0,"",,2021
"IPRLTHSTM01","Low-temperature heat  technology based on low-temperature steam/heat from CHP (not an actual technology, only transfers heat from CHP plants, therefore no cost/capacity)","Paper","Steam","IPRLTH","PJ","E_zero_direct",,0,0,0,0,0,0,0,0,FALSE,1,0,"",,2021
"IPRMOTELC01","Electric motor technology","Paper","Electricity","IPRMOT","PJ","E_zero_direct",,0,0,0,0,0,0,102.249488752556,0,FALSE,1,1,"INDDISTELC",,2021
"IPROTHELC01","Generic process technology for other energy services based on electricity","Paper","Electricity","IPROTH","PJ","E_zero_direct",,0,0,0,0,0,0,101.010101010101,0,FALSE,1,1,"INDDISTELC",,2021
"IPROTHHDG01","Generic process technology for other energy services based on hydrogen","Paper","Hydrogen","IPROTH","PJ","E_zero_direct",,0,0,0,0,0,0,0,0,FALSE,1,0,"",,2021
"IPROTHSTM01","Generic process technology for other energy services based on low-temperature steam/heat from CHP (not an actual technology, only transfers heat from CHP plants, therefore no cost/capacity)","Paper","Steam","IPROTH","PJ","E_zero_direct",,0,0,0,0,0,0,0,0,FALSE,1,0,"",,2021
"IPRSPCELC01","Low-temperature heat space technology based on electricity (boiler)","Paper","Electricity","IPRSPC","PJ","E_zero_direct",,0,0,0,0,0,0,101.010101010101,0,FALSE,1,1,"INDDISTELC",,2021
"IPRSPCELCHP01","Low-temperature space heat technology based on heat pump","Paper","Heat pump","IPRSPC","PJ","E_zero_direct",,0,0,0,0,0,0,25,0,FALSE,1,1,"INDDISTELC",,2021
"IPRSPCHDG01","Low-temperature heat space technology based on hydrogen (boiler)","Paper","Hydrogen","IPRSPC","PJ","E_zero_direct",,0,0,0,0,0,0,0,0,FALSE,1,0,"",,2021
"IPRSPCSTM01","Low-temperature space heat technology based on low-temperature steam/heat from CHP (not an actual technology, only transfers heat from CHP plants, therefore no cost/capacity)","Paper","Steam","IPRSPC","PJ","E_zero_direct",,0,0,0,0,0,0,0,0,FALSE,1,0,"",,2021
"IPRSTMHP01","Steam generation by heat pump","Paper","Heat pump","IPRSTM","PJ","E_zero_direct",,0,0,0,0,0,0,33.3333333333333,0,FALSE,1,1,"INDDISTELC",,2021
"POILREF01","Oil refinery with relatively fixed output mix","Refineries","Standard_FF","PRCOIL","Mt","B_process_dominant",101.6,4.93580198287964,0,0.207860201597214,5.14366218447685,-0.0825839953440104,-0.0825839953440104,0.539011601358652,5.06107818913284,FALSE,1,2,"IND_NGABOM;INDDISTELC",,2021
"POILREF02","Oil refinery with flexible output mix","Refineries","Standard_FF","PRCOIL","Mt","B_process_dominant",101.6,4.93580198287964,0,0.207860201597214,5.14366218447685,-0.0825839953440104,-0.0825839953440104,0.539011601358652,5.06107818913284,FALSE,1,2,"IND_NGABOM;INDDISTELC",,2021
"PCHP-CCP01","CHP CCGT plant for petroleum refineries (flexible input of refinery gas, natural gas and heavy fuel oil)","Refineries","Natural gas","PCHPHEAT","PJ","D_pure_energy",0,0,0,0,0,163.333191501908,163.333191501908,0,163.333191501908,FALSE,1,1,"IND_NGABOM",,2021
"ITXCHPBIOS01","Steam turbine CHP based on solid biomass","Textiles","Biomass","ITXSTM","PJ","D_pure_energy",0,0,0,0,0,133.5125,0,0,133.5125,TRUE,1,1,"IND_SOLIDBIOMSW",,2021
"ITXCHPGT01","Gas turbine CHP based on natural gas","Textiles","Natural gas","ITXSTM","PJ","D_pure_energy",0,0,0,0,0,124.342132736764,124.342132736764,0,124.342132736764,FALSE,1,1,"IND_NGABOMLFO",,2021
"ITXDRYBIOS01","Drying / separation technology based on solid biomass","Textiles","Biomass","ITXDRY","PJ","D_pure_energy",0,0,0,0,0,109.101123595506,0,0,109.101123595506,TRUE,1,1,"IND_SOLIDBIOMSW",,2021
"ITXDRYHCO01","Drying / separation technology based on coal","Textiles","Coal","ITXDRY","PJ","D_pure_energy",0,0,0,0,0,100.691919496602,100.691919496602,0,100.691919496602,FALSE,1,1,"INDCOA",,2021
"ITXDRYLPG01","Drying / separation technology based on liquified petroleum gas","Textiles","Oil","ITXDRY","PJ","D_pure_energy",0,0,0,0,0,64.7584565217391,64.7584565217391,0,64.7584565217391,FALSE,1,1,"INDLPG",,2021
"ITXDRYNGA01","Drying / separation technology based on natural gas","Textiles","Natural gas","ITXDRY","PJ","D_pure_energy",0,0,0,0,0,55.6518496903673,55.6518496903673,0,55.6518496903673,FALSE,1,1,"IND_NGABOM",,2021
"ITXLTHBIOS01","Low-temperature heat  technology based on solid biomass (boiler)","Textiles","Biomass","ITXLTH","PJ","D_pure_energy",0,0,0,0,0,109.101123595506,0,0,109.101123595506,TRUE,1,1,"IND_SOLIDBIOMSW",,2021
"ITXLTHHCO01","Low-temperature heat  technology based on coal (boiler)","Textiles","Coal","ITXLTH","PJ","D_pure_energy",0,0,0,0,0,100.691919496602,100.691919496602,0,100.691919496602,FALSE,1,1,"INDCOA",,2021
"ITXLTHLPG01","Low-temperature heat  technology based on liquified petroleum gas (boiler)","Textiles","Oil","ITXLTH","PJ","D_pure_energy",0,0,0,0,0,64.7584565217391,64.7584565217391,0,64.7584565217391,FALSE,1,1,"INDLPG",,2021
"ITXLTHNGA01","Low-temperature heat  technology based on natural gas (boiler)","Textiles","Natural gas","ITXLTH","PJ","D_pure_energy",0,0,0,0,0,55.6518496903673,55.6518496903673,0,55.6518496903673,FALSE,1,1,"IND_NGABOM",,2021
"ITXSPCBIOS01","Low-temperature space heat technology based on solid biomass (boiler)","Textiles","Biomass","ITXSPC","PJ","D_pure_energy",0,0,0,0,0,107.888888888889,0,0,107.888888888889,TRUE,1,1,"IND_SOLIDBIOMSW",,2021
"ITXSPCHCO01","Low-temperature space heat  technology based on coal (boiler)","Textiles","Coal","ITXSPC","PJ","D_pure_energy",0,0,0,0,0,100.691919496602,100.691919496602,0,100.691919496602,FALSE,1,1,"INDCOA",,2021
"ITXSPCLPG01","Low-temperature space heat technology based on liquified petroleum gas (boiler)","Textiles","Oil","ITXSPC","PJ","D_pure_energy",0,0,0,0,0,64.0621290322581,64.0621290322581,0,64.0621290322581,FALSE,1,1,"INDLPG",,2021
"ITXSPCNGA01","Low-temperature space heat technology based on natural gas (boiler)","Textiles","Natural gas","ITXSPC","PJ","D_pure_energy",0,0,0,0,0,55.0534427044494,55.0534427044494,0,55.0534427044494,FALSE,1,1,"IND_NGABOM",,2021
"ITX01","Demand technology (not an actual technology only transforms energy services (ITXDRY, ITXLTH, ITXMOT, ITXSPC) into final demand commodity (ITX))","Textiles","Standard_FF","ITX","PJ","E_zero_direct",,0,0,0,0,0,0,0,0,FALSE,1,0,"",,2021
"ITXCHPCCGTH01","CCGT CHP based on hydrogen","Textiles","Hydrogen","ITXSTM","PJ","E_zero_direct",,0,0,0,0,0,0,0,0,FALSE,1,0,"",,2021
"ITXDRYELC01","Drying / separation technology based on electricity","Textiles","Electricity","ITXDRY","PJ","E_zero_direct",,0,0,0,0,0,0,101.010101010101,0,FALSE,1,1,"INDDISTELC",,2021
"ITXDRYELCHP01","Drying / separation technology based on heat pump","Textiles","Heat pump","ITXDRY","PJ","E_zero_direct",,0,0,0,0,0,0,33.3333333333333,0,FALSE,1,1,"INDDISTELC",,2021
"ITXDRYHDG01","Drying / separation technology based on hydrogen","Textiles","Hydrogen","ITXDRY","PJ","E_zero_direct",,0,0,0,0,0,0,0,0,FALSE,1,0,"",,2021
"ITXDRYSTM01","Drying / separation technology based on low-temperature steam/heat from CHP (not an actual technology, only transfers heat from CHP plants, therefore no cost/capacity)","Textiles","Steam","ITXDRY","PJ","E_zero_direct",,0,0,0,0,0,0,0,0,FALSE,1,0,"",,2021
"ITXLTHELC01","Low-temperature heat  technology based on electricity (boiler)","Textiles","Electricity","ITXLTH","PJ","E_zero_direct",,0,0,0,0,0,0,101.010101010101,0,FALSE,1,1,"INDDISTELC",,2021
"ITXLTHELCHP01","Low-temperature heat  technology based on heat pump","Textiles","Heat pump","ITXLTH","PJ","E_zero_direct",,0,0,0,0,0,0,33.3333333333333,0,FALSE,1,1,"INDDISTELC",,2021
"ITXLTHHDG01","Low-temperature heat  technology based on hydrogen (boiler)","Textiles","Hydrogen","ITXLTH","PJ","E_zero_direct",,0,0,0,0,0,0,0,0,FALSE,1,0,"",,2021
"ITXLTHSTM01","Low-temperature heat  technology based on low-temperature steam/heat from CHP (not an actual technology, only transfers heat from CHP plants, therefore no cost/capacity)","Textiles","Steam","ITXLTH","PJ","E_zero_direct",,0,0,0,0,0,0,0,0,FALSE,1,0,"",,2021
"ITXMOTELC01","Electric motor technology","Textiles","Electricity","ITXMOT","PJ","E_zero_direct",,0,0,0,0,0,0,102.249488752556,0,FALSE,1,1,"INDDISTELC",,2021
"ITXSPCELC01","Low-temperature space heat  technology based on electricity (boiler)","Textiles","Electricity","ITXSPC","PJ","E_zero_direct",,0,0,0,0,0,0,101.010101010101,0,FALSE,1,1,"INDDISTELC",,2021
"ITXSPCELCHP01","Low-temperature space heat technology based on heat pump","Textiles","Heat pump","ITXSPC","PJ","E_zero_direct",,0,0,0,0,0,0,25,0,FALSE,1,1,"INDDISTELC",,2021
"ITXSPCHDG01","Low-temperature space heat  technology based on hydrogen (boiler)","Textiles","Hydrogen","ITXSPC","PJ","E_zero_direct",,0,0,0,0,0,0,0,0,FALSE,1,0,"",,2021
"ITXSPCSTM01","Low-temperature space heat technology based on low-temperature steam/heat from CHP (not an actual technology, only transfers heat from CHP plants, therefore no cost/capacity)","Textiles","Steam","ITXSPC","PJ","E_zero_direct",,0,0,0,0,0,0,0,0,FALSE,1,0,"",,2021
"ITXSTMHP01","Steam generation by heat pump","Textiles","Heat pump","ITXSTM","PJ","E_zero_direct",,0,0,0,0,0,0,33.3333333333333,0,FALSE,1,1,"INDDISTELC",,2021
"IVHCHPBIOS01","Steam turbine CHP based on solid biomass","Vehicles","Biomass","IVHSTM","PJ","D_pure_energy",0,0,0,0,0,133.5125,0,0,133.5125,TRUE,1,1,"IND_SOLIDBIOMSW",,2021
"IVHCHPGT01","Gas turbine CHP based on natural gas","Vehicles","Natural gas","IVHSTM","PJ","D_pure_energy",0,0,0,0,0,124.342132736764,124.342132736764,0,124.342132736764,FALSE,1,1,"IND_NGABOMLFO",,2021
"IVHHTHBIOS01","High-temperature heat technology based on solid biomass (boiler)","Vehicles","Biomass","IVHHTH","PJ","D_pure_energy",0,0,0,0,0,161.833333333333,0,0,161.833333333333,TRUE,1,1,"IND_SOLIDBIOMSW",,2021
"IVHHTHHCO01","High-temperature heat technology based on coal (boiler)","Vehicles","Coal","IVHHTH","PJ","D_pure_energy",0,0,0,0,0,149.359680586627,149.359680586627,0,149.359680586627,FALSE,1,1,"INDCOA",,2021
"IVHHTHLPG01","High-temperature heat technology based on liquified petroleum gas (boiler)","Vehicles","Oil","IVHHTH","PJ","D_pure_energy",0,0,0,0,0,99.2963,99.2963,0,99.2963,FALSE,1,1,"INDLPG",,2021
"IVHHTHNGA01","High-temperature heat technology based on natural gas / biomethane (boiler)","Vehicles","Natural gas","IVHHTH","PJ","D_pure_energy",0,0,0,0,0,85.3328361918966,85.3328361918966,0,85.3328361918966,FALSE,1,1,"IND_NGABOM",,2021
"IVHLTHBIOS01","Low-temperature heat  technology based on solid biomass (boiler)","Vehicles","Biomass","IVHLTH","PJ","D_pure_energy",0,0,0,0,0,109.101123595506,0,0,109.101123595506,TRUE,1,1,"IND_SOLIDBIOMSW",,2021
"IVHLTHHCO01","Low-temperature heat  technology based on coal (boiler)","Vehicles","Coal","IVHLTH","PJ","D_pure_energy",0,0,0,0,0,100.691919496602,100.691919496602,0,100.691919496602,FALSE,1,1,"INDCOA",,2021
"IVHLTHLPG01","Low-temperature heat  technology based on liquified petroleum gas (boiler)","Vehicles","Oil","IVHLTH","PJ","D_pure_energy",0,0,0,0,0,64.7584565217391,64.7584565217391,0,64.7584565217391,FALSE,1,1,"INDLPG",,2021
"IVHLTHNGA01","Low-temperature heat  technology based on natural gas (boiler)","Vehicles","Natural gas","IVHLTH","PJ","D_pure_energy",0,0,0,0,0,55.6518496903673,55.6518496903673,0,55.6518496903673,FALSE,1,1,"IND_NGABOM",,2021
"IVHOTHBIOS01","Generic process technology for other energy services based on solid biomass","Vehicles","Biomass","IVHOTH","PJ","D_pure_energy",0,0,0,0,0,109.101123595506,0,0,109.101123595506,TRUE,1,1,"IND_SOLIDBIOMSW",,2021
"IVHOTHHCO01","Generic process technology for other energy services based on coal","Vehicles","Coal","IVHOTH","PJ","D_pure_energy",0,0,0,0,0,100.691919496602,100.691919496602,0,100.691919496602,FALSE,1,1,"INDCOA",,2021
"IVHOTHLPG01","Generic process technology for other energy services based on liquified petroleum gas","Vehicles","Oil","IVHOTH","PJ","D_pure_energy",0,0,0,0,0,64.7584565217391,64.7584565217391,0,64.7584565217391,FALSE,1,1,"INDLPG",,2021
"IVHOTHNGA01","Generic process technology for other energy services based on natural gas / biomethane","Vehicles","Natural gas","IVHOTH","PJ","D_pure_energy",0,0,0,0,0,55.6518496903673,55.6518496903673,0,55.6518496903673,FALSE,1,1,"IND_NGABOM",,2021
"IVHSPCBIOS01","Low-temperature space heat technology based on solid biomass (boiler)","Vehicles","Biomass","IVHSPC","PJ","D_pure_energy",0,0,0,0,0,107.888888888889,0,0,107.888888888889,TRUE,1,1,"IND_SOLIDBIOMSW",,2021
"IVHSPCHCO01","Low-temperature space heat  technology based on coal (boiler)","Vehicles","Coal","IVHSPC","PJ","D_pure_energy",0,0,0,0,0,100.691919496602,100.691919496602,0,100.691919496602,FALSE,1,1,"INDCOA",,2021
"IVHSPCLPG01","Low-temperature space heat technology based on liquified petroleum gas (boiler)","Vehicles","Oil","IVHSPC","PJ","D_pure_energy",0,0,0,0,0,64.0621290322581,64.0621290322581,0,64.0621290322581,FALSE,1,1,"INDLPG",,2021
"IVHSPCNGA01","Low-temperature space heat technology based on natural gas (boiler)","Vehicles","Natural gas","IVHSPC","PJ","D_pure_energy",0,0,0,0,0,55.0534427044494,55.0534427044494,0,55.0534427044494,FALSE,1,1,"IND_NGABOM",,2021
"IVH01","Demand technology (not an actual technology only transforms energy services (IVHHTH, IVHLTH, IVHMOT, IVHOTH, IVHSPC) into final demand commodity (IVH))","Vehicles","Standard_FF","IVH","PJ","E_zero_direct",,0,0,0,0,0,0,0,0,FALSE,1,0,"",,2021
"IVHCHPCCGTH01","CCGT CHP based on hydrogen","Vehicles","Hydrogen","IVHSTM","PJ","E_zero_direct",,0,0,0,0,0,0,0,0,FALSE,1,0,"",,2021
"IVHHTHELC01","High-temperature heat technology based on electricity (boiler)","Vehicles","Electricity","IVHHTH","PJ","E_zero_direct",,0,0,0,0,0,0,117.647058823529,0,FALSE,1,1,"INDDISTELC",,2021
"IVHHTHHDG01","High-temperature heat technology based on hydrogen (boiler)","Vehicles","Hydrogen","IVHHTH","PJ","E_zero_direct",,0,0,0,0,0,0,0,0,FALSE,1,0,"",,2021
"IVHLTHELC01","Low-temperature heat  technology based on electricity (boiler)","Vehicles","Electricity","IVHLTH","PJ","E_zero_direct",,0,0,0,0,0,0,101.010101010101,0,FALSE,1,1,"INDDISTELC",,2021
"IVHLTHELCHP01","Low-temperature heat  technology based on heat pump","Vehicles","Heat pump","IVHLTH","PJ","E_zero_direct",,0,0,0,0,0,0,33.3333333333333,0,FALSE,1,1,"INDDISTELC",,2021
"IVHLTHHDG01","Low-temperature heat  technology based on hydrogen (boiler)","Vehicles","Hydrogen","IVHLTH","PJ","E_zero_direct",,0,0,0,0,0,0,0,0,FALSE,1,0,"",,2021
"IVHLTHSTM01","Low-temperature heat  technology based on low-temperature steam/heat from CHP (not an actual technology, only transfers heat from CHP plants, therefore no cost/capacity)","Vehicles","Steam","IVHLTH","PJ","E_zero_direct",,0,0,0,0,0,0,0,0,FALSE,1,0,"",,2021
"IVHMOTELC01","Electric motor technology","Vehicles","Electricity","IVHMOT","PJ","E_zero_direct",,0,0,0,0,0,0,102.249488752556,0,FALSE,1,1,"INDDISTELC",,2021
"IVHOTHELC01","Generic process technology for other energy services based on electricity","Vehicles","Electricity","IVHOTH","PJ","E_zero_direct",,0,0,0,0,0,0,101.010101010101,0,FALSE,1,1,"INDDISTELC",,2021
"IVHOTHHDG01","Generic process technology for other energy services based on hydrogen","Vehicles","Hydrogen","IVHOTH","PJ","E_zero_direct",,0,0,0,0,0,0,0,0,FALSE,1,0,"",,2021
"IVHOTHSTM01","Generic process technology for other energy services based on low-temperature steam/heat from CHP (not an actual technology, only transfers heat from CHP plants, therefore no cost/capacity)","Vehicles","Steam","IVHOTH","PJ","E_zero_direct",,0,0,0,0,0,0,0,0,FALSE,1,0,"",,2021
"IVHSPCELC01","Low-temperature space heat  technology based on electricity (boiler)","Vehicles","Electricity","IVHSPC","PJ","E_zero_direct",,0,0,0,0,0,0,101.010101010101,0,FALSE,1,1,"INDDISTELC",,2021
"IVHSPCELCHP01","Low-temperature space heat technology based on heat pump","Vehicles","Heat pump","IVHSPC","PJ","E_zero_direct",,0,0,0,0,0,0,25,0,FALSE,1,1,"INDDISTELC",,2021
"IVHSPCHDG01","Low-temperature space heat  technology based on hydrogen (boiler)","Vehicles","Hydrogen","IVHSPC","PJ","E_zero_direct",,0,0,0,0,0,0,0,0,FALSE,1,0,"",,2021
"IVHSPCSTM01","Low-temperature space heat technology based on low-temperature steam/heat from CHP (not an actual technology, only transfers heat from CHP plants, therefore no cost/capacity)","Vehicles","Steam","IVHSPC","PJ","E_zero_direct",,0,0,0,0,0,0,0,0,FALSE,1,0,"",,2021
"IVHSTMHP01","Steam generation by heat pump","Vehicles","Heat pump","IVHSTM","PJ","E_zero_direct",,0,0,0,0,0,0,33.3333333333333,0,FALSE,1,1,"INDDISTELC",,2021
