scenario_id,carrier,cluster_id,period,available,capacity_limit,unit_tariff,provenance
published_2026,co2_transport,teesside,2021,FALSE,,,"[CCUS_COLLECTION_2026] East Coast Cluster: ""on 10 December 2024 the Transport and Storage Network for ECC, and the project Net Zero Teesside reached financial close""; projects ""set to begin construction from mid-2025 and become operational from 2028"". 2028 falls between model periods, so the first period marked available is 2030. unit_tariff blank: no published tariff. Spec 3.7 marks it required; the brief overrides with ""Tariffs blank unless published"""
published_2026,co2_transport,teesside,2025,FALSE,,,"[CCUS_COLLECTION_2026] East Coast Cluster: ""on 10 December 2024 the Transport and Storage Network for ECC, and the project Net Zero Teesside reached financial close""; projects ""set to begin construction from mid-2025 and become operational from 2028"". 2028 falls between model periods, so the first period marked available is 2030. unit_tariff blank: no published tariff. Spec 3.7 marks it required; the brief overrides with ""Tariffs blank unless published"""
published_2026,co2_transport,teesside,2030,TRUE,,,"[CCUS_COLLECTION_2026] East Coast Cluster: ""on 10 December 2024 the Transport and Storage Network for ECC, and the project Net Zero Teesside reached financial close""; projects ""set to begin construction from mid-2025 and become operational from 2028"". 2028 falls between model periods, so the first period marked available is 2030. unit_tariff blank: no published tariff. Spec 3.7 marks it required; the brief overrides with ""Tariffs blank unless published"""
published_2026,co2_transport,teesside,2035,TRUE,,,"[CCUS_COLLECTION_2026] East Coast Cluster: ""on 10 December 2024 the Transport and Storage Network for ECC, and the project Net Zero Teesside reached financial close""; projects ""set to begin construction from mid-2025 and become operational from 2028"". 2028 falls between model periods, so the first period marked available is 2030. unit_tariff blank: no published tariff. Spec 3.7 marks it required; the brief overrides with ""Tariffs blank unless published"""
published_2026,co2_transport,teesside,2040,TRUE,,,"[CCUS_COLLECTION_2026] East Coast Cluster: ""on 10 December 2024 the Transport and Storage Network for ECC, and the project Net Zero Teesside reached financial close""; projects ""set to begin construction from mid-2025 and become operational from 2028"". 2028 falls between model periods, so the first period marked available is 2030. unit_tariff blank: no published tariff. Spec 3.7 marks it required; the brief overrides with ""Tariffs blank unless published"""
published_2026,co2_transport,teesside,2045,TRUE,,,"[CCUS_COLLECTION_2026] East Coast Cluster: ""on 10 December 2024 the Transport and Storage Network for ECC, and the project Net Zero Teesside reached financial close""; projects ""set to begin construction from mid-2025 and become operational from 2028"". 2028 falls between model periods, so the first period marked available is 2030. unit_tariff blank: no published tariff. Spec 3.7 marks it required; the brief overrides with ""Tariffs blank unless published"""
published_2026,co2_transport,teesside,2050,TRUE,,,"[CCUS_COLLECTION_2026] East Coast Cluster: ""on 10 December 2024 the Transport and Storage Network for ECC, and the project Net Zero Teesside reached financial close""; projects ""set to begin construction from mid-2025 and become operational from 2028"". 2028 falls between model periods, so the first period marked available is 2030. unit_tariff blank: no published tariff. Spec 3.7 marks it required; the brief overrides with ""Tariffs blank unless published"""
published_2026,co2_transport,humber,2021,FALSE,,,"[CCUS_COLLECTION_2026] the East Coast Cluster is described as covering Teesside and the Humber; ECC Transport and Storage reached financial close 10 December 2024 and becomes ""operational from 2028"". First model period on or after 2028 is 2030. Caveat: the Humber leg is a later phase of the Northern Endurance pipeline than the Teesside leg and no separate Humber date is published. unit_tariff blank: no published tariff. Spec 3.7 marks it required; the brief overrides with ""Tariffs blank unless published"""
published_2026,co2_transport,humber,2025,FALSE,,,"[CCUS_COLLECTION_2026] the East Coast Cluster is described as covering Teesside and the Humber; ECC Transport and Storage reached financial close 10 December 2024 and becomes ""operational from 2028"". First model period on or after 2028 is 2030. Caveat: the Humber leg is a later phase of the Northern Endurance pipeline than the Teesside leg and no separate Humber date is published. unit_tariff blank: no published tariff. Spec 3.7 marks it required; the brief overrides with ""Tariffs blank unless published"""
published_2026,co2_transport,humber,2030,TRUE,,,"[CCUS_COLLECTION_2026] the East Coast Cluster is described as covering Teesside and the Humber; ECC Transport and Storage reached financial close 10 December 2024 and becomes ""operational from 2028"". First model period on or after 2028 is 2030. Caveat: the Humber leg is a later phase of the Northern Endurance pipeline than the Teesside leg and no separate Humber date is published. unit_tariff blank: no published tariff. Spec 3.7 marks it required; the brief overrides with ""Tariffs blank unless published"""
published_2026,co2_transport,humber,2035,TRUE,,,"[CCUS_COLLECTION_2026] the East Coast Cluster is described as covering Teesside and the Humber; ECC Transport and Storage reached financial close 10 December 2024 and becomes ""operational from 2028"". First model period on or after 2028 is 2030. Caveat: the Humber leg is a later phase of the Northern Endurance pipeline than the Teesside leg and no separate Humber date is published. unit_tariff blank: no published tariff. Spec 3.7 marks it required; the brief overrides with ""Tariffs blank unless published"""
published_2026,co2_transport,humber,2040,TRUE,,,"[CCUS_COLLECTION_2026] the East Coast Cluster is described as covering Teesside and the Humber; ECC Transport and Storage reached financial close 10 December 2024 and becomes ""operational from 2028"". First model period on or after 2028 is 2030. Caveat: the Humber leg is a later phase of the Northern Endurance pipeline than the Teesside leg and no separate Humber date is published. unit_tariff blank: no published tariff. Spec 3.7 marks it required; the brief overrides with ""Tariffs blank unless published"""
published_2026,co2_transport,humber,2045,TRUE,,,"[CCUS_COLLECTION_2026] the East Coast Cluster is described as covering Teesside and the Humber; ECC Transport and Storage reached financial close 10 December 2024 and becomes ""operational from 2028"". First model period on or after 2028 is 2030. Caveat: the Humber leg is a later phase of the Northern Endurance pipeline than the Teesside leg and no separate Humber date is published. unit_tariff blank: no published tariff. Spec 3.7 marks it required; the brief overrides with ""Tariffs blank unless published"""
published_2026,co2_transport,humber,2050,TRUE,,,"[CCUS_COLLECTION_2026] the East Coast Cluster is described as covering Teesside and the Humber; ECC Transport and Storage reached financial close 10 December 2024 and becomes ""operational from 2028"". First model period on or after 2028 is 2030. Caveat: the Humber leg is a later phase of the Northern Endurance pipeline than the Teesside leg and no separate Humber date is published. unit_tariff blank: no published tariff. Spec 3.7 marks it required; the brief overrides with ""Tariffs blank unless published"""
published_2026,co2_transport,humber2,2021,FALSE,,,"[CCUS_COLLECTION_2026] as for cluster humber - the East Coast Cluster covers Teesside and the Humber, operational from 2028, first model period on or after 2028 is 2030. humber2 is COMIT's second Humberside centre and no cluster-specific date is published for it. unit_tariff blank: no published tariff. Spec 3.7 marks it required; the brief overrides with ""Tariffs blank unless published"""
published_2026,co2_transport,humber2,2025,FALSE,,,"[CCUS_COLLECTION_2026] as for cluster humber - the East Coast Cluster covers Teesside and the Humber, operational from 2028, first model period on or after 2028 is 2030. humber2 is COMIT's second Humberside centre and no cluster-specific date is published for it. unit_tariff blank: no published tariff. Spec 3.7 marks it required; the brief overrides with ""Tariffs blank unless published"""
published_2026,co2_transport,humber2,2030,TRUE,,,"[CCUS_COLLECTION_2026] as for cluster humber - the East Coast Cluster covers Teesside and the Humber, operational from 2028, first model period on or after 2028 is 2030. humber2 is COMIT's second Humberside centre and no cluster-specific date is published for it. unit_tariff blank: no published tariff. Spec 3.7 marks it required; the brief overrides with ""Tariffs blank unless published"""
published_2026,co2_transport,humber2,2035,TRUE,,,"[CCUS_COLLECTION_2026] as for cluster humber - the East Coast Cluster covers Teesside and the Humber, operational from 2028, first model period on or after 2028 is 2030. humber2 is COMIT's second Humberside centre and no cluster-specific date is published for it. unit_tariff blank: no published tariff. Spec 3.7 marks it required; the brief overrides with ""Tariffs blank unless published"""
published_2026,co2_transport,humber2,2040,TRUE,,,"[CCUS_COLLECTION_2026] as for cluster humber - the East Coast Cluster covers Teesside and the Humber, operational from 2028, first model period on or after 2028 is 2030. humber2 is COMIT's second Humberside centre and no cluster-specific date is published for it. unit_tariff blank: no published tariff. Spec 3.7 marks it required; the brief overrides with ""Tariffs blank unless published"""
published_2026,co2_transport,humber2,2045,TRUE,,,"[CCUS_COLLECTION_2026] as for cluster humber - the East Coast Cluster covers Teesside and the Humber, operational from 2028, first model period on or after 2028 is 2030. humber2 is COMIT's second Humberside centre and no cluster-specific date is published for it. unit_tariff blank: no published tariff. Spec 3.7 marks it required; the brief overrides with ""Tariffs blank unless published"""
published_2026,co2_transport,humber2,2050,TRUE,,,"[CCUS_COLLECTION_2026] as for cluster humber - the East Coast Cluster covers Teesside and the Humber, operational from 2028, first model period on or after 2028 is 2030. humber2 is COMIT's second Humberside centre and no cluster-specific date is published for it. unit_tariff blank: no published tariff. Spec 3.7 marks it required; the brief overrides with ""Tariffs blank unless published"""
published_2026,co2_transport,mersey,2021,FALSE,,,"[HYNET_T1_EXPANSION_2026] HyNet ""anchor and build-out projects are expected to be operational from 2028""; [CCUS_COLLECTION_2026] ""on 24 April 2025, the Transport and Storage Network for HyNet also reached financial close"". First model period on or after 2028 is 2030. unit_tariff blank: no published tariff. Spec 3.7 marks it required; the brief overrides with ""Tariffs blank unless published"""
published_2026,co2_transport,mersey,2025,FALSE,,,"[HYNET_T1_EXPANSION_2026] HyNet ""anchor and build-out projects are expected to be operational from 2028""; [CCUS_COLLECTION_2026] ""on 24 April 2025, the Transport and Storage Network for HyNet also reached financial close"". First model period on or after 2028 is 2030. unit_tariff blank: no published tariff. Spec 3.7 marks it required; the brief overrides with ""Tariffs blank unless published"""
published_2026,co2_transport,mersey,2030,TRUE,,,"[HYNET_T1_EXPANSION_2026] HyNet ""anchor and build-out projects are expected to be operational from 2028""; [CCUS_COLLECTION_2026] ""on 24 April 2025, the Transport and Storage Network for HyNet also reached financial close"". First model period on or after 2028 is 2030. unit_tariff blank: no published tariff. Spec 3.7 marks it required; the brief overrides with ""Tariffs blank unless published"""
published_2026,co2_transport,mersey,2035,TRUE,,,"[HYNET_T1_EXPANSION_2026] HyNet ""anchor and build-out projects are expected to be operational from 2028""; [CCUS_COLLECTION_2026] ""on 24 April 2025, the Transport and Storage Network for HyNet also reached financial close"". First model period on or after 2028 is 2030. unit_tariff blank: no published tariff. Spec 3.7 marks it required; the brief overrides with ""Tariffs blank unless published"""
published_2026,co2_transport,mersey,2040,TRUE,,,"[HYNET_T1_EXPANSION_2026] HyNet ""anchor and build-out projects are expected to be operational from 2028""; [CCUS_COLLECTION_2026] ""on 24 April 2025, the Transport and Storage Network for HyNet also reached financial close"". First model period on or after 2028 is 2030. unit_tariff blank: no published tariff. Spec 3.7 marks it required; the brief overrides with ""Tariffs blank unless published"""
published_2026,co2_transport,mersey,2045,TRUE,,,"[HYNET_T1_EXPANSION_2026] HyNet ""anchor and build-out projects are expected to be operational from 2028""; [CCUS_COLLECTION_2026] ""on 24 April 2025, the Transport and Storage Network for HyNet also reached financial close"". First model period on or after 2028 is 2030. unit_tariff blank: no published tariff. Spec 3.7 marks it required; the brief overrides with ""Tariffs blank unless published"""
published_2026,co2_transport,mersey,2050,TRUE,,,"[HYNET_T1_EXPANSION_2026] HyNet ""anchor and build-out projects are expected to be operational from 2028""; [CCUS_COLLECTION_2026] ""on 24 April 2025, the Transport and Storage Network for HyNet also reached financial close"". First model period on or after 2028 is 2030. unit_tariff blank: no published tariff. Spec 3.7 marks it required; the brief overrides with ""Tariffs blank unless published"""
published_2026,co2_transport,grangemouth,2021,FALSE,,,"[CCUS_TRACK2_2023] Acorn was selected for Track-2 and remains ""subject to final decisions, due diligence, consenting, subsidy control, affordability and value for money assessments""; [CCUS_COLLECTION_2026] records Track-2 decisions as still to be taken after the 2025 Spending Review. No operational date is published, so no period can be marked available on published evidence - FALSE here is the absence of a published date, not a published forecast of unavailability. unit_tariff blank: no published tariff. Spec 3.7 marks it required; the brief overrides with ""Tariffs blank unless published"""
published_2026,co2_transport,grangemouth,2025,FALSE,,,"[CCUS_TRACK2_2023] Acorn was selected for Track-2 and remains ""subject to final decisions, due diligence, consenting, subsidy control, affordability and value for money assessments""; [CCUS_COLLECTION_2026] records Track-2 decisions as still to be taken after the 2025 Spending Review. No operational date is published, so no period can be marked available on published evidence - FALSE here is the absence of a published date, not a published forecast of unavailability. unit_tariff blank: no published tariff. Spec 3.7 marks it required; the brief overrides with ""Tariffs blank unless published"""
published_2026,co2_transport,grangemouth,2030,FALSE,,,"[CCUS_TRACK2_2023] Acorn was selected for Track-2 and remains ""subject to final decisions, due diligence, consenting, subsidy control, affordability and value for money assessments""; [CCUS_COLLECTION_2026] records Track-2 decisions as still to be taken after the 2025 Spending Review. No operational date is published, so no period can be marked available on published evidence - FALSE here is the absence of a published date, not a published forecast of unavailability. unit_tariff blank: no published tariff. Spec 3.7 marks it required; the brief overrides with ""Tariffs blank unless published"""
published_2026,co2_transport,grangemouth,2035,FALSE,,,"[CCUS_TRACK2_2023] Acorn was selected for Track-2 and remains ""subject to final decisions, due diligence, consenting, subsidy control, affordability and value for money assessments""; [CCUS_COLLECTION_2026] records Track-2 decisions as still to be taken after the 2025 Spending Review. No operational date is published, so no period can be marked available on published evidence - FALSE here is the absence of a published date, not a published forecast of unavailability. unit_tariff blank: no published tariff. Spec 3.7 marks it required; the brief overrides with ""Tariffs blank unless published"""
published_2026,co2_transport,grangemouth,2040,FALSE,,,"[CCUS_TRACK2_2023] Acorn was selected for Track-2 and remains ""subject to final decisions, due diligence, consenting, subsidy control, affordability and value for money assessments""; [CCUS_COLLECTION_2026] records Track-2 decisions as still to be taken after the 2025 Spending Review. No operational date is published, so no period can be marked available on published evidence - FALSE here is the absence of a published date, not a published forecast of unavailability. unit_tariff blank: no published tariff. Spec 3.7 marks it required; the brief overrides with ""Tariffs blank unless published"""
published_2026,co2_transport,grangemouth,2045,FALSE,,,"[CCUS_TRACK2_2023] Acorn was selected for Track-2 and remains ""subject to final decisions, due diligence, consenting, subsidy control, affordability and value for money assessments""; [CCUS_COLLECTION_2026] records Track-2 decisions as still to be taken after the 2025 Spending Review. No operational date is published, so no period can be marked available on published evidence - FALSE here is the absence of a published date, not a published forecast of unavailability. unit_tariff blank: no published tariff. Spec 3.7 marks it required; the brief overrides with ""Tariffs blank unless published"""
published_2026,co2_transport,grangemouth,2050,FALSE,,,"[CCUS_TRACK2_2023] Acorn was selected for Track-2 and remains ""subject to final decisions, due diligence, consenting, subsidy control, affordability and value for money assessments""; [CCUS_COLLECTION_2026] records Track-2 decisions as still to be taken after the 2025 Spending Review. No operational date is published, so no period can be marked available on published evidence - FALSE here is the absence of a published date, not a published forecast of unavailability. unit_tariff blank: no published tariff. Spec 3.7 marks it required; the brief overrides with ""Tariffs blank unless published"""
published_2026,co2_transport,peterhead,2021,FALSE,,,"[CCUS_TRACK2_2023] as for grangemouth - served by Acorn (Track-2), no published operational date; [CCUS_COLLECTION_2026] Track-2 decisions still to be taken. FALSE records the absence of a published date. unit_tariff blank: no published tariff. Spec 3.7 marks it required; the brief overrides with ""Tariffs blank unless published"""
published_2026,co2_transport,peterhead,2025,FALSE,,,"[CCUS_TRACK2_2023] as for grangemouth - served by Acorn (Track-2), no published operational date; [CCUS_COLLECTION_2026] Track-2 decisions still to be taken. FALSE records the absence of a published date. unit_tariff blank: no published tariff. Spec 3.7 marks it required; the brief overrides with ""Tariffs blank unless published"""
published_2026,co2_transport,peterhead,2030,FALSE,,,"[CCUS_TRACK2_2023] as for grangemouth - served by Acorn (Track-2), no published operational date; [CCUS_COLLECTION_2026] Track-2 decisions still to be taken. FALSE records the absence of a published date. unit_tariff blank: no published tariff. Spec 3.7 marks it required; the brief overrides with ""Tariffs blank unless published"""
published_2026,co2_transport,peterhead,2035,FALSE,,,"[CCUS_TRACK2_2023] as for grangemouth - served by Acorn (Track-2), no published operational date; [CCUS_COLLECTION_2026] Track-2 decisions still to be taken. FALSE records the absence of a published date. unit_tariff blank: no published tariff. Spec 3.7 marks it required; the brief overrides with ""Tariffs blank unless published"""
published_2026,co2_transport,peterhead,2040,FALSE,,,"[CCUS_TRACK2_2023] as for grangemouth - served by Acorn (Track-2), no published operational date; [CCUS_COLLECTION_2026] Track-2 decisions still to be taken. FALSE records the absence of a published date. unit_tariff blank: no published tariff. Spec 3.7 marks it required; the brief overrides with ""Tariffs blank unless published"""
published_2026,co2_transport,peterhead,2045,FALSE,,,"[CCUS_TRACK2_2023] as for grangemouth - served by Acorn (Track-2), no published operational date; [CCUS_COLLECTION_2026] Track-2 decisions still to be taken. FALSE records the absence of a published date. unit_tariff blank: no published tariff. Spec 3.7 marks it required; the brief overrides with ""Tariffs blank unless published"""
published_2026,co2_transport,peterhead,2050,FALSE,,,"[CCUS_TRACK2_2023] as for grangemouth - served by Acorn (Track-2), no published operational date; [CCUS_COLLECTION_2026] Track-2 decisions still to be taken. FALSE records the absence of a published date. unit_tariff blank: no published tariff. Spec 3.7 marks it required; the brief overrides with ""Tariffs blank unless published"""
published_2026,co2_transport,south_wales,2021,FALSE,,,"[CCUS_COLLECTION_2026] Track-1 selected the East Coast Cluster and HyNet; [CCUS_TRACK2_2023] Track-2 selected Acorn and Viking. South Wales is named as a major industrial cluster in [IDS_2021] but has no published CO2 transport and storage timeline. FALSE records the absence of a published date. unit_tariff blank: no published tariff. Spec 3.7 marks it required; the brief overrides with ""Tariffs blank unless published"""
published_2026,co2_transport,south_wales,2025,FALSE,,,"[CCUS_COLLECTION_2026] Track-1 selected the East Coast Cluster and HyNet; [CCUS_TRACK2_2023] Track-2 selected Acorn and Viking. South Wales is named as a major industrial cluster in [IDS_2021] but has no published CO2 transport and storage timeline. FALSE records the absence of a published date. unit_tariff blank: no published tariff. Spec 3.7 marks it required; the brief overrides with ""Tariffs blank unless published"""
published_2026,co2_transport,south_wales,2030,FALSE,,,"[CCUS_COLLECTION_2026] Track-1 selected the East Coast Cluster and HyNet; [CCUS_TRACK2_2023] Track-2 selected Acorn and Viking. South Wales is named as a major industrial cluster in [IDS_2021] but has no published CO2 transport and storage timeline. FALSE records the absence of a published date. unit_tariff blank: no published tariff. Spec 3.7 marks it required; the brief overrides with ""Tariffs blank unless published"""
published_2026,co2_transport,south_wales,2035,FALSE,,,"[CCUS_COLLECTION_2026] Track-1 selected the East Coast Cluster and HyNet; [CCUS_TRACK2_2023] Track-2 selected Acorn and Viking. South Wales is named as a major industrial cluster in [IDS_2021] but has no published CO2 transport and storage timeline. FALSE records the absence of a published date. unit_tariff blank: no published tariff. Spec 3.7 marks it required; the brief overrides with ""Tariffs blank unless published"""
published_2026,co2_transport,south_wales,2040,FALSE,,,"[CCUS_COLLECTION_2026] Track-1 selected the East Coast Cluster and HyNet; [CCUS_TRACK2_2023] Track-2 selected Acorn and Viking. South Wales is named as a major industrial cluster in [IDS_2021] but has no published CO2 transport and storage timeline. FALSE records the absence of a published date. unit_tariff blank: no published tariff. Spec 3.7 marks it required; the brief overrides with ""Tariffs blank unless published"""
published_2026,co2_transport,south_wales,2045,FALSE,,,"[CCUS_COLLECTION_2026] Track-1 selected the East Coast Cluster and HyNet; [CCUS_TRACK2_2023] Track-2 selected Acorn and Viking. South Wales is named as a major industrial cluster in [IDS_2021] but has no published CO2 transport and storage timeline. FALSE records the absence of a published date. unit_tariff blank: no published tariff. Spec 3.7 marks it required; the brief overrides with ""Tariffs blank unless published"""
published_2026,co2_transport,south_wales,2050,FALSE,,,"[CCUS_COLLECTION_2026] Track-1 selected the East Coast Cluster and HyNet; [CCUS_TRACK2_2023] Track-2 selected Acorn and Viking. South Wales is named as a major industrial cluster in [IDS_2021] but has no published CO2 transport and storage timeline. FALSE records the absence of a published date. unit_tariff blank: no published tariff. Spec 3.7 marks it required; the brief overrides with ""Tariffs blank unless published"""
published_2026,co2_transport,southampton,2021,FALSE,,,"[CCUS_COLLECTION_2026] Track-1 selected the East Coast Cluster and HyNet; [CCUS_TRACK2_2023] Track-2 selected Acorn and Viking. Southampton/Solent is named as a major industrial cluster in [IDS_2021] but has no published CO2 transport and storage timeline. FALSE records the absence of a published date. unit_tariff blank: no published tariff. Spec 3.7 marks it required; the brief overrides with ""Tariffs blank unless published"""
published_2026,co2_transport,southampton,2025,FALSE,,,"[CCUS_COLLECTION_2026] Track-1 selected the East Coast Cluster and HyNet; [CCUS_TRACK2_2023] Track-2 selected Acorn and Viking. Southampton/Solent is named as a major industrial cluster in [IDS_2021] but has no published CO2 transport and storage timeline. FALSE records the absence of a published date. unit_tariff blank: no published tariff. Spec 3.7 marks it required; the brief overrides with ""Tariffs blank unless published"""
published_2026,co2_transport,southampton,2030,FALSE,,,"[CCUS_COLLECTION_2026] Track-1 selected the East Coast Cluster and HyNet; [CCUS_TRACK2_2023] Track-2 selected Acorn and Viking. Southampton/Solent is named as a major industrial cluster in [IDS_2021] but has no published CO2 transport and storage timeline. FALSE records the absence of a published date. unit_tariff blank: no published tariff. Spec 3.7 marks it required; the brief overrides with ""Tariffs blank unless published"""
published_2026,co2_transport,southampton,2035,FALSE,,,"[CCUS_COLLECTION_2026] Track-1 selected the East Coast Cluster and HyNet; [CCUS_TRACK2_2023] Track-2 selected Acorn and Viking. Southampton/Solent is named as a major industrial cluster in [IDS_2021] but has no published CO2 transport and storage timeline. FALSE records the absence of a published date. unit_tariff blank: no published tariff. Spec 3.7 marks it required; the brief overrides with ""Tariffs blank unless published"""
published_2026,co2_transport,southampton,2040,FALSE,,,"[CCUS_COLLECTION_2026] Track-1 selected the East Coast Cluster and HyNet; [CCUS_TRACK2_2023] Track-2 selected Acorn and Viking. Southampton/Solent is named as a major industrial cluster in [IDS_2021] but has no published CO2 transport and storage timeline. FALSE records the absence of a published date. unit_tariff blank: no published tariff. Spec 3.7 marks it required; the brief overrides with ""Tariffs blank unless published"""
published_2026,co2_transport,southampton,2045,FALSE,,,"[CCUS_COLLECTION_2026] Track-1 selected the East Coast Cluster and HyNet; [CCUS_TRACK2_2023] Track-2 selected Acorn and Viking. Southampton/Solent is named as a major industrial cluster in [IDS_2021] but has no published CO2 transport and storage timeline. FALSE records the absence of a published date. unit_tariff blank: no published tariff. Spec 3.7 marks it required; the brief overrides with ""Tariffs blank unless published"""
published_2026,co2_transport,southampton,2050,FALSE,,,"[CCUS_COLLECTION_2026] Track-1 selected the East Coast Cluster and HyNet; [CCUS_TRACK2_2023] Track-2 selected Acorn and Viking. Southampton/Solent is named as a major industrial cluster in [IDS_2021] but has no published CO2 transport and storage timeline. FALSE records the absence of a published date. unit_tariff blank: no published tariff. Spec 3.7 marks it required; the brief overrides with ""Tariffs blank unless published"""
published_2026,co2_transport,medway,2021,FALSE,,,"[CCUS_COLLECTION_2026] Track-1 selected the East Coast Cluster and HyNet; [CCUS_TRACK2_2023] Track-2 selected Acorn and Viking. Medway is not in either track and has no published CO2 transport and storage timeline. FALSE records the absence of a published date. unit_tariff blank: no published tariff. Spec 3.7 marks it required; the brief overrides with ""Tariffs blank unless published"""
published_2026,co2_transport,medway,2025,FALSE,,,"[CCUS_COLLECTION_2026] Track-1 selected the East Coast Cluster and HyNet; [CCUS_TRACK2_2023] Track-2 selected Acorn and Viking. Medway is not in either track and has no published CO2 transport and storage timeline. FALSE records the absence of a published date. unit_tariff blank: no published tariff. Spec 3.7 marks it required; the brief overrides with ""Tariffs blank unless published"""
published_2026,co2_transport,medway,2030,FALSE,,,"[CCUS_COLLECTION_2026] Track-1 selected the East Coast Cluster and HyNet; [CCUS_TRACK2_2023] Track-2 selected Acorn and Viking. Medway is not in either track and has no published CO2 transport and storage timeline. FALSE records the absence of a published date. unit_tariff blank: no published tariff. Spec 3.7 marks it required; the brief overrides with ""Tariffs blank unless published"""
published_2026,co2_transport,medway,2035,FALSE,,,"[CCUS_COLLECTION_2026] Track-1 selected the East Coast Cluster and HyNet; [CCUS_TRACK2_2023] Track-2 selected Acorn and Viking. Medway is not in either track and has no published CO2 transport and storage timeline. FALSE records the absence of a published date. unit_tariff blank: no published tariff. Spec 3.7 marks it required; the brief overrides with ""Tariffs blank unless published"""
published_2026,co2_transport,medway,2040,FALSE,,,"[CCUS_COLLECTION_2026] Track-1 selected the East Coast Cluster and HyNet; [CCUS_TRACK2_2023] Track-2 selected Acorn and Viking. Medway is not in either track and has no published CO2 transport and storage timeline. FALSE records the absence of a published date. unit_tariff blank: no published tariff. Spec 3.7 marks it required; the brief overrides with ""Tariffs blank unless published"""
published_2026,co2_transport,medway,2045,FALSE,,,"[CCUS_COLLECTION_2026] Track-1 selected the East Coast Cluster and HyNet; [CCUS_TRACK2_2023] Track-2 selected Acorn and Viking. Medway is not in either track and has no published CO2 transport and storage timeline. FALSE records the absence of a published date. unit_tariff blank: no published tariff. Spec 3.7 marks it required; the brief overrides with ""Tariffs blank unless published"""
published_2026,co2_transport,medway,2050,FALSE,,,"[CCUS_COLLECTION_2026] Track-1 selected the East Coast Cluster and HyNet; [CCUS_TRACK2_2023] Track-2 selected Acorn and Viking. Medway is not in either track and has no published CO2 transport and storage timeline. FALSE records the absence of a published date. unit_tariff blank: no published tariff. Spec 3.7 marks it required; the brief overrides with ""Tariffs blank unless published"""
published_2026,hydrogen,teesside,2021,FALSE,,,"[H2_INFRA_SPPS_2025] ""We intend for the UK's first regional hydrogen network to become operational from 2031"" and ""Government recently confirmed over GBP 500 million support for hydrogen infrastructure"". The statement names no region, so no cluster can be marked available on published evidence and every cluster and period is FALSE. This is the single largest scenario gap - see DONE_carriers.md. unit_tariff blank: no published tariff. Spec 3.7 marks it required; the brief overrides with ""Tariffs blank unless published"""
published_2026,hydrogen,teesside,2025,FALSE,,,"[H2_INFRA_SPPS_2025] ""We intend for the UK's first regional hydrogen network to become operational from 2031"" and ""Government recently confirmed over GBP 500 million support for hydrogen infrastructure"". The statement names no region, so no cluster can be marked available on published evidence and every cluster and period is FALSE. This is the single largest scenario gap - see DONE_carriers.md. unit_tariff blank: no published tariff. Spec 3.7 marks it required; the brief overrides with ""Tariffs blank unless published"""
published_2026,hydrogen,teesside,2030,FALSE,,,"[H2_INFRA_SPPS_2025] ""We intend for the UK's first regional hydrogen network to become operational from 2031"" and ""Government recently confirmed over GBP 500 million support for hydrogen infrastructure"". The statement names no region, so no cluster can be marked available on published evidence and every cluster and period is FALSE. This is the single largest scenario gap - see DONE_carriers.md. unit_tariff blank: no published tariff. Spec 3.7 marks it required; the brief overrides with ""Tariffs blank unless published"""
published_2026,hydrogen,teesside,2035,FALSE,,,"[H2_INFRA_SPPS_2025] ""We intend for the UK's first regional hydrogen network to become operational from 2031"" and ""Government recently confirmed over GBP 500 million support for hydrogen infrastructure"". The statement names no region, so no cluster can be marked available on published evidence and every cluster and period is FALSE. This is the single largest scenario gap - see DONE_carriers.md. unit_tariff blank: no published tariff. Spec 3.7 marks it required; the brief overrides with ""Tariffs blank unless published"""
published_2026,hydrogen,teesside,2040,FALSE,,,"[H2_INFRA_SPPS_2025] ""We intend for the UK's first regional hydrogen network to become operational from 2031"" and ""Government recently confirmed over GBP 500 million support for hydrogen infrastructure"". The statement names no region, so no cluster can be marked available on published evidence and every cluster and period is FALSE. This is the single largest scenario gap - see DONE_carriers.md. unit_tariff blank: no published tariff. Spec 3.7 marks it required; the brief overrides with ""Tariffs blank unless published"""
published_2026,hydrogen,teesside,2045,FALSE,,,"[H2_INFRA_SPPS_2025] ""We intend for the UK's first regional hydrogen network to become operational from 2031"" and ""Government recently confirmed over GBP 500 million support for hydrogen infrastructure"". The statement names no region, so no cluster can be marked available on published evidence and every cluster and period is FALSE. This is the single largest scenario gap - see DONE_carriers.md. unit_tariff blank: no published tariff. Spec 3.7 marks it required; the brief overrides with ""Tariffs blank unless published"""
published_2026,hydrogen,teesside,2050,FALSE,,,"[H2_INFRA_SPPS_2025] ""We intend for the UK's first regional hydrogen network to become operational from 2031"" and ""Government recently confirmed over GBP 500 million support for hydrogen infrastructure"". The statement names no region, so no cluster can be marked available on published evidence and every cluster and period is FALSE. This is the single largest scenario gap - see DONE_carriers.md. unit_tariff blank: no published tariff. Spec 3.7 marks it required; the brief overrides with ""Tariffs blank unless published"""
published_2026,hydrogen,humber,2021,FALSE,,,"[H2_INFRA_SPPS_2025] ""We intend for the UK's first regional hydrogen network to become operational from 2031"" and ""Government recently confirmed over GBP 500 million support for hydrogen infrastructure"". The statement names no region, so no cluster can be marked available on published evidence and every cluster and period is FALSE. This is the single largest scenario gap - see DONE_carriers.md. unit_tariff blank: no published tariff. Spec 3.7 marks it required; the brief overrides with ""Tariffs blank unless published"""
published_2026,hydrogen,humber,2025,FALSE,,,"[H2_INFRA_SPPS_2025] ""We intend for the UK's first regional hydrogen network to become operational from 2031"" and ""Government recently confirmed over GBP 500 million support for hydrogen infrastructure"". The statement names no region, so no cluster can be marked available on published evidence and every cluster and period is FALSE. This is the single largest scenario gap - see DONE_carriers.md. unit_tariff blank: no published tariff. Spec 3.7 marks it required; the brief overrides with ""Tariffs blank unless published"""
published_2026,hydrogen,humber,2030,FALSE,,,"[H2_INFRA_SPPS_2025] ""We intend for the UK's first regional hydrogen network to become operational from 2031"" and ""Government recently confirmed over GBP 500 million support for hydrogen infrastructure"". The statement names no region, so no cluster can be marked available on published evidence and every cluster and period is FALSE. This is the single largest scenario gap - see DONE_carriers.md. unit_tariff blank: no published tariff. Spec 3.7 marks it required; the brief overrides with ""Tariffs blank unless published"""
published_2026,hydrogen,humber,2035,FALSE,,,"[H2_INFRA_SPPS_2025] ""We intend for the UK's first regional hydrogen network to become operational from 2031"" and ""Government recently confirmed over GBP 500 million support for hydrogen infrastructure"". The statement names no region, so no cluster can be marked available on published evidence and every cluster and period is FALSE. This is the single largest scenario gap - see DONE_carriers.md. unit_tariff blank: no published tariff. Spec 3.7 marks it required; the brief overrides with ""Tariffs blank unless published"""
published_2026,hydrogen,humber,2040,FALSE,,,"[H2_INFRA_SPPS_2025] ""We intend for the UK's first regional hydrogen network to become operational from 2031"" and ""Government recently confirmed over GBP 500 million support for hydrogen infrastructure"". The statement names no region, so no cluster can be marked available on published evidence and every cluster and period is FALSE. This is the single largest scenario gap - see DONE_carriers.md. unit_tariff blank: no published tariff. Spec 3.7 marks it required; the brief overrides with ""Tariffs blank unless published"""
published_2026,hydrogen,humber,2045,FALSE,,,"[H2_INFRA_SPPS_2025] ""We intend for the UK's first regional hydrogen network to become operational from 2031"" and ""Government recently confirmed over GBP 500 million support for hydrogen infrastructure"". The statement names no region, so no cluster can be marked available on published evidence and every cluster and period is FALSE. This is the single largest scenario gap - see DONE_carriers.md. unit_tariff blank: no published tariff. Spec 3.7 marks it required; the brief overrides with ""Tariffs blank unless published"""
published_2026,hydrogen,humber,2050,FALSE,,,"[H2_INFRA_SPPS_2025] ""We intend for the UK's first regional hydrogen network to become operational from 2031"" and ""Government recently confirmed over GBP 500 million support for hydrogen infrastructure"". The statement names no region, so no cluster can be marked available on published evidence and every cluster and period is FALSE. This is the single largest scenario gap - see DONE_carriers.md. unit_tariff blank: no published tariff. Spec 3.7 marks it required; the brief overrides with ""Tariffs blank unless published"""
published_2026,hydrogen,humber2,2021,FALSE,,,"[H2_INFRA_SPPS_2025] ""We intend for the UK's first regional hydrogen network to become operational from 2031"" and ""Government recently confirmed over GBP 500 million support for hydrogen infrastructure"". The statement names no region, so no cluster can be marked available on published evidence and every cluster and period is FALSE. This is the single largest scenario gap - see DONE_carriers.md. unit_tariff blank: no published tariff. Spec 3.7 marks it required; the brief overrides with ""Tariffs blank unless published"""
published_2026,hydrogen,humber2,2025,FALSE,,,"[H2_INFRA_SPPS_2025] ""We intend for the UK's first regional hydrogen network to become operational from 2031"" and ""Government recently confirmed over GBP 500 million support for hydrogen infrastructure"". The statement names no region, so no cluster can be marked available on published evidence and every cluster and period is FALSE. This is the single largest scenario gap - see DONE_carriers.md. unit_tariff blank: no published tariff. Spec 3.7 marks it required; the brief overrides with ""Tariffs blank unless published"""
published_2026,hydrogen,humber2,2030,FALSE,,,"[H2_INFRA_SPPS_2025] ""We intend for the UK's first regional hydrogen network to become operational from 2031"" and ""Government recently confirmed over GBP 500 million support for hydrogen infrastructure"". The statement names no region, so no cluster can be marked available on published evidence and every cluster and period is FALSE. This is the single largest scenario gap - see DONE_carriers.md. unit_tariff blank: no published tariff. Spec 3.7 marks it required; the brief overrides with ""Tariffs blank unless published"""
published_2026,hydrogen,humber2,2035,FALSE,,,"[H2_INFRA_SPPS_2025] ""We intend for the UK's first regional hydrogen network to become operational from 2031"" and ""Government recently confirmed over GBP 500 million support for hydrogen infrastructure"". The statement names no region, so no cluster can be marked available on published evidence and every cluster and period is FALSE. This is the single largest scenario gap - see DONE_carriers.md. unit_tariff blank: no published tariff. Spec 3.7 marks it required; the brief overrides with ""Tariffs blank unless published"""
published_2026,hydrogen,humber2,2040,FALSE,,,"[H2_INFRA_SPPS_2025] ""We intend for the UK's first regional hydrogen network to become operational from 2031"" and ""Government recently confirmed over GBP 500 million support for hydrogen infrastructure"". The statement names no region, so no cluster can be marked available on published evidence and every cluster and period is FALSE. This is the single largest scenario gap - see DONE_carriers.md. unit_tariff blank: no published tariff. Spec 3.7 marks it required; the brief overrides with ""Tariffs blank unless published"""
published_2026,hydrogen,humber2,2045,FALSE,,,"[H2_INFRA_SPPS_2025] ""We intend for the UK's first regional hydrogen network to become operational from 2031"" and ""Government recently confirmed over GBP 500 million support for hydrogen infrastructure"". The statement names no region, so no cluster can be marked available on published evidence and every cluster and period is FALSE. This is the single largest scenario gap - see DONE_carriers.md. unit_tariff blank: no published tariff. Spec 3.7 marks it required; the brief overrides with ""Tariffs blank unless published"""
published_2026,hydrogen,humber2,2050,FALSE,,,"[H2_INFRA_SPPS_2025] ""We intend for the UK's first regional hydrogen network to become operational from 2031"" and ""Government recently confirmed over GBP 500 million support for hydrogen infrastructure"". The statement names no region, so no cluster can be marked available on published evidence and every cluster and period is FALSE. This is the single largest scenario gap - see DONE_carriers.md. unit_tariff blank: no published tariff. Spec 3.7 marks it required; the brief overrides with ""Tariffs blank unless published"""
published_2026,hydrogen,mersey,2021,FALSE,,,"[H2_INFRA_SPPS_2025] ""We intend for the UK's first regional hydrogen network to become operational from 2031"" and ""Government recently confirmed over GBP 500 million support for hydrogen infrastructure"". The statement names no region, so no cluster can be marked available on published evidence and every cluster and period is FALSE. This is the single largest scenario gap - see DONE_carriers.md. unit_tariff blank: no published tariff. Spec 3.7 marks it required; the brief overrides with ""Tariffs blank unless published"""
published_2026,hydrogen,mersey,2025,FALSE,,,"[H2_INFRA_SPPS_2025] ""We intend for the UK's first regional hydrogen network to become operational from 2031"" and ""Government recently confirmed over GBP 500 million support for hydrogen infrastructure"". The statement names no region, so no cluster can be marked available on published evidence and every cluster and period is FALSE. This is the single largest scenario gap - see DONE_carriers.md. unit_tariff blank: no published tariff. Spec 3.7 marks it required; the brief overrides with ""Tariffs blank unless published"""
published_2026,hydrogen,mersey,2030,FALSE,,,"[H2_INFRA_SPPS_2025] ""We intend for the UK's first regional hydrogen network to become operational from 2031"" and ""Government recently confirmed over GBP 500 million support for hydrogen infrastructure"". The statement names no region, so no cluster can be marked available on published evidence and every cluster and period is FALSE. This is the single largest scenario gap - see DONE_carriers.md. unit_tariff blank: no published tariff. Spec 3.7 marks it required; the brief overrides with ""Tariffs blank unless published"""
published_2026,hydrogen,mersey,2035,FALSE,,,"[H2_INFRA_SPPS_2025] ""We intend for the UK's first regional hydrogen network to become operational from 2031"" and ""Government recently confirmed over GBP 500 million support for hydrogen infrastructure"". The statement names no region, so no cluster can be marked available on published evidence and every cluster and period is FALSE. This is the single largest scenario gap - see DONE_carriers.md. unit_tariff blank: no published tariff. Spec 3.7 marks it required; the brief overrides with ""Tariffs blank unless published"""
published_2026,hydrogen,mersey,2040,FALSE,,,"[H2_INFRA_SPPS_2025] ""We intend for the UK's first regional hydrogen network to become operational from 2031"" and ""Government recently confirmed over GBP 500 million support for hydrogen infrastructure"". The statement names no region, so no cluster can be marked available on published evidence and every cluster and period is FALSE. This is the single largest scenario gap - see DONE_carriers.md. unit_tariff blank: no published tariff. Spec 3.7 marks it required; the brief overrides with ""Tariffs blank unless published"""
published_2026,hydrogen,mersey,2045,FALSE,,,"[H2_INFRA_SPPS_2025] ""We intend for the UK's first regional hydrogen network to become operational from 2031"" and ""Government recently confirmed over GBP 500 million support for hydrogen infrastructure"". The statement names no region, so no cluster can be marked available on published evidence and every cluster and period is FALSE. This is the single largest scenario gap - see DONE_carriers.md. unit_tariff blank: no published tariff. Spec 3.7 marks it required; the brief overrides with ""Tariffs blank unless published"""
published_2026,hydrogen,mersey,2050,FALSE,,,"[H2_INFRA_SPPS_2025] ""We intend for the UK's first regional hydrogen network to become operational from 2031"" and ""Government recently confirmed over GBP 500 million support for hydrogen infrastructure"". The statement names no region, so no cluster can be marked available on published evidence and every cluster and period is FALSE. This is the single largest scenario gap - see DONE_carriers.md. unit_tariff blank: no published tariff. Spec 3.7 marks it required; the brief overrides with ""Tariffs blank unless published"""
published_2026,hydrogen,grangemouth,2021,FALSE,,,"[H2_INFRA_SPPS_2025] ""We intend for the UK's first regional hydrogen network to become operational from 2031"" and ""Government recently confirmed over GBP 500 million support for hydrogen infrastructure"". The statement names no region, so no cluster can be marked available on published evidence and every cluster and period is FALSE. This is the single largest scenario gap - see DONE_carriers.md. unit_tariff blank: no published tariff. Spec 3.7 marks it required; the brief overrides with ""Tariffs blank unless published"""
published_2026,hydrogen,grangemouth,2025,FALSE,,,"[H2_INFRA_SPPS_2025] ""We intend for the UK's first regional hydrogen network to become operational from 2031"" and ""Government recently confirmed over GBP 500 million support for hydrogen infrastructure"". The statement names no region, so no cluster can be marked available on published evidence and every cluster and period is FALSE. This is the single largest scenario gap - see DONE_carriers.md. unit_tariff blank: no published tariff. Spec 3.7 marks it required; the brief overrides with ""Tariffs blank unless published"""
published_2026,hydrogen,grangemouth,2030,FALSE,,,"[H2_INFRA_SPPS_2025] ""We intend for the UK's first regional hydrogen network to become operational from 2031"" and ""Government recently confirmed over GBP 500 million support for hydrogen infrastructure"". The statement names no region, so no cluster can be marked available on published evidence and every cluster and period is FALSE. This is the single largest scenario gap - see DONE_carriers.md. unit_tariff blank: no published tariff. Spec 3.7 marks it required; the brief overrides with ""Tariffs blank unless published"""
published_2026,hydrogen,grangemouth,2035,FALSE,,,"[H2_INFRA_SPPS_2025] ""We intend for the UK's first regional hydrogen network to become operational from 2031"" and ""Government recently confirmed over GBP 500 million support for hydrogen infrastructure"". The statement names no region, so no cluster can be marked available on published evidence and every cluster and period is FALSE. This is the single largest scenario gap - see DONE_carriers.md. unit_tariff blank: no published tariff. Spec 3.7 marks it required; the brief overrides with ""Tariffs blank unless published"""
published_2026,hydrogen,grangemouth,2040,FALSE,,,"[H2_INFRA_SPPS_2025] ""We intend for the UK's first regional hydrogen network to become operational from 2031"" and ""Government recently confirmed over GBP 500 million support for hydrogen infrastructure"". The statement names no region, so no cluster can be marked available on published evidence and every cluster and period is FALSE. This is the single largest scenario gap - see DONE_carriers.md. unit_tariff blank: no published tariff. Spec 3.7 marks it required; the brief overrides with ""Tariffs blank unless published"""
published_2026,hydrogen,grangemouth,2045,FALSE,,,"[H2_INFRA_SPPS_2025] ""We intend for the UK's first regional hydrogen network to become operational from 2031"" and ""Government recently confirmed over GBP 500 million support for hydrogen infrastructure"". The statement names no region, so no cluster can be marked available on published evidence and every cluster and period is FALSE. This is the single largest scenario gap - see DONE_carriers.md. unit_tariff blank: no published tariff. Spec 3.7 marks it required; the brief overrides with ""Tariffs blank unless published"""
published_2026,hydrogen,grangemouth,2050,FALSE,,,"[H2_INFRA_SPPS_2025] ""We intend for the UK's first regional hydrogen network to become operational from 2031"" and ""Government recently confirmed over GBP 500 million support for hydrogen infrastructure"". The statement names no region, so no cluster can be marked available on published evidence and every cluster and period is FALSE. This is the single largest scenario gap - see DONE_carriers.md. unit_tariff blank: no published tariff. Spec 3.7 marks it required; the brief overrides with ""Tariffs blank unless published"""
published_2026,hydrogen,peterhead,2021,FALSE,,,"[H2_INFRA_SPPS_2025] ""We intend for the UK's first regional hydrogen network to become operational from 2031"" and ""Government recently confirmed over GBP 500 million support for hydrogen infrastructure"". The statement names no region, so no cluster can be marked available on published evidence and every cluster and period is FALSE. This is the single largest scenario gap - see DONE_carriers.md. unit_tariff blank: no published tariff. Spec 3.7 marks it required; the brief overrides with ""Tariffs blank unless published"""
published_2026,hydrogen,peterhead,2025,FALSE,,,"[H2_INFRA_SPPS_2025] ""We intend for the UK's first regional hydrogen network to become operational from 2031"" and ""Government recently confirmed over GBP 500 million support for hydrogen infrastructure"". The statement names no region, so no cluster can be marked available on published evidence and every cluster and period is FALSE. This is the single largest scenario gap - see DONE_carriers.md. unit_tariff blank: no published tariff. Spec 3.7 marks it required; the brief overrides with ""Tariffs blank unless published"""
published_2026,hydrogen,peterhead,2030,FALSE,,,"[H2_INFRA_SPPS_2025] ""We intend for the UK's first regional hydrogen network to become operational from 2031"" and ""Government recently confirmed over GBP 500 million support for hydrogen infrastructure"". The statement names no region, so no cluster can be marked available on published evidence and every cluster and period is FALSE. This is the single largest scenario gap - see DONE_carriers.md. unit_tariff blank: no published tariff. Spec 3.7 marks it required; the brief overrides with ""Tariffs blank unless published"""
published_2026,hydrogen,peterhead,2035,FALSE,,,"[H2_INFRA_SPPS_2025] ""We intend for the UK's first regional hydrogen network to become operational from 2031"" and ""Government recently confirmed over GBP 500 million support for hydrogen infrastructure"". The statement names no region, so no cluster can be marked available on published evidence and every cluster and period is FALSE. This is the single largest scenario gap - see DONE_carriers.md. unit_tariff blank: no published tariff. Spec 3.7 marks it required; the brief overrides with ""Tariffs blank unless published"""
published_2026,hydrogen,peterhead,2040,FALSE,,,"[H2_INFRA_SPPS_2025] ""We intend for the UK's first regional hydrogen network to become operational from 2031"" and ""Government recently confirmed over GBP 500 million support for hydrogen infrastructure"". The statement names no region, so no cluster can be marked available on published evidence and every cluster and period is FALSE. This is the single largest scenario gap - see DONE_carriers.md. unit_tariff blank: no published tariff. Spec 3.7 marks it required; the brief overrides with ""Tariffs blank unless published"""
published_2026,hydrogen,peterhead,2045,FALSE,,,"[H2_INFRA_SPPS_2025] ""We intend for the UK's first regional hydrogen network to become operational from 2031"" and ""Government recently confirmed over GBP 500 million support for hydrogen infrastructure"". The statement names no region, so no cluster can be marked available on published evidence and every cluster and period is FALSE. This is the single largest scenario gap - see DONE_carriers.md. unit_tariff blank: no published tariff. Spec 3.7 marks it required; the brief overrides with ""Tariffs blank unless published"""
published_2026,hydrogen,peterhead,2050,FALSE,,,"[H2_INFRA_SPPS_2025] ""We intend for the UK's first regional hydrogen network to become operational from 2031"" and ""Government recently confirmed over GBP 500 million support for hydrogen infrastructure"". The statement names no region, so no cluster can be marked available on published evidence and every cluster and period is FALSE. This is the single largest scenario gap - see DONE_carriers.md. unit_tariff blank: no published tariff. Spec 3.7 marks it required; the brief overrides with ""Tariffs blank unless published"""
published_2026,hydrogen,south_wales,2021,FALSE,,,"[H2_INFRA_SPPS_2025] ""We intend for the UK's first regional hydrogen network to become operational from 2031"" and ""Government recently confirmed over GBP 500 million support for hydrogen infrastructure"". The statement names no region, so no cluster can be marked available on published evidence and every cluster and period is FALSE. This is the single largest scenario gap - see DONE_carriers.md. unit_tariff blank: no published tariff. Spec 3.7 marks it required; the brief overrides with ""Tariffs blank unless published"""
published_2026,hydrogen,south_wales,2025,FALSE,,,"[H2_INFRA_SPPS_2025] ""We intend for the UK's first regional hydrogen network to become operational from 2031"" and ""Government recently confirmed over GBP 500 million support for hydrogen infrastructure"". The statement names no region, so no cluster can be marked available on published evidence and every cluster and period is FALSE. This is the single largest scenario gap - see DONE_carriers.md. unit_tariff blank: no published tariff. Spec 3.7 marks it required; the brief overrides with ""Tariffs blank unless published"""
published_2026,hydrogen,south_wales,2030,FALSE,,,"[H2_INFRA_SPPS_2025] ""We intend for the UK's first regional hydrogen network to become operational from 2031"" and ""Government recently confirmed over GBP 500 million support for hydrogen infrastructure"". The statement names no region, so no cluster can be marked available on published evidence and every cluster and period is FALSE. This is the single largest scenario gap - see DONE_carriers.md. unit_tariff blank: no published tariff. Spec 3.7 marks it required; the brief overrides with ""Tariffs blank unless published"""
published_2026,hydrogen,south_wales,2035,FALSE,,,"[H2_INFRA_SPPS_2025] ""We intend for the UK's first regional hydrogen network to become operational from 2031"" and ""Government recently confirmed over GBP 500 million support for hydrogen infrastructure"". The statement names no region, so no cluster can be marked available on published evidence and every cluster and period is FALSE. This is the single largest scenario gap - see DONE_carriers.md. unit_tariff blank: no published tariff. Spec 3.7 marks it required; the brief overrides with ""Tariffs blank unless published"""
published_2026,hydrogen,south_wales,2040,FALSE,,,"[H2_INFRA_SPPS_2025] ""We intend for the UK's first regional hydrogen network to become operational from 2031"" and ""Government recently confirmed over GBP 500 million support for hydrogen infrastructure"". The statement names no region, so no cluster can be marked available on published evidence and every cluster and period is FALSE. This is the single largest scenario gap - see DONE_carriers.md. unit_tariff blank: no published tariff. Spec 3.7 marks it required; the brief overrides with ""Tariffs blank unless published"""
published_2026,hydrogen,south_wales,2045,FALSE,,,"[H2_INFRA_SPPS_2025] ""We intend for the UK's first regional hydrogen network to become operational from 2031"" and ""Government recently confirmed over GBP 500 million support for hydrogen infrastructure"". The statement names no region, so no cluster can be marked available on published evidence and every cluster and period is FALSE. This is the single largest scenario gap - see DONE_carriers.md. unit_tariff blank: no published tariff. Spec 3.7 marks it required; the brief overrides with ""Tariffs blank unless published"""
published_2026,hydrogen,south_wales,2050,FALSE,,,"[H2_INFRA_SPPS_2025] ""We intend for the UK's first regional hydrogen network to become operational from 2031"" and ""Government recently confirmed over GBP 500 million support for hydrogen infrastructure"". The statement names no region, so no cluster can be marked available on published evidence and every cluster and period is FALSE. This is the single largest scenario gap - see DONE_carriers.md. unit_tariff blank: no published tariff. Spec 3.7 marks it required; the brief overrides with ""Tariffs blank unless published"""
published_2026,hydrogen,southampton,2021,FALSE,,,"[H2_INFRA_SPPS_2025] ""We intend for the UK's first regional hydrogen network to become operational from 2031"" and ""Government recently confirmed over GBP 500 million support for hydrogen infrastructure"". The statement names no region, so no cluster can be marked available on published evidence and every cluster and period is FALSE. This is the single largest scenario gap - see DONE_carriers.md. unit_tariff blank: no published tariff. Spec 3.7 marks it required; the brief overrides with ""Tariffs blank unless published"""
published_2026,hydrogen,southampton,2025,FALSE,,,"[H2_INFRA_SPPS_2025] ""We intend for the UK's first regional hydrogen network to become operational from 2031"" and ""Government recently confirmed over GBP 500 million support for hydrogen infrastructure"". The statement names no region, so no cluster can be marked available on published evidence and every cluster and period is FALSE. This is the single largest scenario gap - see DONE_carriers.md. unit_tariff blank: no published tariff. Spec 3.7 marks it required; the brief overrides with ""Tariffs blank unless published"""
published_2026,hydrogen,southampton,2030,FALSE,,,"[H2_INFRA_SPPS_2025] ""We intend for the UK's first regional hydrogen network to become operational from 2031"" and ""Government recently confirmed over GBP 500 million support for hydrogen infrastructure"". The statement names no region, so no cluster can be marked available on published evidence and every cluster and period is FALSE. This is the single largest scenario gap - see DONE_carriers.md. unit_tariff blank: no published tariff. Spec 3.7 marks it required; the brief overrides with ""Tariffs blank unless published"""
published_2026,hydrogen,southampton,2035,FALSE,,,"[H2_INFRA_SPPS_2025] ""We intend for the UK's first regional hydrogen network to become operational from 2031"" and ""Government recently confirmed over GBP 500 million support for hydrogen infrastructure"". The statement names no region, so no cluster can be marked available on published evidence and every cluster and period is FALSE. This is the single largest scenario gap - see DONE_carriers.md. unit_tariff blank: no published tariff. Spec 3.7 marks it required; the brief overrides with ""Tariffs blank unless published"""
published_2026,hydrogen,southampton,2040,FALSE,,,"[H2_INFRA_SPPS_2025] ""We intend for the UK's first regional hydrogen network to become operational from 2031"" and ""Government recently confirmed over GBP 500 million support for hydrogen infrastructure"". The statement names no region, so no cluster can be marked available on published evidence and every cluster and period is FALSE. This is the single largest scenario gap - see DONE_carriers.md. unit_tariff blank: no published tariff. Spec 3.7 marks it required; the brief overrides with ""Tariffs blank unless published"""
published_2026,hydrogen,southampton,2045,FALSE,,,"[H2_INFRA_SPPS_2025] ""We intend for the UK's first regional hydrogen network to become operational from 2031"" and ""Government recently confirmed over GBP 500 million support for hydrogen infrastructure"". The statement names no region, so no cluster can be marked available on published evidence and every cluster and period is FALSE. This is the single largest scenario gap - see DONE_carriers.md. unit_tariff blank: no published tariff. Spec 3.7 marks it required; the brief overrides with ""Tariffs blank unless published"""
published_2026,hydrogen,southampton,2050,FALSE,,,"[H2_INFRA_SPPS_2025] ""We intend for the UK's first regional hydrogen network to become operational from 2031"" and ""Government recently confirmed over GBP 500 million support for hydrogen infrastructure"". The statement names no region, so no cluster can be marked available on published evidence and every cluster and period is FALSE. This is the single largest scenario gap - see DONE_carriers.md. unit_tariff blank: no published tariff. Spec 3.7 marks it required; the brief overrides with ""Tariffs blank unless published"""
published_2026,hydrogen,medway,2021,FALSE,,,"[H2_INFRA_SPPS_2025] ""We intend for the UK's first regional hydrogen network to become operational from 2031"" and ""Government recently confirmed over GBP 500 million support for hydrogen infrastructure"". The statement names no region, so no cluster can be marked available on published evidence and every cluster and period is FALSE. This is the single largest scenario gap - see DONE_carriers.md. unit_tariff blank: no published tariff. Spec 3.7 marks it required; the brief overrides with ""Tariffs blank unless published"""
published_2026,hydrogen,medway,2025,FALSE,,,"[H2_INFRA_SPPS_2025] ""We intend for the UK's first regional hydrogen network to become operational from 2031"" and ""Government recently confirmed over GBP 500 million support for hydrogen infrastructure"". The statement names no region, so no cluster can be marked available on published evidence and every cluster and period is FALSE. This is the single largest scenario gap - see DONE_carriers.md. unit_tariff blank: no published tariff. Spec 3.7 marks it required; the brief overrides with ""Tariffs blank unless published"""
published_2026,hydrogen,medway,2030,FALSE,,,"[H2_INFRA_SPPS_2025] ""We intend for the UK's first regional hydrogen network to become operational from 2031"" and ""Government recently confirmed over GBP 500 million support for hydrogen infrastructure"". The statement names no region, so no cluster can be marked available on published evidence and every cluster and period is FALSE. This is the single largest scenario gap - see DONE_carriers.md. unit_tariff blank: no published tariff. Spec 3.7 marks it required; the brief overrides with ""Tariffs blank unless published"""
published_2026,hydrogen,medway,2035,FALSE,,,"[H2_INFRA_SPPS_2025] ""We intend for the UK's first regional hydrogen network to become operational from 2031"" and ""Government recently confirmed over GBP 500 million support for hydrogen infrastructure"". The statement names no region, so no cluster can be marked available on published evidence and every cluster and period is FALSE. This is the single largest scenario gap - see DONE_carriers.md. unit_tariff blank: no published tariff. Spec 3.7 marks it required; the brief overrides with ""Tariffs blank unless published"""
published_2026,hydrogen,medway,2040,FALSE,,,"[H2_INFRA_SPPS_2025] ""We intend for the UK's first regional hydrogen network to become operational from 2031"" and ""Government recently confirmed over GBP 500 million support for hydrogen infrastructure"". The statement names no region, so no cluster can be marked available on published evidence and every cluster and period is FALSE. This is the single largest scenario gap - see DONE_carriers.md. unit_tariff blank: no published tariff. Spec 3.7 marks it required; the brief overrides with ""Tariffs blank unless published"""
published_2026,hydrogen,medway,2045,FALSE,,,"[H2_INFRA_SPPS_2025] ""We intend for the UK's first regional hydrogen network to become operational from 2031"" and ""Government recently confirmed over GBP 500 million support for hydrogen infrastructure"". The statement names no region, so no cluster can be marked available on published evidence and every cluster and period is FALSE. This is the single largest scenario gap - see DONE_carriers.md. unit_tariff blank: no published tariff. Spec 3.7 marks it required; the brief overrides with ""Tariffs blank unless published"""
published_2026,hydrogen,medway,2050,FALSE,,,"[H2_INFRA_SPPS_2025] ""We intend for the UK's first regional hydrogen network to become operational from 2031"" and ""Government recently confirmed over GBP 500 million support for hydrogen infrastructure"". The statement names no region, so no cluster can be marked available on published evidence and every cluster and period is FALSE. This is the single largest scenario gap - see DONE_carriers.md. unit_tariff blank: no published tariff. Spec 3.7 marks it required; the brief overrides with ""Tariffs blank unless published"""
published_2026,grid_headroom,teesside,2021,TRUE,,,"[IDS_2021] treats every GB industrial cluster as grid-connected; all nine COMIT clusters sit on the GB transmission or distribution network. capacity_limit is left blank (unbounded) because no per-cluster grid headroom figure is published. available TRUE therefore asserts connection, not headroom. unit_tariff blank: no published tariff. Spec 3.7 marks it required; the brief overrides with ""Tariffs blank unless published"""
published_2026,grid_headroom,teesside,2025,TRUE,,,"[IDS_2021] treats every GB industrial cluster as grid-connected; all nine COMIT clusters sit on the GB transmission or distribution network. capacity_limit is left blank (unbounded) because no per-cluster grid headroom figure is published. available TRUE therefore asserts connection, not headroom. unit_tariff blank: no published tariff. Spec 3.7 marks it required; the brief overrides with ""Tariffs blank unless published"""
published_2026,grid_headroom,teesside,2030,TRUE,,,"[IDS_2021] treats every GB industrial cluster as grid-connected; all nine COMIT clusters sit on the GB transmission or distribution network. capacity_limit is left blank (unbounded) because no per-cluster grid headroom figure is published. available TRUE therefore asserts connection, not headroom. unit_tariff blank: no published tariff. Spec 3.7 marks it required; the brief overrides with ""Tariffs blank unless published"""
published_2026,grid_headroom,teesside,2035,TRUE,,,"[IDS_2021] treats every GB industrial cluster as grid-connected; all nine COMIT clusters sit on the GB transmission or distribution network. capacity_limit is left blank (unbounded) because no per-cluster grid headroom figure is published. available TRUE therefore asserts connection, not headroom. unit_tariff blank: no published tariff. Spec 3.7 marks it required; the brief overrides with ""Tariffs blank unless published"""
published_2026,grid_headroom,teesside,2040,TRUE,,,"[IDS_2021] treats every GB industrial cluster as grid-connected; all nine COMIT clusters sit on the GB transmission or distribution network. capacity_limit is left blank (unbounded) because no per-cluster grid headroom figure is published. available TRUE therefore asserts connection, not headroom. unit_tariff blank: no published tariff. Spec 3.7 marks it required; the brief overrides with ""Tariffs blank unless published"""
published_2026,grid_headroom,teesside,2045,TRUE,,,"[IDS_2021] treats every GB industrial cluster as grid-connected; all nine COMIT clusters sit on the GB transmission or distribution network. capacity_limit is left blank (unbounded) because no per-cluster grid headroom figure is published. available TRUE therefore asserts connection, not headroom. unit_tariff blank: no published tariff. Spec 3.7 marks it required; the brief overrides with ""Tariffs blank unless published"""
published_2026,grid_headroom,teesside,2050,TRUE,,,"[IDS_2021] treats every GB industrial cluster as grid-connected; all nine COMIT clusters sit on the GB transmission or distribution network. capacity_limit is left blank (unbounded) because no per-cluster grid headroom figure is published. available TRUE therefore asserts connection, not headroom. unit_tariff blank: no published tariff. Spec 3.7 marks it required; the brief overrides with ""Tariffs blank unless published"""
published_2026,grid_headroom,humber,2021,TRUE,,,"[IDS_2021] treats every GB industrial cluster as grid-connected; all nine COMIT clusters sit on the GB transmission or distribution network. capacity_limit is left blank (unbounded) because no per-cluster grid headroom figure is published. available TRUE therefore asserts connection, not headroom. unit_tariff blank: no published tariff. Spec 3.7 marks it required; the brief overrides with ""Tariffs blank unless published"""
published_2026,grid_headroom,humber,2025,TRUE,,,"[IDS_2021] treats every GB industrial cluster as grid-connected; all nine COMIT clusters sit on the GB transmission or distribution network. capacity_limit is left blank (unbounded) because no per-cluster grid headroom figure is published. available TRUE therefore asserts connection, not headroom. unit_tariff blank: no published tariff. Spec 3.7 marks it required; the brief overrides with ""Tariffs blank unless published"""
published_2026,grid_headroom,humber,2030,TRUE,,,"[IDS_2021] treats every GB industrial cluster as grid-connected; all nine COMIT clusters sit on the GB transmission or distribution network. capacity_limit is left blank (unbounded) because no per-cluster grid headroom figure is published. available TRUE therefore asserts connection, not headroom. unit_tariff blank: no published tariff. Spec 3.7 marks it required; the brief overrides with ""Tariffs blank unless published"""
published_2026,grid_headroom,humber,2035,TRUE,,,"[IDS_2021] treats every GB industrial cluster as grid-connected; all nine COMIT clusters sit on the GB transmission or distribution network. capacity_limit is left blank (unbounded) because no per-cluster grid headroom figure is published. available TRUE therefore asserts connection, not headroom. unit_tariff blank: no published tariff. Spec 3.7 marks it required; the brief overrides with ""Tariffs blank unless published"""
published_2026,grid_headroom,humber,2040,TRUE,,,"[IDS_2021] treats every GB industrial cluster as grid-connected; all nine COMIT clusters sit on the GB transmission or distribution network. capacity_limit is left blank (unbounded) because no per-cluster grid headroom figure is published. available TRUE therefore asserts connection, not headroom. unit_tariff blank: no published tariff. Spec 3.7 marks it required; the brief overrides with ""Tariffs blank unless published"""
published_2026,grid_headroom,humber,2045,TRUE,,,"[IDS_2021] treats every GB industrial cluster as grid-connected; all nine COMIT clusters sit on the GB transmission or distribution network. capacity_limit is left blank (unbounded) because no per-cluster grid headroom figure is published. available TRUE therefore asserts connection, not headroom. unit_tariff blank: no published tariff. Spec 3.7 marks it required; the brief overrides with ""Tariffs blank unless published"""
published_2026,grid_headroom,humber,2050,TRUE,,,"[IDS_2021] treats every GB industrial cluster as grid-connected; all nine COMIT clusters sit on the GB transmission or distribution network. capacity_limit is left blank (unbounded) because no per-cluster grid headroom figure is published. available TRUE therefore asserts connection, not headroom. unit_tariff blank: no published tariff. Spec 3.7 marks it required; the brief overrides with ""Tariffs blank unless published"""
published_2026,grid_headroom,humber2,2021,TRUE,,,"[IDS_2021] treats every GB industrial cluster as grid-connected; all nine COMIT clusters sit on the GB transmission or distribution network. capacity_limit is left blank (unbounded) because no per-cluster grid headroom figure is published. available TRUE therefore asserts connection, not headroom. unit_tariff blank: no published tariff. Spec 3.7 marks it required; the brief overrides with ""Tariffs blank unless published"""
published_2026,grid_headroom,humber2,2025,TRUE,,,"[IDS_2021] treats every GB industrial cluster as grid-connected; all nine COMIT clusters sit on the GB transmission or distribution network. capacity_limit is left blank (unbounded) because no per-cluster grid headroom figure is published. available TRUE therefore asserts connection, not headroom. unit_tariff blank: no published tariff. Spec 3.7 marks it required; the brief overrides with ""Tariffs blank unless published"""
published_2026,grid_headroom,humber2,2030,TRUE,,,"[IDS_2021] treats every GB industrial cluster as grid-connected; all nine COMIT clusters sit on the GB transmission or distribution network. capacity_limit is left blank (unbounded) because no per-cluster grid headroom figure is published. available TRUE therefore asserts connection, not headroom. unit_tariff blank: no published tariff. Spec 3.7 marks it required; the brief overrides with ""Tariffs blank unless published"""
published_2026,grid_headroom,humber2,2035,TRUE,,,"[IDS_2021] treats every GB industrial cluster as grid-connected; all nine COMIT clusters sit on the GB transmission or distribution network. capacity_limit is left blank (unbounded) because no per-cluster grid headroom figure is published. available TRUE therefore asserts connection, not headroom. unit_tariff blank: no published tariff. Spec 3.7 marks it required; the brief overrides with ""Tariffs blank unless published"""
published_2026,grid_headroom,humber2,2040,TRUE,,,"[IDS_2021] treats every GB industrial cluster as grid-connected; all nine COMIT clusters sit on the GB transmission or distribution network. capacity_limit is left blank (unbounded) because no per-cluster grid headroom figure is published. available TRUE therefore asserts connection, not headroom. unit_tariff blank: no published tariff. Spec 3.7 marks it required; the brief overrides with ""Tariffs blank unless published"""
published_2026,grid_headroom,humber2,2045,TRUE,,,"[IDS_2021] treats every GB industrial cluster as grid-connected; all nine COMIT clusters sit on the GB transmission or distribution network. capacity_limit is left blank (unbounded) because no per-cluster grid headroom figure is published. available TRUE therefore asserts connection, not headroom. unit_tariff blank: no published tariff. Spec 3.7 marks it required; the brief overrides with ""Tariffs blank unless published"""
published_2026,grid_headroom,humber2,2050,TRUE,,,"[IDS_2021] treats every GB industrial cluster as grid-connected; all nine COMIT clusters sit on the GB transmission or distribution network. capacity_limit is left blank (unbounded) because no per-cluster grid headroom figure is published. available TRUE therefore asserts connection, not headroom. unit_tariff blank: no published tariff. Spec 3.7 marks it required; the brief overrides with ""Tariffs blank unless published"""
published_2026,grid_headroom,mersey,2021,TRUE,,,"[IDS_2021] treats every GB industrial cluster as grid-connected; all nine COMIT clusters sit on the GB transmission or distribution network. capacity_limit is left blank (unbounded) because no per-cluster grid headroom figure is published. available TRUE therefore asserts connection, not headroom. unit_tariff blank: no published tariff. Spec 3.7 marks it required; the brief overrides with ""Tariffs blank unless published"""
published_2026,grid_headroom,mersey,2025,TRUE,,,"[IDS_2021] treats every GB industrial cluster as grid-connected; all nine COMIT clusters sit on the GB transmission or distribution network. capacity_limit is left blank (unbounded) because no per-cluster grid headroom figure is published. available TRUE therefore asserts connection, not headroom. unit_tariff blank: no published tariff. Spec 3.7 marks it required; the brief overrides with ""Tariffs blank unless published"""
published_2026,grid_headroom,mersey,2030,TRUE,,,"[IDS_2021] treats every GB industrial cluster as grid-connected; all nine COMIT clusters sit on the GB transmission or distribution network. capacity_limit is left blank (unbounded) because no per-cluster grid headroom figure is published. available TRUE therefore asserts connection, not headroom. unit_tariff blank: no published tariff. Spec 3.7 marks it required; the brief overrides with ""Tariffs blank unless published"""
published_2026,grid_headroom,mersey,2035,TRUE,,,"[IDS_2021] treats every GB industrial cluster as grid-connected; all nine COMIT clusters sit on the GB transmission or distribution network. capacity_limit is left blank (unbounded) because no per-cluster grid headroom figure is published. available TRUE therefore asserts connection, not headroom. unit_tariff blank: no published tariff. Spec 3.7 marks it required; the brief overrides with ""Tariffs blank unless published"""
published_2026,grid_headroom,mersey,2040,TRUE,,,"[IDS_2021] treats every GB industrial cluster as grid-connected; all nine COMIT clusters sit on the GB transmission or distribution network. capacity_limit is left blank (unbounded) because no per-cluster grid headroom figure is published. available TRUE therefore asserts connection, not headroom. unit_tariff blank: no published tariff. Spec 3.7 marks it required; the brief overrides with ""Tariffs blank unless published"""
published_2026,grid_headroom,mersey,2045,TRUE,,,"[IDS_2021] treats every GB industrial cluster as grid-connected; all nine COMIT clusters sit on the GB transmission or distribution network. capacity_limit is left blank (unbounded) because no per-cluster grid headroom figure is published. available TRUE therefore asserts connection, not headroom. unit_tariff blank: no published tariff. Spec 3.7 marks it required; the brief overrides with ""Tariffs blank unless published"""
published_2026,grid_headroom,mersey,2050,TRUE,,,"[IDS_2021] treats every GB industrial cluster as grid-connected; all nine COMIT clusters sit on the GB transmission or distribution network. capacity_limit is left blank (unbounded) because no per-cluster grid headroom figure is published. available TRUE therefore asserts connection, not headroom. unit_tariff blank: no published tariff. Spec 3.7 marks it required; the brief overrides with ""Tariffs blank unless published"""
published_2026,grid_headroom,grangemouth,2021,TRUE,,,"[IDS_2021] treats every GB industrial cluster as grid-connected; all nine COMIT clusters sit on the GB transmission or distribution network. capacity_limit is left blank (unbounded) because no per-cluster grid headroom figure is published. available TRUE therefore asserts connection, not headroom. unit_tariff blank: no published tariff. Spec 3.7 marks it required; the brief overrides with ""Tariffs blank unless published"""
published_2026,grid_headroom,grangemouth,2025,TRUE,,,"[IDS_2021] treats every GB industrial cluster as grid-connected; all nine COMIT clusters sit on the GB transmission or distribution network. capacity_limit is left blank (unbounded) because no per-cluster grid headroom figure is published. available TRUE therefore asserts connection, not headroom. unit_tariff blank: no published tariff. Spec 3.7 marks it required; the brief overrides with ""Tariffs blank unless published"""
published_2026,grid_headroom,grangemouth,2030,TRUE,,,"[IDS_2021] treats every GB industrial cluster as grid-connected; all nine COMIT clusters sit on the GB transmission or distribution network. capacity_limit is left blank (unbounded) because no per-cluster grid headroom figure is published. available TRUE therefore asserts connection, not headroom. unit_tariff blank: no published tariff. Spec 3.7 marks it required; the brief overrides with ""Tariffs blank unless published"""
published_2026,grid_headroom,grangemouth,2035,TRUE,,,"[IDS_2021] treats every GB industrial cluster as grid-connected; all nine COMIT clusters sit on the GB transmission or distribution network. capacity_limit is left blank (unbounded) because no per-cluster grid headroom figure is published. available TRUE therefore asserts connection, not headroom. unit_tariff blank: no published tariff. Spec 3.7 marks it required; the brief overrides with ""Tariffs blank unless published"""
published_2026,grid_headroom,grangemouth,2040,TRUE,,,"[IDS_2021] treats every GB industrial cluster as grid-connected; all nine COMIT clusters sit on the GB transmission or distribution network. capacity_limit is left blank (unbounded) because no per-cluster grid headroom figure is published. available TRUE therefore asserts connection, not headroom. unit_tariff blank: no published tariff. Spec 3.7 marks it required; the brief overrides with ""Tariffs blank unless published"""
published_2026,grid_headroom,grangemouth,2045,TRUE,,,"[IDS_2021] treats every GB industrial cluster as grid-connected; all nine COMIT clusters sit on the GB transmission or distribution network. capacity_limit is left blank (unbounded) because no per-cluster grid headroom figure is published. available TRUE therefore asserts connection, not headroom. unit_tariff blank: no published tariff. Spec 3.7 marks it required; the brief overrides with ""Tariffs blank unless published"""
published_2026,grid_headroom,grangemouth,2050,TRUE,,,"[IDS_2021] treats every GB industrial cluster as grid-connected; all nine COMIT clusters sit on the GB transmission or distribution network. capacity_limit is left blank (unbounded) because no per-cluster grid headroom figure is published. available TRUE therefore asserts connection, not headroom. unit_tariff blank: no published tariff. Spec 3.7 marks it required; the brief overrides with ""Tariffs blank unless published"""
published_2026,grid_headroom,peterhead,2021,TRUE,,,"[IDS_2021] treats every GB industrial cluster as grid-connected; all nine COMIT clusters sit on the GB transmission or distribution network. capacity_limit is left blank (unbounded) because no per-cluster grid headroom figure is published. available TRUE therefore asserts connection, not headroom. unit_tariff blank: no published tariff. Spec 3.7 marks it required; the brief overrides with ""Tariffs blank unless published"""
published_2026,grid_headroom,peterhead,2025,TRUE,,,"[IDS_2021] treats every GB industrial cluster as grid-connected; all nine COMIT clusters sit on the GB transmission or distribution network. capacity_limit is left blank (unbounded) because no per-cluster grid headroom figure is published. available TRUE therefore asserts connection, not headroom. unit_tariff blank: no published tariff. Spec 3.7 marks it required; the brief overrides with ""Tariffs blank unless published"""
published_2026,grid_headroom,peterhead,2030,TRUE,,,"[IDS_2021] treats every GB industrial cluster as grid-connected; all nine COMIT clusters sit on the GB transmission or distribution network. capacity_limit is left blank (unbounded) because no per-cluster grid headroom figure is published. available TRUE therefore asserts connection, not headroom. unit_tariff blank: no published tariff. Spec 3.7 marks it required; the brief overrides with ""Tariffs blank unless published"""
published_2026,grid_headroom,peterhead,2035,TRUE,,,"[IDS_2021] treats every GB industrial cluster as grid-connected; all nine COMIT clusters sit on the GB transmission or distribution network. capacity_limit is left blank (unbounded) because no per-cluster grid headroom figure is published. available TRUE therefore asserts connection, not headroom. unit_tariff blank: no published tariff. Spec 3.7 marks it required; the brief overrides with ""Tariffs blank unless published"""
published_2026,grid_headroom,peterhead,2040,TRUE,,,"[IDS_2021] treats every GB industrial cluster as grid-connected; all nine COMIT clusters sit on the GB transmission or distribution network. capacity_limit is left blank (unbounded) because no per-cluster grid headroom figure is published. available TRUE therefore asserts connection, not headroom. unit_tariff blank: no published tariff. Spec 3.7 marks it required; the brief overrides with ""Tariffs blank unless published"""
published_2026,grid_headroom,peterhead,2045,TRUE,,,"[IDS_2021] treats every GB industrial cluster as grid-connected; all nine COMIT clusters sit on the GB transmission or distribution network. capacity_limit is left blank (unbounded) because no per-cluster grid headroom figure is published. available TRUE therefore asserts connection, not headroom. unit_tariff blank: no published tariff. Spec 3.7 marks it required; the brief overrides with ""Tariffs blank unless published"""
published_2026,grid_headroom,peterhead,2050,TRUE,,,"[IDS_2021] treats every GB industrial cluster as grid-connected; all nine COMIT clusters sit on the GB transmission or distribution network. capacity_limit is left blank (unbounded) because no per-cluster grid headroom figure is published. available TRUE therefore asserts connection, not headroom. unit_tariff blank: no published tariff. Spec 3.7 marks it required; the brief overrides with ""Tariffs blank unless published"""
published_2026,grid_headroom,south_wales,2021,TRUE,,,"[IDS_2021] treats every GB industrial cluster as grid-connected; all nine COMIT clusters sit on the GB transmission or distribution network. capacity_limit is left blank (unbounded) because no per-cluster grid headroom figure is published. available TRUE therefore asserts connection, not headroom. unit_tariff blank: no published tariff. Spec 3.7 marks it required; the brief overrides with ""Tariffs blank unless published"""
published_2026,grid_headroom,south_wales,2025,TRUE,,,"[IDS_2021] treats every GB industrial cluster as grid-connected; all nine COMIT clusters sit on the GB transmission or distribution network. capacity_limit is left blank (unbounded) because no per-cluster grid headroom figure is published. available TRUE therefore asserts connection, not headroom. unit_tariff blank: no published tariff. Spec 3.7 marks it required; the brief overrides with ""Tariffs blank unless published"""
published_2026,grid_headroom,south_wales,2030,TRUE,,,"[IDS_2021] treats every GB industrial cluster as grid-connected; all nine COMIT clusters sit on the GB transmission or distribution network. capacity_limit is left blank (unbounded) because no per-cluster grid headroom figure is published. available TRUE therefore asserts connection, not headroom. unit_tariff blank: no published tariff. Spec 3.7 marks it required; the brief overrides with ""Tariffs blank unless published"""
published_2026,grid_headroom,south_wales,2035,TRUE,,,"[IDS_2021] treats every GB industrial cluster as grid-connected; all nine COMIT clusters sit on the GB transmission or distribution network. capacity_limit is left blank (unbounded) because no per-cluster grid headroom figure is published. available TRUE therefore asserts connection, not headroom. unit_tariff blank: no published tariff. Spec 3.7 marks it required; the brief overrides with ""Tariffs blank unless published"""
published_2026,grid_headroom,south_wales,2040,TRUE,,,"[IDS_2021] treats every GB industrial cluster as grid-connected; all nine COMIT clusters sit on the GB transmission or distribution network. capacity_limit is left blank (unbounded) because no per-cluster grid headroom figure is published. available TRUE therefore asserts connection, not headroom. unit_tariff blank: no published tariff. Spec 3.7 marks it required; the brief overrides with ""Tariffs blank unless published"""
published_2026,grid_headroom,south_wales,2045,TRUE,,,"[IDS_2021] treats every GB industrial cluster as grid-connected; all nine COMIT clusters sit on the GB transmission or distribution network. capacity_limit is left blank (unbounded) because no per-cluster grid headroom figure is published. available TRUE therefore asserts connection, not headroom. unit_tariff blank: no published tariff. Spec 3.7 marks it required; the brief overrides with ""Tariffs blank unless published"""
published_2026,grid_headroom,south_wales,2050,TRUE,,,"[IDS_2021] treats every GB industrial cluster as grid-connected; all nine COMIT clusters sit on the GB transmission or distribution network. capacity_limit is left blank (unbounded) because no per-cluster grid headroom figure is published. available TRUE therefore asserts connection, not headroom. unit_tariff blank: no published tariff. Spec 3.7 marks it required; the brief overrides with ""Tariffs blank unless published"""
published_2026,grid_headroom,southampton,2021,TRUE,,,"[IDS_2021] treats every GB industrial cluster as grid-connected; all nine COMIT clusters sit on the GB transmission or distribution network. capacity_limit is left blank (unbounded) because no per-cluster grid headroom figure is published. available TRUE therefore asserts connection, not headroom. unit_tariff blank: no published tariff. Spec 3.7 marks it required; the brief overrides with ""Tariffs blank unless published"""
published_2026,grid_headroom,southampton,2025,TRUE,,,"[IDS_2021] treats every GB industrial cluster as grid-connected; all nine COMIT clusters sit on the GB transmission or distribution network. capacity_limit is left blank (unbounded) because no per-cluster grid headroom figure is published. available TRUE therefore asserts connection, not headroom. unit_tariff blank: no published tariff. Spec 3.7 marks it required; the brief overrides with ""Tariffs blank unless published"""
published_2026,grid_headroom,southampton,2030,TRUE,,,"[IDS_2021] treats every GB industrial cluster as grid-connected; all nine COMIT clusters sit on the GB transmission or distribution network. capacity_limit is left blank (unbounded) because no per-cluster grid headroom figure is published. available TRUE therefore asserts connection, not headroom. unit_tariff blank: no published tariff. Spec 3.7 marks it required; the brief overrides with ""Tariffs blank unless published"""
published_2026,grid_headroom,southampton,2035,TRUE,,,"[IDS_2021] treats every GB industrial cluster as grid-connected; all nine COMIT clusters sit on the GB transmission or distribution network. capacity_limit is left blank (unbounded) because no per-cluster grid headroom figure is published. available TRUE therefore asserts connection, not headroom. unit_tariff blank: no published tariff. Spec 3.7 marks it required; the brief overrides with ""Tariffs blank unless published"""
published_2026,grid_headroom,southampton,2040,TRUE,,,"[IDS_2021] treats every GB industrial cluster as grid-connected; all nine COMIT clusters sit on the GB transmission or distribution network. capacity_limit is left blank (unbounded) because no per-cluster grid headroom figure is published. available TRUE therefore asserts connection, not headroom. unit_tariff blank: no published tariff. Spec 3.7 marks it required; the brief overrides with ""Tariffs blank unless published"""
published_2026,grid_headroom,southampton,2045,TRUE,,,"[IDS_2021] treats every GB industrial cluster as grid-connected; all nine COMIT clusters sit on the GB transmission or distribution network. capacity_limit is left blank (unbounded) because no per-cluster grid headroom figure is published. available TRUE therefore asserts connection, not headroom. unit_tariff blank: no published tariff. Spec 3.7 marks it required; the brief overrides with ""Tariffs blank unless published"""
published_2026,grid_headroom,southampton,2050,TRUE,,,"[IDS_2021] treats every GB industrial cluster as grid-connected; all nine COMIT clusters sit on the GB transmission or distribution network. capacity_limit is left blank (unbounded) because no per-cluster grid headroom figure is published. available TRUE therefore asserts connection, not headroom. unit_tariff blank: no published tariff. Spec 3.7 marks it required; the brief overrides with ""Tariffs blank unless published"""
published_2026,grid_headroom,medway,2021,TRUE,,,"[IDS_2021] treats every GB industrial cluster as grid-connected; all nine COMIT clusters sit on the GB transmission or distribution network. capacity_limit is left blank (unbounded) because no per-cluster grid headroom figure is published. available TRUE therefore asserts connection, not headroom. unit_tariff blank: no published tariff. Spec 3.7 marks it required; the brief overrides with ""Tariffs blank unless published"""
published_2026,grid_headroom,medway,2025,TRUE,,,"[IDS_2021] treats every GB industrial cluster as grid-connected; all nine COMIT clusters sit on the GB transmission or distribution network. capacity_limit is left blank (unbounded) because no per-cluster grid headroom figure is published. available TRUE therefore asserts connection, not headroom. unit_tariff blank: no published tariff. Spec 3.7 marks it required; the brief overrides with ""Tariffs blank unless published"""
published_2026,grid_headroom,medway,2030,TRUE,,,"[IDS_2021] treats every GB industrial cluster as grid-connected; all nine COMIT clusters sit on the GB transmission or distribution network. capacity_limit is left blank (unbounded) because no per-cluster grid headroom figure is published. available TRUE therefore asserts connection, not headroom. unit_tariff blank: no published tariff. Spec 3.7 marks it required; the brief overrides with ""Tariffs blank unless published"""
published_2026,grid_headroom,medway,2035,TRUE,,,"[IDS_2021] treats every GB industrial cluster as grid-connected; all nine COMIT clusters sit on the GB transmission or distribution network. capacity_limit is left blank (unbounded) because no per-cluster grid headroom figure is published. available TRUE therefore asserts connection, not headroom. unit_tariff blank: no published tariff. Spec 3.7 marks it required; the brief overrides with ""Tariffs blank unless published"""
published_2026,grid_headroom,medway,2040,TRUE,,,"[IDS_2021] treats every GB industrial cluster as grid-connected; all nine COMIT clusters sit on the GB transmission or distribution network. capacity_limit is left blank (unbounded) because no per-cluster grid headroom figure is published. available TRUE therefore asserts connection, not headroom. unit_tariff blank: no published tariff. Spec 3.7 marks it required; the brief overrides with ""Tariffs blank unless published"""
published_2026,grid_headroom,medway,2045,TRUE,,,"[IDS_2021] treats every GB industrial cluster as grid-connected; all nine COMIT clusters sit on the GB transmission or distribution network. capacity_limit is left blank (unbounded) because no per-cluster grid headroom figure is published. available TRUE therefore asserts connection, not headroom. unit_tariff blank: no published tariff. Spec 3.7 marks it required; the brief overrides with ""Tariffs blank unless published"""
published_2026,grid_headroom,medway,2050,TRUE,,,"[IDS_2021] treats every GB industrial cluster as grid-connected; all nine COMIT clusters sit on the GB transmission or distribution network. capacity_limit is left blank (unbounded) because no per-cluster grid headroom figure is published. available TRUE therefore asserts connection, not headroom. unit_tariff blank: no published tariff. Spec 3.7 marks it required; the brief overrides with ""Tariffs blank unless published"""
