ref_id,title,publisher,year,url,accessed,note
AERO_FACILITY_2023,Energy Consumption Analysis and Characterization of Aerospace Manufacturing Facilities in the United States,"Energy (Tech Science Press), based on IAC database and facility utility bills",,https://www.techscience.com/energy/v120n1/50135/html,2026-08-24,Checked for aerospace end-use splits: paper confirms no facility-level end-use disaggregation exists in the literature (reports intensities 232-949 kWh/m2 only). Cited as evidence of absence supporting use of MECS NAICS 3364 as the Aircraft works proxy.
ALIU2018,Energy Audit of a Flour Mill Plant: A Case Study of Crown Flour Mill PLC,"ResearchGate (Aliu, Onochie, Itabor)",2018,https://www.researchgate.net/figure/Energy-consuming-machines-in-the-flour-mill-production-Plant-A_tbl1_335229698,2026-08-24,Roller mills the largest energy consumer in an audited flour mill (abstract level; table image not readable)
BALMENACH_CS,Balmenach Distillery Case Study,University of Strathclyde ESRU,,https://www.esru.strath.ac.uk/EandE/Web_sites/10-11/Whisky/downloads/case_study.pdf,2026-08-24,"Qualitative electricity end uses (lighting, space heating, pumps, yeast refrigerators; 479,091 kWh in 2010); oil-fired steam boiler for batch distillation"
BA_ENERGY,"Energy Usage, GHG Reduction, Efficiency and Load Management Manual",Brewers Association,,https://cdn.brewersassociation.org/wp-content/uploads/2017/05/Sustainability_Energy_Manual.pdf,2026-08-24,Brewery electricity and natural gas end-use charts (p6). Undated document; hosted 2017. US data
BEES2016,Building Energy Efficiency Survey 2014-15: Overarching Report,"UK Department for Business, Energy & Industrial Strategy",2016,https://assets.publishing.service.gov.uk/media/5a75964540f0b67f59fce0d4/BEES_overarching_report_FINAL.pdf,2026-08-24,Document verified and partially read; contains Table 3.1 all-sector end uses. The Factories and Storage sector end-use splits exist only in sector reports distributed as a ZIP that could not be retrieved this session — flagged as the best future UK anchor for Factory/Industrial NEC/Sorting Centre.
BESS2018,Business Energy Statistical Summary,"UK Department for Business, Energy & Industrial Strategy",2018,https://assets.publishing.service.gov.uk/media/5b97afc940f0b67866ffbd17/180718_Business_Energy_Statistical_Summary_-_final_version.pdf,2026-08-24,"Seen in fetched document: Chart 2.3 — low/high temperature processes and drying ~59% of UK industrial process energy, motors 15%; Chart 2.1 — space heating 49% and lighting 11% of non-domestic building energy. Used as UK directional corroboration for NEC/industrial profiles."
BMRA2023,New technology extracts shredding efficiencies,British Metals Recycling Association,2023,https://www.recyclemetals.org/newsandarticles/new-technology-extracts-shredding-efficiencies.html,2026-08-24,Fetched. Confirms shredder electricity as the key controllable energy cost in scrap recycling (SDA savings 7-10%/tonne); no quantitative breakdown given.
BREF_SLAUGHTER,Reference Document on Best Available Techniques in the Slaughterhouses and Animal By-products Industries (BREF),European Commission (IPPC),2005,https://wetswegwijzer.nl/brefs/slacht-%20en%20destructiehuizen.pdf,2026-08-24,"Refrigeration 45-90% of total site electrical load during working day (Executive Summary, p ii). Year per standard citation of adopted BREF"
BRIGGS_DIST,Distillery Energy (technical paper by Davies),Briggs of Burton,,https://briggsofburton.com/wp-content/uploads/2022/05/Distillery-Energy-Davies.pdf,2026-08-24,'90% of the thermal energy in a malt whisky distillery being used in the still house'; 24-30 MJ/lpa benchmarks. Hosted 2022
BSUGAR_BLOG,British Sugar driving carbon emission reductions (blog),British Sugar,2022,https://www.britishsugar.co.uk/media/blogs/2022-11-17-british-sugar-driving-carbon-emission-reductions,2026-08-24,Coal-to-gas switching (30% of planned reductions) and pressed-pulp-drying reduction projects — vector context for UK beet sugar
BUHLER_MILL,Putting efficiency through the mill (MEBA pneumatic conveying),Bühler Group,,https://www.buhlergroup.com/global/en/stories/inspiration-hub/meba.html,2026-08-24,High-pressure (pneumatic conveying) fan = 23-28% of total energy in a typical mill section
COAL_AUTH,The Coal Authority Annual Report and Accounts 2023 to 2024: Performance Report,The Coal Authority / GOV.UK,2024,https://www.gov.uk/government/publications/the-coal-authority-annual-report-and-accounts-2023-to-2024/the-coal-authority-annual-report-and-accounts-2023-to-2024-performance-report,2026-08-24,"81 minewater treatment schemes; purchased electricity 30,482,157 kWh (26,478,211 kWh prior year), increase attributed to pumping 17% more mine water; 984,540 kWh renewables generated. Basis of pumping-mines and minewater-treatment profiles."
CTV059,Manufacturing: Introducing energy saving opportunities for business (CTV059 v2),Carbon Trust,2018,https://www.carbontrust.com/sites/default/files/documents/resource/public/Manufacturing-guide.pdf,2026-08-24,"Seen in fetched document: space heating 11% of all manufacturing energy, >45% in some sub-sectors (p.8); lighting can exceed 10% of site electricity (p.10); motors ~25% of manufacturing site electricity (p.15). Used as UK engineering rationale for workshop/factory heating and services shares."
CTV073,Warehousing and logistics: energy opportunities guide (CTV073),Carbon Trust,2019,https://www.carbontrust.com/sites/default/files/documents/resource/public/Warehousing-and-logistics-guide.pdf,2026-08-24,Seen in fetched document: lighting 65-95% of energy use in ambient warehousing (p.5/Figure 1 area); forklifts 7-10% of non-road energy (p.9). Basis for Post Office Sorting Centre engineering profile.
DECC2015FD,Industrial Decarbonisation & Energy Efficiency Roadmaps to 2050 — Food and Drink sector report,DECC/BIS (UK Government),2015,https://assets.publishing.service.gov.uk/government/uploads/system/uploads/attachment_data/file/416672/Food_and_Drink_Report.pdf,2026-08-24,"Technology shares (boilers 54%, direct heating 27%, motors 12%, refrigeration 5%, compressed air 2%; Section 1.3 p11) and subsector refrigeration electricity shares incl. breweries 35%, liquid milk 25%, meat 50% (Section 3.2.7 p35)"
DECC2015_IS,Industrial Decarbonisation and Energy Efficiency Roadmaps to 2050 - Iron and Steel Sector Report,DECC/BIS (UK Government),2015,https://assets.publishing.service.gov.uk/media/5a80151940f0b62302691675/Iron_and_Steel_Report.pdf,2026-08-24,"Fetched. Section 3.2.3 process lists for BF-BOF and EAF routes; Figure 7 CO2 by stage; Figure 8 UK sector fuel mix 2012 (coal/coke 77.8%, gas 9.7%, COG 6.8%, electricity 5.5%; 53,963 GWh)."
DECC_CEMENT_2015,Industrial Decarbonisation and Energy Efficiency Roadmaps to 2050 - Cement Sector Report,DECC/BIS (UK Government),2015,https://assets.publishing.service.gov.uk/media/5a8046d5e5274a2e8ab4f37d/Cement_Report.pdf,2026-08-24,"UK process chain (Section 3.2, Figure 4), kiln ~three quarters of site energy and 110 kWh/t electricity (Section 3.3.3), UK fuel mix incl. ~40% waste fuels and ~18% biomass (Section 3.3.4, Figure 7)."
DECC_CERAMIC_2015,Industrial Decarbonisation and Energy Efficiency Roadmaps to 2050 - Ceramic Sector Report,DECC/BIS (UK Government),2015,https://assets.publishing.service.gov.uk/media/5a806fc6ed915d74e622e714/Ceramic_Report.pdf,2026-08-24,"Ceramic process stages (Sections 3.2.1-3.2.5), sector fuel mix gas 82% / electricity 13% / other 5% and ~10% of electricity heating kilns (Section 3.3.3, Figure 11), qualitative brickworks fuel dominance of kiln with notable dryer share (Figure 10)."
DOECHEM2015,Bandwidth Study on Energy Use and Potential Energy Saving Opportunities in U.S. Chemical Manufacturing,US DOE AMO,2015,https://www.energy.gov/sites/prod/files/2015/08/f26/chemical_bandwidth_report.pdf,2026-08-24,Fetched. Fig 2-4 p10: ~60% of fuel via boilers/CHP; Fig 2-6 p13: machine drives and electrochemical dominate electricity; Fig 2-7 p14: steam mostly process heating.
DOE_AMT2005,Advanced Melting Technologies: Energy Saving Concepts and Opportunities for the Metal Casting Industry,BCS Inc. for US DOE ITP,2005,https://www1.eere.energy.gov/manufacturing/resources/metalcasting/pdfs/advancedmeltingtechnologies.pdf,2026-08-24,"Fetched. Melting ~55% of total foundry energy (Exhibit 4, p.2); melting loss breakdowns (Exhibit 6, p.7)."
DOE_BAND,U.S. Mining Industry Energy Bandwidth Study,US Department of Energy (BCS Inc.),2007,https://www.energy.gov/sites/prod/files/2013/11/f4/mining_bandwidth.pdf,2026-08-24,"Unit-operation energy breakdowns: Exhibit 17 (p.21, industry-wide), Exhibit 20 (p.27, coal), Exhibit 22 (p.29, industrial minerals); fuel mix Exhibit 4 (p.7); diesel/electric materials-handling splits Section 3.2 (pp.10-11). Used for coal, other-mineral and pumping-mines activities."
DOE_STONE,"Energy and Environmental Profile of the U.S. Mining Industry, Chapter 9: Limestone and Crushed Rock","US Department of Energy, Office of Energy Efficiency and Renewable Energy",2002,https://www.energy.gov/sites/prod/files/2013/11/f4/stone.pdf,2026-08-24,"Table 9-2 (p.9-8) mining energy by operation (drilling 24%, loading 23%, hauling 50%, all diesel); Table 9-3 (p.9-9) electric processing energy (crushing 2,655, screening 332, conveying 165 Btu/ton). Basis of quarrying/aggregates profiles."
EMH_KILN,Electromagnetic Heating for Industrial Kilning of Malt: A Feasibility Study,Food and Bioprocess Technology (Springer),2016,https://link.springer.com/article/10.1007/s11947-016-1849-0,2026-08-24,'Industrial malting operations use ∼800 kWh/t of energy to produce the heat required to kiln malt' (abstract)
EPA_SHIP,Energy Trends in Selected Manufacturing Sectors - Shipbuilding and Ship Repair chapter,US EPA (Sector Strategies),2007,https://archive.epa.gov/sectors/web/pdf/shipbuilding_bw.pdf,2026-08-24,"Fetched. Electricity 75-80% of sector energy expenditure (2004); welding, forging/heating, abrasive blasting and marine coatings identified as the energy-intensive processes."
EPPICH2004,Energy Use in Selected Metalcasting Facilities - 2003 (R. Eppich),US DOE Industrial Technologies Program,2004,https://www.energy.gov/sites/default/files/2013/11/f4/energyuseinselectedmetalcasting_5_28_04.pdf,2026-08-24,"Fetched. Per-facility electricity and natural-gas breakdowns by unit operation (Exhibits 3.7, 3.11, 3.22, 3.26, 3.36, 3.38, 3.41, 3.43, 3.46; p.37) used as the primary foundry SEC evidence."
ESREF2015,ENERGY STAR Guide for Petroleum Refineries: Energy Efficiency Improvement and Cost Saving Opportunities,US EPA ENERGY STAR / LBNL (Worrell et al.),2015,https://www.energystar.gov/sites/default/files/tools/ENERGY_STAR_Guide_Petroleum_Refineries_20150330.pdf,2026-08-24,"Fetched. Table 3 p23 (2011 US energy balance by unit: hydrotreating 28.7%, CDU 20.1%, reforming 9.8%, VDU 8.5%, H2 6.7%, alkylation 5.6%, hydrocracking 5.3%, FCC 5.1%); Fig 9 p21 fuel mix (still gas, natural gas, coke); Fig 11 p24."
ESTAR_AUTO_2015,ENERGY STAR Industry Insights: Automobile Assembly Plants,U.S. Environmental Protection Agency,2015,https://www.energystar.gov/sites/default/files/tools/Industry_Insights_Auto_Assembly_2015.pdf,2026-08-24,"Corroborating end-use list seen in fetched document: paint booths 30-50%, HVAC 11-20%, lighting 15%, compressed air 9-14%, welding 9-10%, material handling/tools 7-8%, metal forming 2-9%; fuels 60-69% of total energy."
ES_ASPHALT_2023,Energy Efficiency and Cost Saving Opportunities for Asphalt Paving / Hot-Mix Asphalt Production (ENERGY STAR guide),US EPA ENERGY STAR,2023,https://www.energystar.gov/sites/default/files/tools/ES_Asphalt_Paving_Guide_October23_RELEASE_508.pdf,2026-08-24,"Plant process description (Section 1.1, p.2) and published energy split: burner fuel 80%, hot oil heater 12%, equipment 4%, electricity 4% (Figure 4, p.8); 317 MJ/ton, 96% non-electric (Section 1.2, p.8)."
ES_CEMENT_2013,Energy Efficiency Improvement and Cost Saving Opportunities for Cement Making - An ENERGY STAR Guide for Energy and Plant Managers,Lawrence Berkeley National Laboratory / US EPA ENERGY STAR,2013,https://www.energystar.gov/sites/default/files/tools/ENERGY%20STAR%20Guide%20for%20the%20Cement%20Industry%2027_08_2013_Rev%20js%20reformat%2011192014.pdf,2026-08-24,"Electricity breakdown for dry kiln plants (Section 3.3, p.9: cement grinding 38%, raw grinding 24%, clinker production 22%, homogenisation 6%, extraction 5%, conveying/packaging 5%) and statement that clinker production takes virtually all fuel use (p.7)."
EULA_ECOFYS_2014,A Competitive and Efficient Lime Industry - Cornerstone for a Sustainable Europe (technical report by Ecofys),European Lime Association (EuLA),2014,https://www.eula.eu/wp-content/uploads/2019/02/A-Competitive-and-Efficient-Lime-Industry-Technical-report-by-Ecofys_0.pdf,2026-08-24,"Lime process chain (Section 3, Figure 4), kiln thermal SEC 4.25 GJ/t average (p.27) and by kiln type (Table 5, p.28), electricity ~60 kWh/t = ~5% of energy with per-function BREF ranges (p.30), fuel mix (Figure 11, p.29), and statement that kiln heat is by far the majority of energy (p.29)."
FEEDADD,Energy saving in compound feed mills,Feed & Additive Magazine,,https://www.feedandadditive.com/energy-saving-in-compound-feed-mills/,2026-08-24,Pelleting ≈40% of electrical consumption and 80-90% of facility steam; compressed air ≈5% of plant consumption; grinding 6-10 kWh/t
FEEDGRAIN_EQ,What feed mill equipment is eating your energy?,Feed & Grain,,https://www.feedandgrain.com/animal-feed-manufacturing/news/15384355/what-feed-mill-equipment-is-eating-your-energy,2026-08-24,"Feed mill electricity split: pelleting 40%, milling 26%, mixing 9%, material handling 6%, other 19%"
FOCUS_DAIRY,Dairy Processing Industry Energy Best Practice Guidebook,Wisconsin Focus on Energy,,https://s3.us-east-1.amazonaws.com/focusonenergy/staging/dairyprocess_guidebook.pdf,2026-08-24,"Process energy shares by dairy product (Table 1, p12; after Ramirez et al. 2004): milk powder evaporation 45% + drying 51%; fluid milk pasteurisation group 38%; CIP 9.5-26%"
FOYLE_EA,"Environmental permit application, Foyle Food Group (Melton) — Attachment B3.14 Resource and Raw Materials",Environment Agency public consultation,2025,https://consult.environment-agency.gov.uk/psc/le14-3pr-foyle-food-group-limited-a001/supporting_documents/Application%20Bespoke%20A001%20Attachment%20B3.14_Resource%20and%20Raw%20Materials%20%2019032025.pdf,2026-08-24,"Sub-metered 2022 electricity by end use at a UK beef abattoir (Table 1.2; refrigeration ≈44%, compressed air ≈11%) and single LPG hot-water boiler for sterilisation/cleaning (Section 1.1.2)"
GOVSCOT_BYPROD,"Distillery by-products, livestock feed and bio-energy use in Scotland — report",Scottish Government,,https://www.gov.scot/publications/distillery-products-livestock-feed-bio-energy-use-scotland/pages/4/,2026-08-24,"Dark grains formed by combining, drying and pelletising draff and pot ale syrup (process description only; no energy data)"
HAAREN,"Large scale aerobic composting of source-separated organic wastes: a comparative study of environmental impacts, costs, and contextual effects (MSc thesis, Columbia University)",WTERT / Columbia University,2009,https://wtert.org/wp-content/uploads/2020/10/haaren_thesis.pdf,2026-08-24,Windrow composting 29 kWh/ton at 71% fuel / 29% electricity (p.15); aerated static pile blower load 0.75 kWh/ton and rolling stock/shredders/screens fuel ~15 kWh/ton (p.17); in-vessel drum 55 kWh/ton electric (p.19). Basis of composting profile.
HUCHUAH2003,Power consumption of semiconductor fabs in Taiwan (Energy 28(8):895-907),Elsevier (abstract via RePEc/IDEAS),2003,https://ideas.repec.org/a/eee/energy/v28y2003i8p895-907.html,2026-08-24,"Abstract fetched. Facility system ~56.6% of fab power (chiller plant, makeup/recirculation/exhaust air, gases, CDA, PCW, vacuum, UPW); process tools ~40.4%."
IAI_SEI,Primary Aluminium Smelting Energy Intensity (statistics page),International Aluminium Institute,2026,https://international-aluminium.org/statistics/primary-aluminium-smelting-energy-intensity/,2026-08-24,Fetched. Metric definition verified: smelting AC power includes rectification and normal auxiliaries up to metal tapping; excludes casting and carbon plants.
IEA_FW,Food waste digestion: Anaerobic Digestion of Food Waste for a Circular Economy,IEA Bioenergy Task 37,2018,https://www.ieabioenergy.com/wp-content/uploads/2018/12/Food-waste_WEB_END.pdf,2026-08-24,"Section 3.2, Tables 5-6 (pp.19-21): UK Biocycle AD plant parasitic electricity 59.1 kWh/t input (8.4% of gross output), pasteurisation/heat 113.4 kWh/t (16%); Valorsul 13% electricity. Basis of AD energy profile (incorporates Banks et al. energy balance)."
IEE_EGYPT_CERAMICS_2017,Industrial Energy Efficiency Project - Benchmarking Report for the Ceramics Sector,UNIDO / Egypt Industrial Energy Efficiency Project,2017,https://ieeegypt.org/wp-content/uploads/2017/01/BM-Report-Ceramics.pdf,2026-08-24,"Benchmark SEC ranges by process step (Table 6, p.30: spray drying 0.98-2.20 GJ/t, drying 0.25-0.75 GJ/t, tunnel kiln firing 5.4-6.3 GJ/t thermal; pressing 0.05-0.15 GJ/t electric). Used to anchor the brick kiln:dryer engineering split. Year approximate from hosting date."
IERC_QUARRY,Improving Energy Efficiency and Sustainability in the Concrete and Quarrying Industry,"International Energy Research Centre (IERC), Ireland",,https://www.ierc.ie/auditplus/improving-energy-efficiency-and-sustainability-in-the-concrete-and-quarrying-industry/,2026-08-24,"Quarry electricity intensity 5-25 kWh/t depending on crushing, screening and washing; haul truck fuel 30-50 L/h. Supports washing process inclusion."
IS_BREF2013,Best Available Techniques (BAT) Reference Document for Iron and Steel Production,European Commission JRC (EIPPCB),2013,https://bureau-industrial-transformation.jrc.ec.europa.eu/sites/default/files/2019-11/IS_Adopted_03_2012.pdf,2026-08-24,Existence and PDF URL verified via JRC page; cited at document level for coke oven and integrated-works plant sections and electricity consumers.
JST2022_SHIPYARD,Application of the transdisciplinary shipyard energy management framework... case study for a Bangladeshi shipyard,Journal of Shipping and Trade (SpringerOpen),2022,https://link.springer.com/article/10.1186/s41072-022-00123-8,2026-08-24,"Fetched. Shipyard vector intensities (electricity 96 kWh/t steel, LNG 12 kg/t; Figure 5 vector mix) — confirms no published end-use split; used to justify engineering tier."
KANO2020,Energy Audit and Management of a Tannery Company: A Case Study of Kano State (Am. J. Electrical Power and Energy Systems 9(1)),Science Publishing Group,2020,https://www.sciencepublishinggroup.com/article/10.11648/j.epes.20200901.11,2026-08-24,"Fetched. Electricity: factory machinery 39%, space cooling 27%, lighting 26%, heat rejection 4%, pumps 2%, ventilation 2% (tropical climate)."
LBNL357E,Metrics and Benchmarks for Energy Efficiency in Laboratories (LBNL-357E),Lawrence Berkeley National Laboratory (Labs21),2009,https://eta-publications.lbl.gov/sites/default/files/357e.pdf,2026-08-24,"Fetched. p4: 'Ventilation dominates energy use in most laboratories, especially chemical and biological laboratories'; corroborates S-Lab structure, no percentages."
LBNL50939,Energy Efficiency Improvement and Cost Saving Opportunities for the Vehicle Assembly Industry: An ENERGY STAR Guide for Energy and Plant Managers (LBNL-50939),Lawrence Berkeley National Laboratory (Galitsky & Worrell),2008,https://escholarship.org/content/qt33x4p6p9/qt33x4p6p9.pdf,2026-08-24,"Table 2 (p.7) electricity end-use shares for assembly plants (paint fans 27-50%, HVAC 11-20%, lighting 15-16%, compressed air 9-14%, welding 9-11%, materials handling 7-8%, metal forming 2-9%); p.6 narrative on fuel use for hot water/steam. Basis for Motor Vehicle Works electricity profile."
LBNLPP2009,Energy Efficiency Opportunities in the U.S. Pulp and Paper Industry (ENERGY STAR guide),Lawrence Berkeley National Laboratory / US EPA ENERGY STAR,2009,https://escholarship.org/content/qt82m148b2/qt82m148b2.pdf,2026-08-24,"Fetched. >80% of energy as boiler fuel; drying ~2/3 of papermaking energy; raw-material prep ~10% of electricity, ~3% of steam; motors ~90% of electricity."
LBNL_AL2016,Emerging Energy Efficiency and Carbon Dioxide Emissions-Reduction Technologies for the Aluminum Industry,Lawrence Berkeley National Laboratory,2016,https://eta-publications.lbl.gov/sites/default/files/06-06-16_lbl_ceg_aluminum_ee_techs.pdf,2026-08-24,"Fetched. Per-step best-practice intensities: electrolysis ~13,000 kWh/t (Section 2.2.3, p.7), anode production ~444 kWh/t (p.8), ingot casting ~278 kWh/t (Section 2.2.4, p.9); Figure 2 (p.9) electrolysis 83% of primary energy."
LBNL_CONCRETE_2011,Energy Efficiency Improvement and Cost Saving Opportunities for the Concrete Industry (LBNL-5342E),Lawrence Berkeley National Laboratory / US EPA ENERGY STAR,2011,https://www.energystar.gov/sites/default/files/buildings/tools/Energy_Efficieny_Improvement_Cost_Saving_Opportunities_Concrete.pdf,2026-08-24,"Ready-mix end-use splits (p.10: mixer 65% / water pump 20% / dust extractor 3% of electricity; Table 3 gas 76% boiler / 24% building heat; diesel 54% boiler / 40% trucks / 6% building heat), CMU data (Table 4/p.11: curing 60% of energy, all gas to kiln/boiler, diesel to forklifts, electricity 13%), precast data (Table 5/p.12: curing ~44% of energy, gas 85% boiler / 15% building heat, electricity ~17%)."
LBNL_DAIRY,Energy Efficiency Improvement and Cost Saving Opportunities for the Dairy Processing Industry (ENERGY STAR guide),Lawrence Berkeley National Laboratory,,https://www.osti.gov/servlets/purl/1171534,2026-08-24,"US dairy electricity end uses: machine drive 40%, cooling/cold storage 31%, lighting/HVAC 18%, other ~11%; fuel: 80% process heating/boiler steam, 20% building/misc (Figure 4.3, pp23-24)"
MAGB_ENERGY,Energy Use (sustainability pages),Maltsters' Association of Great Britain (ukmalt.com),,https://www.ukmalt.com/technical/sustainability-2/energy-use/,2026-08-24,"Qualitative: kiln heat recovery, variable-speed fans, CHP, biomass adoption; MAGB-managed Climate Change Agreements. No quantitative split published"
MDPITAN2023,Energy Assessment of a Tannery to Improve Its Sustainability (Sustainability 15(6):5599),MDPI,2023,https://www.mdpi.com/2071-1050/15/6/5599,2026-08-24,"Fetched. Catalonian tannery: natural gas 72-75% / electricity 25-27% of energy; gas mainly for hot water, steam and hot air across tannery processes."
MDPI_RA,"Life Cycle Assessment of Recycled Aggregate Production in the Federal District, Brazil",MDPI Recycling 11(5):94,2026,https://www.mdpi.com/2313-4321/11/5/94,2026-08-24,"Inventory per tonne recycled aggregate: diesel 2.14 L (Fig.5/Section 3.1 itemises loader operations 0.368 L/t and internal transfers 0.229 L/t on-site), electricity 1.23 kWh facility-wide (Section 2.1.2). Basis of inert-recycling oil-vector split."
MDPI_TABLEWARE_2023,LCA Case Study of Ceramic Tableware: Ecodesign Aspects of Ceramics Production from Ancient Technology to Present Factory,MDPI Sustainability 15(11) 9097,2023,https://www.mdpi.com/2071-1050/15/11/9097,2026-08-24,Factory tableware scenario: firing consumes 87% of total energy per kg of goods. Used as the anchor for the pottery gas profile.
MECS2022_T52,"Manufacturing Energy Consumption Survey 2022, Table 5.2: End Uses of Fuel Consumption (trillion Btu), by NAICS",U.S. Energy Information Administration,2025,https://www.eia.gov/consumption/manufacturing/data/2022/pdf/Table5_2.pdf,2026-08-24,"End-use rows for NAICS 332, 333, 336 and 3364 transcribed from the fetched PDF; values validated against process/nonprocess subtotals and sector totals (one inconsistent 332 machine-drive gas cell and the noisy 3364 block flagged in provenance notes). Basis for Works, Factory, Aircraft works, and Motor Vehicle Works gas splits, and for fallback copies."
MIDAM_AUTOSHOP,Save energy and money at your auto shop (typical auto shop end-use charts),MidAmerican Energy Company,,https://www.midamericanenergy.com/autoshop,2026-08-24,"Published pie charts seen in fetched page: electricity — 33% miscellaneous (shop equipment), 29% lighting, 12% ventilation, 8% computing, 7% space cooling, 4% office equipment, 3% space heating, 3% refrigeration; natural gas — 99% space heating, 1% water heating. Basis for garage and exhaust/tyre centre profiles (US utility data, medium confidence)."
MPA_SD2010,Sustainable Development Report 2010,Mineral Products Association,2010,https://mineralproducts.org/MPA/media/root/Publications/SD/MPA_SD_Report_2010.pdf,2026-08-24,"UK context: direct emissions of 5.27 kg CO2/t (crushed rock) and 2.60 kg CO2/t (land-won sand & gravel), 2009. No fuel-split published."
NSSGA_GHG,"The Aggregates Industry Greenhouse Gases: Low Emissions, High Resiliency","National Stone, Sand & Gravel Association",2021,https://www.nssga.org/sites/default/files/2021-05/NSSGAGreenhouseGasEmissionsReport04-26-21.pdf,2026-08-24,Confirms non-highway mobile equipment (haul trucks) is the dominant GHG/energy source at crushed stone operations (pp.7-8); site emission intensities Tables 2-2/2-4/2-7 (pp.7-10).
NSTA_EMR,Emissions Monitoring Report 2024,North Sea Transition Authority,2024,https://www.nstauthority.co.uk/media/nugh4i0q/emissions-monitoring-report-2024.pdf,2026-08-24,"Figure 3 (p.8): 2023 offshore field emissions - power generation 79%, flaring 17%, venting 3%, other 2%; terminals 17% of industry total (p.6). Context for oil and gas production activities; no process-level terminal split published."
PBL_SUGAR,Decarbonisation options for the Dutch sugar industry (MIDDEN),PBL Netherlands Environmental Assessment Agency / ECN-TNO (Rademaker & Marsidi),2019,https://www.pbl.nl/sites/default/files/downloads/pbl-2019-decarbonisation-options-for-the-dutch-sugar-industry_3481.pdf,2026-08-24,"Steam 2.805 GJ and electricity 0.557 GJ per t sugar (Table 2); pulp drying gas 6.10 GJ/t dry pulp (Table 3); lime kiln cokes 3.4 GJ/t lime (Table 8); 1.4 t wet pulp/t sugar, 3.5 t wet per t dried pulp"
POLBREF2007,Reference Document on Best Available Techniques in the Production of Polymers (Polymers BREF),European Commission JRC/EIPPCB,2007,https://bureau-industrial-transformation.jrc.ec.europa.eu/sites/default/files/2019-11/pol_bref_0807.pdf,2026-08-24,Fetched. Viscose staple direct energy 20-30 GJ/t (Table 13.13; Ch.11 pp173-182); no per-operation split published.
PRINTCITY,Web Lines Special Report No.4: Energy Efficiency for Web Offset Printers,PrintCity Alliance,,https://www.twosides.info/wp-content/uploads/2018/05/PrintCity_Alliance_Energy_Efficiency_for_Web_Offset_Printers.pdf,2026-08-24,Fetched. p4: production 70-80% of plant energy; machine drives 25-40%; process heating/cooling 30-50%; compressed air 5%; lighting <10% (MEGTEC data); p8 press-level breakdown.
QUALICER_MONFORT_2010,Analysis of Energy Consumption and Carbon Dioxide Emissions in Ceramic Tile Manufacture,"Qualicer (Castellon, Spain)",2010,https://www.qualicer.org/recopilatorio/ponencias/pdfs/2010239.pdf,2026-08-24,"Measured thermal energy split for ceramic tiles: firing 55%, spray drying 36%, drying 9% (Table 12); thermal 91.3% vs electricity 8.7% of final energy. Used as analogue anchor for pottery drying/firing."
SALT_ASSOC,How Do You Make Salt? (White/vacuum salt production),The Salt Association (UK),,https://saltassociation.co.uk/education/make-salt/,2026-08-24,"UK vacuum salt process chain: solution mining/brine pumping, brine purification, multiple-effect steam vacuum evaporation, centrifuging, fluid-bed drying, grading, storage. Process-list evidence; no energy percentages."
SE_H2_DIST,Hydrogen for Scottish Distilleries — A Research Study,Scottish Enterprise / Ricardo,,https://www.scottish-enterprise.com/media/qfoja3uv/hydrogen-for-scottish-distilleries-a-research-study.pdf,2026-08-24,"Distillation ≈85-90% of distillery heat demand (p14); sector fuel mix 2018: 75% fossil, 17% electricity, 8% renewable heat; 63% gas / 31% oil of scope 1&2 emissions (p5). Publication year not stated in fetched text"
SF_BREF2024,Best Available Techniques (BAT) Reference Document for the Smitheries and Foundries Industry (revised),European Commission JRC (EIPPCB),2024,https://bureau-industrial-transformation.jrc.ec.europa.eu/sites/default/files/2024-12/SF_BREF_2024-bref.pdf,2026-08-24,"Existence, 2024 revision and PDF URL verified via JRC page, which lists foundry stages (melting/metal treatment, mould and core preparation, casting/cooling/removal); document-level citation."
SLAB2011,"Energy Consumption of University Laboratories: Detailed Results from S-Lab Audits (Hopkinson, James, Lenegan, McGrath, Tait)",S-Lab / HEEPI,2011,https://mygreenlab.org/wp-content/uploads/2025/07/ie_-_energy_consumption_of_univeristy_laboratories_-_s-labs.pdf,2026-08-24,Fetched. Table 7 p16: life science labs ventilation 45%/heating 20%/equipment 25%/lighting 10%; chemistry labs 60/20/15/5 (% of total energy); five UK university buildings.
SMU_CRU2026,CRU: Tata Steel's Port Talbot EAF faces up to year delay,Steel Market Update,2026,https://www.steelmarketupdate.com/2026/06/08/cru-tata-steels-port-talbot-eaf-faces-up-to-year-delay/,2026-08-24,"Located via search (headline level only, not fetched): Port Talbot EAF under construction, possible delay; used only for GB stock context in notes."
SST2004,Ten tips for cleanroom energy efficiency,Solid State Technology / Semiconductor Digest,2004,https://sst.semiconductor-digest.com/2004/03/ten-tips-for-cleanroom-energy-efficiency/,2026-08-24,Fetched. 'HVAC systems consume up to 50 percent of a microchip fab's electricity.'
STET2024_COKE,An applied study on energy analysis of a coke oven,Science and Technology for Energy Transition (STET),2024,https://www.stet-review.org/articles/stet/full_html/2024/01/stet20230198/stet20230198.html,2026-08-24,Fetched. Coking heat 51.2% of oven energy input; quench heat ~24% of input recoverable; Figures 5 and 7 energy balances.
STUBBLES2000,Energy Use in the U.S. Steel Industry: An Historical Perspective and Future Opportunities (J. Stubbles),US DOE Office of Industrial Technologies,2000,https://www.energy.gov/sites/prod/files/2013/11/f4/steel_energy_use.pdf,2026-08-24,"Fetched. Good-practice energy itemisation by process for integrated and EAF routes (coke 8.45 MBtu/NTHM, PCI 3.75, EAF 5.65 MBtu/t incl. 500 kWh electricity, auxiliaries ~100 kWh/t, hot rolling 2.2, cold rolling 4.2 MBtu/ton)."
TANBREF2013,Best Available Techniques (BAT) Reference Document for the Tanning of Hides and Skins,European Commission JRC IPTS,2013,https://bureau-industrial-transformation.jrc.ec.europa.eu/sites/default/files/2019-11/TAN_Published_def.pdf,2026-08-24,Fetched. Energy ~3% of production costs (s1.3); thermal/electrical consumption Table 3.22 and drying-method energy Table 4.26 referenced (numbers not extractable from fetch); s4.12 drying energy techniques.
UKCHEM2015,Industrial Decarbonisation and Energy Efficiency Roadmaps to 2050: Chemicals,DECC/BIS (UK Government),2015,https://assets.publishing.service.gov.uk/media/5a748ea240f0b616bcb17717/Chemicals_Report.pdf,2026-08-24,"Fetched. Fig 6/s3.3.2: 47,706 GWh in 2012, 36% electricity; s3.2 names heat for reactions/distillation, electricity for pumps/compressors/chillers; no unit-op split."
UKPARL_CBP10278,British Steel and government special measures (Research Briefing CBP-10278),House of Commons Library,2026,https://commonslibrary.parliament.uk/research-briefings/cbp-10278/,2026-08-24,Fetched. Government directing Scunthorpe operations since 12 April 2025 with £484m working capital by May 2026 — evidence the BF-BOF route still operates in GB; used for default-route decision.
UKPP2015,Industrial Decarbonisation and Energy Efficiency Roadmaps to 2050: Pulp and Paper,DECC/BIS (UK Government),2015,https://assets.publishing.service.gov.uk/media/5a80864aed915d74e622ef4c/Pulp_and_Paper_Report.pdf,2026-08-24,"Fetched. s3.3.3: paper machine ~2/3 of energy, dryer-dominated; drives/vacuum/stock prep dominate electricity; s3.2.1: UK pulp mostly from paper for recycling."
UNIDO2019,The Framework for Sustainable Leather Manufacture (2nd edition),UNIDO / Leather Panel,2019,https://leatherpanel.org/sites/default/files/publications-attachments/the_framework_for_sustainable_leather_manufacturing_2nd_edition_2019_f.pdf,2026-08-24,Fetched. Ch.17 energy: Tables 46-51 on tannery energy shares and wastewater-treatment energy referenced (numeric values not extractable from fetch); used at document level for process-list evidence.
WORLDGRAIN2010,Electrical energy savings in flour milling,World Grain,2010,https://www.world-grain.com/articles/10186-electrical-energy-savings-in-flour-milling,2026-08-24,Motors ≈75% of milling industry electricity; 4-7 kWh/cwt US benchmark
WSA_ENERGY,Energy use in the steel industry (fact page),worldsteel Association,2025,https://worldsteel.org/about-steel/energy-use-in-the-steel-industry/,2026-08-24,"Fetched. Table 1 energy input shares by route (BF-BOF: coal 70-80%; EAF: electricity 50-70%, coal 5-15%, gas 10-25%); co-product gases >60% of integrated plant energy."
ZI_BRICK_EE_P1,Energy efficiency - the order of the day (part 1 of 3),Zi Brick and Tile Industry International (zi-online.info),,https://www.zi-online.info/en/artikel/energy-efficiency-the-order-of-the-day-part-1-of-3-4155438.html,2026-08-24,"Trade-journal evidence on dryer vs kiln heat demand in heavy clay plants (dryer heat can be up to ~3x kiln for high-moisture clay blocks, Figure 3; kiln cars add 20-50% to specific thermal consumption). Undated web article."
