unit_id,unit_name,unit_class,spine,duty_family,process_id,fuel_carrier_id,grade_out,grade_in_max,capex,fixed_opex,lifetime,availability_factor,capacity_to_activity_factor,area_per_capacity,emissions_released,min_viable_scale,load_shape_override,is_hybrid,draws_ambient,provenance,confidence,provenance_ref
boiler_lt_gas,"Low-temperature heat boiler, natural gas",converter,service,LTH,,natural_gas,4,,5.6421,0.11284,25,0.9823,1,,1,,,FALSE,FALSE,bref,medium,"[CARB3_WE_FOODDRINK] 1.11 unit table; [COMIT_TAXONOMY_140] comit_sector_processes.csv, technology_code IFDLTHNGA01 | [COMIT_WB_140] sheet Technologies, technology_code ICHLTHNGA01/ICRLTHNGA01/IEELTHNGA01... (n=9 sector copies, capex 1.57-4.49, median taken) | [BEIS_IFS2018] Industrial Fuel Switching Market Engagement Study (Element Energy and Jacobs for BEIS, December 2018), section 7.2 technology assumption tables, pp 64-66, row 'Natural gas boiler': capex 166.00 GBP/kW, fixed opex 3.32 GBP/kW/yr, lifetime 25 yr. No price base declared; report dated December 2018, so taken as 2018 money and deflated to 2021 by 95.1126/88.7354 = 1.07187 (COMIT workbook sheet gdp_deflators, 2022 = 100). 1 PJ/yr of capacity = 1e15 J / 31 536 000 s = 31709.8 kW, so 166.00 x 31709.8 x 1e-6 x 1.07187 = 5.6421 GBPm per PJ/yr. Replaces the COMIT value 2.277 | grade_out 4 (decided 2026-09-25 on PR #64, note 20 item 25), was 3: [BEIS_IFS2018] section 3.2.2 and Table 6 (p15) place high-pressure steam at 190-240 C, raised on site; Table 10 makes the gas boiler the counterfactual for steam, and the ""Natural gas boiler"" summary (section 7.3, item 11) is suitable for ""All processes where steam, at different pressures, is used for heating"". The primary output stays heat_100_150, the band its coefficients were declared on. The worked examples rate their units 3 because their duties need no more"
boiler_lt_hydrogen,"Low-temperature heat boiler, hydrogen",converter,service,LTH,,hydrogen,4,,6.7638,0.13528,20,0.9823,1,,1,,,FALSE,FALSE,bref,medium,"[CARB3_WE_FOODDRINK] 1.11 unit table; [COMIT_TAXONOMY_140] comit_sector_processes.csv, technology_code IFDLTHHDG01 | [COMIT_WB_140] sheet Technologies, technology_code ICHLTHHDG01/ICRLTHHDG01/IEELTHHDG01... (n=9 sector copies, capex 1.86-5.70, median taken) | [BEIS_IFS2018] Industrial Fuel Switching Market Engagement Study (Element Energy and Jacobs for BEIS, December 2018), section 7.2 technology assumption tables, pp 64-66, row '100% H2 Fuel Boilers': capex 199.00 GBP/kW, fixed opex 3.98 GBP/kW/yr, lifetime 20 yr. No price base declared; report dated December 2018, so taken as 2018 money and deflated to 2021 by 95.1126/88.7354 = 1.07187 (COMIT workbook sheet gdp_deflators, 2022 = 100). 1 PJ/yr of capacity = 1e15 J / 31 536 000 s = 31709.8 kW, so 199.00 x 31709.8 x 1e-6 x 1.07187 = 6.7638 GBPm per PJ/yr. Replaces the COMIT value 2.7594 | grade_out 4 (decided 2026-09-25 on PR #64, note 20 item 25), was 3: [BEIS_IFS2018] section 3.2.2 and Table 6 (p15) place high-pressure steam at 190-240 C, raised on site; Table 10 makes the gas boiler the counterfactual for steam, and the ""100% Hydrogen Boiler"" summary (section 7.3, item 11) is suitable for ""All processes where steam, at different pressures, is used for heating"". The primary output stays heat_100_150, the band its coefficients were declared on. The worked examples rate their units 3 because their duties need no more"
boiler_lt_biomass,"Low-temperature heat boiler, solid biomass",converter,service,LTH,,solid_biomass,4,,17.5042,0.17674,25,0.9123,1,,1,,,FALSE,FALSE,bref,medium,"[CARB3_WE_FOODDRINK] 1.11 unit table; [COMIT_TAXONOMY_140] comit_sector_processes.csv, technology_code IFDLTHBIOS01 | [COMIT_WB_140] sheet Technologies, technology_code ICHLTHBIOS01/ICRLTHBIOS01/IEELTHBIOS01... (n=9 sector copies, capex 10.12-20.24, median taken) | [BEIS_IFS2018] Industrial Fuel Switching Market Engagement Study (Element Energy and Jacobs for BEIS, December 2018), section 7.2 technology assumption tables, pp 64-66, row 'Large Biomass Steam Boiler': capex 515.00 GBP/kW, fixed opex 5.20 GBP/kW/yr, lifetime 25 yr. No price base declared; report dated December 2018, so taken as 2018 money and deflated to 2021 by 95.1126/88.7354 = 1.07187 (COMIT workbook sheet gdp_deflators, 2022 = 100). 1 PJ/yr of capacity = 1e15 J / 31 536 000 s = 31709.8 kW, so 515.00 x 31709.8 x 1e-6 x 1.07187 = 17.5042 GBPm per PJ/yr. Replaces the COMIT value 13.4935 | grade_out 4 (decided 2026-09-25 on PR #64, note 20 item 25), was 3: [BEIS_IFS2018] section 3.2.2 and Table 6 (p15) place high-pressure steam at 190-240 C, raised on site; Table 10 makes the gas boiler the counterfactual for steam, and the ""Large Biomass Boiler"" summary (section 7.3, item 11) is suitable for ""All processes where steam, at different pressures, is used for heating"". The primary output stays heat_100_150, the band its coefficients were declared on. The worked examples rate their units 3 because their duties need no more"
boiler_lt_lpg,"Low-temperature heat boiler, LPG",converter,service,LTH,,lpg,3,,1.9228,0.03846,25,0.9823,1,,1,,,FALSE,FALSE,comit_reuse,medium,"[CARB3_WE_FOODDRINK] 1.11 unit table; [COMIT_TAXONOMY_140] comit_sector_processes.csv, technology_code IFDLTHLPG01 | [COMIT_WB_140] sheet Technologies, technology_code ICHLTHLPG01/IEELTHLPG01/IFDLTHLPG01... (n=8 sector copies, capex 1.57-4.49, median taken)"
boiler_lt_coal,"Low-temperature heat boiler, coal",converter,service,LTH,,coal,3,,10.8819,0.81614,25,0.9707,1,,1,,,FALSE,FALSE,comit_reuse,medium,"[CARB3_WE_FOODDRINK] 1.11 unit table; [COMIT_TAXONOMY_140] comit_sector_processes.csv, technology_code IFDLTHHCO01 | [COMIT_WB_140] sheet Technologies, technology_code ICHLTHHCO01/IEELTHHCO01/IFDLTHHCO01... (n=7 sector copies, capex 8.16-16.32, median taken)"
boiler_lt_oil,"Low-temperature heat boiler, light fuel oil",converter,service,LTH,,light_fuel_oil,3,,1.9228,0.03846,25,0.9823,1,,1,,,FALSE,FALSE,proxy,low,"[COMIT_TAXONOMY_140] comit_sector_processes.csv, technology_code IFDLTHLPG01 category Oil; carrier light_fuel_oil separated from lpg by carrier.csv | [COMIT_WB_140] sheet Technologies, technology_code ICHLTHLPG01/IEELTHLPG01/IFDLTHLPG01... (n=8 sector copies, capex 1.57-4.49, median taken) | PROXY: no COMIT row for this fuel; taken from the LPG boiler, the nearest liquid-fuel row COMIT has"
boiler_lt_biomethane,"Low-temperature heat boiler, biomethane",converter,service,LTH,,biomethane,3,,2.277,0.04554,25,0.9823,1,,1,,,FALSE,FALSE,proxy,low,"[COMIT_TAXONOMY_140] comit_sector_processes.csv, technology_code IFDLTHNGA01 fuel commodity IND_NGABOM = gas + biomethane; carrier.csv splits INDMAINSBOM out | [COMIT_WB_140] sheet Technologies, technology_code ICHLTHNGA01/ICRLTHNGA01/IEELTHNGA01... (n=9 sector copies, capex 1.57-4.49, median taken) | PROXY: no COMIT row for this fuel; taken from the natural-gas boiler; COMIT's IND_NGABOM is gas and biomethane together"
resistance_heater_lt,Low-temperature electric resistance heater,converter,service,LTH,,electricity,4,,4.0786,0.08157,15,0.9862,1,,1,,,FALSE,FALSE,bref,medium,"[CARB3_WE_FOODDRINK] 1.11 unit table; [COMIT_TAXONOMY_140] comit_sector_processes.csv, technology_code IFDLTHELC01 | [COMIT_WB_140] sheet Technologies, technology_code ICHLTHELC01/ICRLTHELC01/IEELTHELC01... (n=9 sector copies, capex 3.86-5.61, median taken) | [BEIS_IFS2018] Industrial Fuel Switching Market Engagement Study (Element Energy and Jacobs for BEIS, December 2018), section 7.2 technology assumption tables, pp 64-66, row 'Electrode Steam Boiler (large)': capex 120.00 GBP/kW, fixed opex 2.40 GBP/kW/yr, lifetime 15 yr. No price base declared; report dated December 2018, so taken as 2018 money and deflated to 2021 by 95.1126/88.7354 = 1.07187 (COMIT workbook sheet gdp_deflators, 2022 = 100). 1 PJ/yr of capacity = 1e15 J / 31 536 000 s = 31709.8 kW, so 120.00 x 31709.8 x 1e-6 x 1.07187 = 4.0786 GBPm per PJ/yr. Replaces the COMIT value 4.9221 | grade_out 4 (decided 2026-09-25 on PR #64, note 20 item 25), was 3: [BEIS_IFS2018] section 3.2.2 and Table 6 (p15) place high-pressure steam at 190-240 C, raised on site; Table 10 makes the gas boiler the counterfactual for steam, and the ""Electrode Steam Boiler (large)"" summary (section 7.3, item 11) is suitable for ""All processes where steam, at different pressures, is used for heating"". The primary output stays heat_100_150, the band its coefficients were declared on. The worked examples rate their units 3 because their duties need no more"
heat_pump_lt_air,Low-temperature air-source heat pump,converter,service,LTH,,electricity,2,,15.2949,0.3059,20,0.9808,1,,1,,,FALSE,TRUE,bref,medium,"[CARB3_WE_FOODDRINK] 1.11 unit table; [COMIT_TAXONOMY_140] comit_sector_processes.csv, technology_code IFDLTHELCHP01 | [COMIT_WB_140] sheet Technologies, technology_code ICHLTHELCHP01/ICRLTHELCHP01/IEELTHELCHP01... | [BEIS_IFS2018] Industrial Fuel Switching Market Engagement Study (Element Energy and Jacobs for BEIS, December 2018), section 7.2 technology assumption tables, pp 64-66, row 'CL Heat Pump': capex 450.00 GBP/kW, fixed opex 9.00 GBP/kW/yr, lifetime 20 yr. No price base declared; report dated December 2018, so taken as 2018 money and deflated to 2021 by 95.1126/88.7354 = 1.07187 (COMIT workbook sheet gdp_deflators, 2022 = 100). 1 PJ/yr of capacity = 1e15 J / 31 536 000 s = 31709.8 kW, so 450.00 x 31709.8 x 1e-6 x 1.07187 = 15.2949 GBPm per PJ/yr. Replaces the COMIT value 25.4549"
heat_pump_lt_reject,Low-temperature heat pump on recovered reject heat,converter,service,LTH,,electricity,2,1,10.1966,0.20393,20,0.9808,1,,1,,,FALSE,FALSE,bref,medium,"[CARB3_WE_FOODDRINK] 1.11 unit table; [COMIT_TAXONOMY_140] comit_sector_processes.csv, technology_code IFDLTHELCHP01 | [COMIT_WB_140] sheet Technologies, technology_code ICHLTHELCHP01/ICRLTHELCHP01/IEELTHELCHP01... | PROXY: no COMIT row for this fuel; taken from the air-source heat pump; COMIT has one flat-COP heat pump row (the defect B4 fixes) | [BEIS_IFS2018] Industrial Fuel Switching Market Engagement Study (Element Energy and Jacobs for BEIS, December 2018), section 7.2 technology assumption tables, pp 64-66, row 'OL Heat Pump (MVR)': capex 300.00 GBP/kW, fixed opex 6.00 GBP/kW/yr, lifetime 20 yr. No price base declared; report dated December 2018, so taken as 2018 money and deflated to 2021 by 95.1126/88.7354 = 1.07187 (COMIT workbook sheet gdp_deflators, 2022 = 100). 1 PJ/yr of capacity = 1e15 J / 31 536 000 s = 31709.8 kW, so 300.00 x 31709.8 x 1e-6 x 1.07187 = 10.1966 GBPm per PJ/yr. Replaces the COMIT value 25.4549"
heat_exchanger_lt_steam,Low-temperature heat from site steam (heat exchanger),converter,service,LTH,,,3,3,0,0,25,0.9,1,,1,,,FALSE,FALSE,comit_reuse,medium,"[COMIT_TAXONOMY_140] comit_sector_processes.csv, technology_code IFDLTHSTM01 | [COMIT_WB_140] sheet Technologies, technology_code ICHLTHSTM01/IFDLTHSTM01/IOILTHSTM01..."
boiler_spc_gas,"Space-heat boiler, natural gas",converter,service,SPC,,natural_gas,2,,5.6421,0.11284,25,0.9823,1,,1,,,FALSE,FALSE,bref,low,"[COMIT_TAXONOMY_140] comit_sector_processes.csv, technology_code IOISPCNGA01 | [COMIT_WB_140] sheet Technologies, technology_code ICHSPCNGA01/ICRSPCNGA01/IEESPCNGA01... | [BEIS_IFS2018] Industrial Fuel Switching Market Engagement Study (Element Energy and Jacobs for BEIS, December 2018), section 7.2 technology assumption tables, pp 64-66, row 'Natural gas boiler': capex 166.00 GBP/kW, fixed opex 3.32 GBP/kW/yr, lifetime 25 yr. No price base declared; report dated December 2018, so taken as 2018 money and deflated to 2021 by 95.1126/88.7354 = 1.07187 (COMIT workbook sheet gdp_deflators, 2022 = 100). 1 PJ/yr of capacity = 1e15 J / 31 536 000 s = 31709.8 kW, so 166.00 x 31709.8 x 1e-6 x 1.07187 = 5.6421 GBPm per PJ/yr. Replaces the COMIT value 1.7516 | PROXY within the source: the study has no space-heating row; the gas boiler is its nearest row | grade_out 2 and primary output heat_60_100 (note 22 Task 10, 2026-09-25, note 20 item 24), were 1 and heat_lt60: a fuel-fired space-heating boiler supplies the conventional UK LPHW circuit, [CIBSEJ_RETURN] ""a flow return temperature of 82/71 C"", which is the 60-100 C band the 48 SPC duty rows already cite. The electric and heat-pump SPC units keep grade_out 1: no source places their supply above 60 C"
boiler_spc_hydrogen,"Space-heat boiler, hydrogen",converter,service,SPC,,hydrogen,2,,6.7638,0.13528,20,0.9823,1,,1,,,FALSE,FALSE,bref,low,"[COMIT_TAXONOMY_140] comit_sector_processes.csv, technology_code IOISPCHDG01 | [COMIT_WB_140] sheet Technologies, technology_code ICHSPCHDG01/ICRSPCHDG01/IEESPCHDG01... | [BEIS_IFS2018] Industrial Fuel Switching Market Engagement Study (Element Energy and Jacobs for BEIS, December 2018), section 7.2 technology assumption tables, pp 64-66, row '100% H2 Fuel Boilers': capex 199.00 GBP/kW, fixed opex 3.98 GBP/kW/yr, lifetime 20 yr. No price base declared; report dated December 2018, so taken as 2018 money and deflated to 2021 by 95.1126/88.7354 = 1.07187 (COMIT workbook sheet gdp_deflators, 2022 = 100). 1 PJ/yr of capacity = 1e15 J / 31 536 000 s = 31709.8 kW, so 199.00 x 31709.8 x 1e-6 x 1.07187 = 6.7638 GBPm per PJ/yr. Replaces the COMIT value 2.1226 | PROXY within the source: the study has no space-heating row; the hydrogen boiler is its nearest row | grade_out 2 and primary output heat_60_100 (note 22 Task 10, 2026-09-25, note 20 item 24), were 1 and heat_lt60: a fuel-fired space-heating boiler supplies the conventional UK LPHW circuit, [CIBSEJ_RETURN] ""a flow return temperature of 82/71 C"", which is the 60-100 C band the 48 SPC duty rows already cite. The electric and heat-pump SPC units keep grade_out 1: no source places their supply above 60 C"
boiler_spc_biomass,"Space-heat boiler, solid biomass",converter,service,SPC,,solid_biomass,2,,17.5042,0.17674,25,0.9123,1,,1,,,FALSE,FALSE,bref,low,"[COMIT_TAXONOMY_140] comit_sector_processes.csv, technology_code IOISPCBIOS01 | [COMIT_WB_140] sheet Technologies, technology_code ICHSPCBIOS01/ICRSPCBIOS01/IEESPCBIOS01... | [BEIS_IFS2018] Industrial Fuel Switching Market Engagement Study (Element Energy and Jacobs for BEIS, December 2018), section 7.2 technology assumption tables, pp 64-66, row 'Large Biomass Steam Boiler': capex 515.00 GBP/kW, fixed opex 5.20 GBP/kW/yr, lifetime 25 yr. No price base declared; report dated December 2018, so taken as 2018 money and deflated to 2021 by 95.1126/88.7354 = 1.07187 (COMIT workbook sheet gdp_deflators, 2022 = 100). 1 PJ/yr of capacity = 1e15 J / 31 536 000 s = 31709.8 kW, so 515.00 x 31709.8 x 1e-6 x 1.07187 = 17.5042 GBPm per PJ/yr. Replaces the COMIT value 10.3796 | PROXY within the source: the study has no space-heating row; the biomass steam boiler is its nearest row | grade_out 2 and primary output heat_60_100 (note 22 Task 10, 2026-09-25, note 20 item 24), were 1 and heat_lt60: a fuel-fired space-heating boiler supplies the conventional UK LPHW circuit, [CIBSEJ_RETURN] ""a flow return temperature of 82/71 C"", which is the 60-100 C band the 48 SPC duty rows already cite. The electric and heat-pump SPC units keep grade_out 1: no source places their supply above 60 C"
boiler_spc_lpg,"Space-heat boiler, LPG",converter,service,SPC,,lpg,2,,1.7516,0.03503,25,0.9823,1,,1,,,FALSE,FALSE,comit_reuse,medium,"[COMIT_TAXONOMY_140] comit_sector_processes.csv, technology_code IOISPCLPG01 | [COMIT_WB_140] sheet Technologies, technology_code IEESPCLPG01/IMESPCLPG01/IOISPCLPG01... | grade_out 2 and primary output heat_60_100 (note 22 Task 10, 2026-09-25, note 20 item 24), were 1 and heat_lt60: a fuel-fired space-heating boiler supplies the conventional UK LPHW circuit, [CIBSEJ_RETURN] ""a flow return temperature of 82/71 C"", which is the 60-100 C band the 48 SPC duty rows already cite. The electric and heat-pump SPC units keep grade_out 1: no source places their supply above 60 C"
boiler_spc_coal,"Space-heat boiler, coal",converter,service,SPC,,coal,2,,8.3707,0.6278,25,0.9707,1,,1,,,FALSE,FALSE,comit_reuse,medium,"[COMIT_TAXONOMY_140] comit_sector_processes.csv, technology_code IOISPCHCO01 | [COMIT_WB_140] sheet Technologies, technology_code IEESPCHCO01/IMESPCHCO01/IOISPCHCO01... | grade_out 2 and primary output heat_60_100 (note 22 Task 10, 2026-09-25, note 20 item 24), were 1 and heat_lt60: a fuel-fired space-heating boiler supplies the conventional UK LPHW circuit, [CIBSEJ_RETURN] ""a flow return temperature of 82/71 C"", which is the 60-100 C band the 48 SPC duty rows already cite. The electric and heat-pump SPC units keep grade_out 1: no source places their supply above 60 C"
resistance_heater_spc,Space-heat electric resistance heater,converter,service,SPC,,electricity,1,,4.0786,0.08157,15,0.9862,1,,1,,,FALSE,FALSE,bref,low,"[COMIT_TAXONOMY_140] comit_sector_processes.csv, technology_code IOISPCELC01 | [COMIT_WB_140] sheet Technologies, technology_code ICHSPCELC01/ICRSPCELC01/IEESPCELC01... | [BEIS_IFS2018] Industrial Fuel Switching Market Engagement Study (Element Energy and Jacobs for BEIS, December 2018), section 7.2 technology assumption tables, pp 64-66, row 'Electrode Steam Boiler (large)': capex 120.00 GBP/kW, fixed opex 2.40 GBP/kW/yr, lifetime 15 yr. No price base declared; report dated December 2018, so taken as 2018 money and deflated to 2021 by 95.1126/88.7354 = 1.07187 (COMIT workbook sheet gdp_deflators, 2022 = 100). 1 PJ/yr of capacity = 1e15 J / 31 536 000 s = 31709.8 kW, so 120.00 x 31709.8 x 1e-6 x 1.07187 = 4.0786 GBPm per PJ/yr. Replaces the COMIT value 3.7863 | PROXY within the source: the study has no space-heating row; the electrode steam boiler is its nearest row"
heat_pump_spc_air,Space-heat air-source heat pump,converter,service,SPC,,electricity,1,0,15.2949,0.3059,20,0.9808,1,,1,,,FALSE,TRUE,bref,low,"[COMIT_TAXONOMY_140] comit_sector_processes.csv, technology_code IOISPCELCHP01 | [COMIT_WB_140] sheet Technologies, technology_code ICHSPCELCHP01/ICRSPCELCHP01/IEESPCELCHP01... | [BEIS_IFS2018] Industrial Fuel Switching Market Engagement Study (Element Energy and Jacobs for BEIS, December 2018), section 7.2 technology assumption tables, pp 64-66, row 'CL Heat Pump': capex 450.00 GBP/kW, fixed opex 9.00 GBP/kW/yr, lifetime 20 yr. No price base declared; report dated December 2018, so taken as 2018 money and deflated to 2021 by 95.1126/88.7354 = 1.07187 (COMIT workbook sheet gdp_deflators, 2022 = 100). 1 PJ/yr of capacity = 1e15 J / 31 536 000 s = 31709.8 kW, so 450.00 x 31709.8 x 1e-6 x 1.07187 = 15.2949 GBPm per PJ/yr. Replaces the COMIT value 25.4549 | PROXY within the source: the study has no space-heating row; the closed-loop heat pump is its nearest row"
heat_exchanger_spc_steam,Space heat from site steam (heat exchanger),converter,service,SPC,,,1,3,0,0,25,0.9,1,,1,,,FALSE,FALSE,comit_reuse,medium,"[COMIT_TAXONOMY_140] comit_sector_processes.csv, technology_code IOISPCSTM01 | [COMIT_WB_140] sheet Technologies, technology_code ICHSPCSTM01/IOISPCSTM01/IPRSPCSTM01..."
furnace_ht_gas,"High-temperature furnace, natural gas",converter,service,HTH,,natural_gas,5,,6.5598,0.1312,25,0.94,1,,1,,,FALSE,FALSE,bref,medium,"[COMIT_TAXONOMY_140] comit_sector_processes.csv, technology_code IEEHTHNGA01 | [COMIT_WB_140] sheet Technologies, technology_code ICHHTHNGA01/ICRHTHNGA01/IEEHTHNGA01... (n=6 sector copies, capex 4.32-81.74, median taken) | [BEIS_IFS2018] Industrial Fuel Switching Market Engagement Study (Element Energy and Jacobs for BEIS, December 2018), section 7.2 technology assumption tables, pp 64-66, row 'Natural gas fired furnace': capex 193.00 GBP/kW, fixed opex 3.86 GBP/kW/yr, lifetime 25 yr. No price base declared; report dated December 2018, so taken as 2018 money and deflated to 2021 by 95.1126/88.7354 = 1.07187 (COMIT workbook sheet gdp_deflators, 2022 = 100). 1 PJ/yr of capacity = 1e15 J / 31 536 000 s = 31709.8 kW, so 193.00 x 31709.8 x 1e-6 x 1.07187 = 6.5598 GBPm per PJ/yr. Replaces the COMIT value 4.3178"
furnace_ht_hydrogen,"High-temperature furnace, hydrogen",converter,service,HTH,,hydrogen,5,,7.8854,0.15771,20,0.94,1,,1,,,FALSE,FALSE,bref,medium,"[COMIT_TAXONOMY_140] comit_sector_processes.csv, technology_code IEEHTHHDG01 | [COMIT_WB_140] sheet Technologies, technology_code ICHHTHHDG01/ICRHTHHDG01/IEEHTHHDG01... (n=6 sector copies, capex 5.61-106.26, median taken) | [BEIS_IFS2018] Industrial Fuel Switching Market Engagement Study (Element Energy and Jacobs for BEIS, December 2018), section 7.2 technology assumption tables, pp 64-66, row '100% H2 Fuel Heaters': capex 232.00 GBP/kW, fixed opex 4.64 GBP/kW/yr, lifetime 20 yr. No price base declared; report dated December 2018, so taken as 2018 money and deflated to 2021 by 95.1126/88.7354 = 1.07187 (COMIT workbook sheet gdp_deflators, 2022 = 100). 1 PJ/yr of capacity = 1e15 J / 31 536 000 s = 31709.8 kW, so 232.00 x 31709.8 x 1e-6 x 1.07187 = 7.8854 GBPm per PJ/yr. Replaces the COMIT value 5.6131"
furnace_ht_biomass,"High-temperature furnace, solid biomass",converter,service,HTH,,solid_biomass,5,,2.1243,0.04249,25,0.94,1,,1,,,FALSE,FALSE,bref,medium,"[COMIT_TAXONOMY_140] comit_sector_processes.csv, technology_code IEEHTHBIOS01 | [COMIT_WB_140] sheet Technologies, technology_code ICRHTHBIOS01/IEEHTHBIOS01/IMEHTHBIOS01... (n=5 sector copies, capex 9.69-183.41, median taken) | [BEIS_IFS2018] Industrial Fuel Switching Market Engagement Study (Element Energy and Jacobs for BEIS, December 2018), section 7.2 technology assumption tables, pp 64-66, row 'Direct Biomass Combustion': capex 62.50 GBP/kW, fixed opex 1.25 GBP/kW/yr, lifetime 25 yr. No price base declared; report dated December 2018, so taken as 2018 money and deflated to 2021 by 95.1126/88.7354 = 1.07187 (COMIT workbook sheet gdp_deflators, 2022 = 100). 1 PJ/yr of capacity = 1e15 J / 31 536 000 s = 31709.8 kW, so 62.50 x 31709.8 x 1e-6 x 1.07187 = 2.1243 GBPm per PJ/yr. Replaces the COMIT value 9.6888"
furnace_ht_lpg,"High-temperature furnace, LPG",converter,service,HTH,,lpg,5,,4.3178,0.10794,25,0.94,1,,1,,,FALSE,FALSE,comit_reuse,medium,"[COMIT_TAXONOMY_140] comit_sector_processes.csv, technology_code IEEHTHLPG01 | [COMIT_WB_140] sheet Technologies, technology_code IEEHTHLPG01/IMEHTHLPG01/INFHTHLPG01..."
furnace_ht_coal,"High-temperature furnace, coal",converter,service,HTH,,coal,5,,9.6888,0.25429,25,0.94,1,,1,,,FALSE,FALSE,comit_reuse,medium,"[COMIT_TAXONOMY_140] comit_sector_processes.csv, technology_code IEEHTHHCO01 | [COMIT_WB_140] sheet Technologies, technology_code ICHHTHHCO01/ICRHTHHCO01/IEEHTHHCO01... (n=6 sector copies, capex 9.69-183.41, median taken)"
furnace_ht_elec,High-temperature electric furnace,converter,service,HTH,,electricity,5,,4.0786,0.08157,15,0.94,1,,1,,,FALSE,FALSE,bref,medium,"[COMIT_TAXONOMY_140] comit_sector_processes.csv, technology_code IEEHTHELC01 | [COMIT_WB_140] sheet Technologies, technology_code ICHHTHELC01/ICRHTHELC01/IEEHTHELC01... (n=6 sector copies, capex 4.93-119.36, median taken) | [BEIS_IFS2018] Industrial Fuel Switching Market Engagement Study (Element Energy and Jacobs for BEIS, December 2018), section 7.2 technology assumption tables, pp 64-66, row 'Electric Process Heater': capex 120.00 GBP/kW, fixed opex 2.40 GBP/kW/yr, lifetime 15 yr. No price base declared; report dated December 2018, so taken as 2018 money and deflated to 2021 by 95.1126/88.7354 = 1.07187 (COMIT workbook sheet gdp_deflators, 2022 = 100). 1 PJ/yr of capacity = 1e15 J / 31 536 000 s = 31709.8 kW, so 120.00 x 31709.8 x 1e-6 x 1.07187 = 4.0786 GBPm per PJ/yr. Replaces the COMIT value 4.9277"
kiln_ht_gas,"High-temperature direct-fired kiln or furnace, natural gas (>1000 C)",converter,service,HTH,,natural_gas,6,,22.6025,0.45205,25,0.94,1,,1,,,FALSE,FALSE,bref,low,"Added decided 2026-09-25 on PR #64 (note 20 item 27): no unit reached heat rank 6. [BEIS_IFS2018] section 7.2 technology assumption tables, pp 65-66, row ""Natural gas fired kiln"": capex 665.00 GBP/kW, fixed opex 13.30 GBP/kW/yr, lifetime 25 yr, 1.18 kWh fuel per kWh thermal. grade_out 6: the same report's Table 5 (section 3.2.1) serves kiln firing (ceramics, non-metallic minerals), non-ferrous melting and steel rolling as ""Direct - High Temperature 240-2,000 C"". 2018 money deflated to 2021 by 95.1126/88.7354 (COMIT gdp_deflators) and 1 PJ/yr = 31709.8 kW, so 665.00 x 31709.8 x 1e-6 x 1.07187 = 22.6025 GBPm per PJ/yr. availability_factor 0.94 is furnace_ht_gas's, [COMIT_WB_140] ICHHTHNGA01: the report gives none. Confidence low: the cost is for a ceramics kiln and is applied to metal reheating and melting"
engine_mot_gas,"Gas reciprocating engine, mechanical drive, natural gas",converter,service,MOT,other_process,natural_gas,,,41.4227,3.56526,15,0.9822,1,,1,,,FALSE,FALSE,bref,low,"Added decided 2026-09-25 on PR #64 (note 20 item 65): the three OTH rows on motive_power sit at gas-only processes and no unit made shaft work from gas. [EPA_CHP_RICE] p2-1: industrial engines serve ""mechanical drive and electric power applications"". Capex: Table 2-4 System 3 (1,121 kW) total plant cost $2,366/kW less the heat recovery ($500) and interconnect/electrical ($100) lines a mechanical drive does not need = $1,766/kW (2013); labour and project costs are left unscaled, so it is high. Fixed opex: Table 2-6 System 3 total O&M $0.019/kWh, all variable, at the table's own 8,000 h/yr = $152/kW/yr. USD to GBP at 1.5644 ([ONS_AUSS] 2013), 2013 to 2021 by 95.1126/82.1933 (COMIT gdp_deflators): 1306.3 GBP/kW and 112.43 GBP/kW/yr, x 31709.8 kW per PJ/yr. Lifetime 15 yr: [BEIS_EGC2016] footnote 56. availability_factor: Table 2-8, 800-9,000 kW engines, 98.22%. process_id other_process keys it to the three rows it was decided for (build/rebuild_eligibility_join.py keeps a keyed unit to its rows)"
heat_pump_ht,High-temperature (steam) heat pump,converter,service,STM,,electricity,3,2,10.1966,0.20393,20,0.9808,1,,1,,,FALSE,FALSE,bref,low,"[CARB3_WE_FOODDRINK] 1.11 unit table; [COMIT_TAXONOMY_140] comit_sector_processes.csv, technology_code IFDSTMHP01 | [COMIT_WB_140] sheet Technologies, technology_code ICHSTMHP01/IFDSTMHP01/IOISTMHP01... | [BEIS_IFS2018] Industrial Fuel Switching Market Engagement Study (Element Energy and Jacobs for BEIS, December 2018), section 7.2 technology assumption tables, pp 64-66, row 'OL Heat Pump (MVR)': capex 300.00 GBP/kW, fixed opex 6.00 GBP/kW/yr, lifetime 20 yr. No price base declared; report dated December 2018, so taken as 2018 money and deflated to 2021 by 95.1126/88.7354 = 1.07187 (COMIT workbook sheet gdp_deflators, 2022 = 100). 1 PJ/yr of capacity = 1e15 J / 31 536 000 s = 31709.8 kW, so 300.00 x 31709.8 x 1e-6 x 1.07187 = 10.1966 GBPm per PJ/yr. Replaces the COMIT value 25.4549 | PROXY within the source: open-loop mechanical vapour recompression, the study's row for raising steam from a lower-grade source"
chp_gas_turbine,"Gas-turbine CHP, natural gas",generator,service,STM,,natural_gas,4,,47.8335,0.9733,25,0.93,1,,1,,,FALSE,FALSE,comit_reuse,medium,"[CARB3_WE_FOODDRINK] 1.11 unit table; [COMIT_TAXONOMY_140] comit_sector_processes.csv, technology_code IFDCHPGT01 | [COMIT_WB_140] sheet Technologies, technology_code IFDCHPGT01/IISCHPGT01/IOICHPGT01... (n=7 sector copies, capex 1443.93-3377.49, median taken) | basis: COMIT rates it in GW of output, CaRB3 in PJ/yr; capex / 31.54, because capacity is a full-output rating and the availability factor does not enter the rebasing | grade_out 4 (decided 2026-09-25 on PR #64, note 20 item 25), was 3: [EPA_CHP_CT] section 3.1, gas turbine exhaust raises process steam ""as high as 1,200 psig and 900 F"", and the catalog's own cost basis is dry saturated steam at 150 psig, 186 C - band 4 (150-400 C). The primary output stays heat_100_150, the band its coefficients were declared on; grade_out is the furthest band it can deliver (spec section 3.5)"
chp_gas_ccgt,"CCGT CHP, natural gas",generator,service,STM,,natural_gas,4,,45.6806,1.2103,25,0.93,1,,1,,,FALSE,FALSE,comit_reuse,high,"[COMIT_TAXONOMY_140] comit_sector_processes.csv, technology_code ICHCHPCCGT01 | [COMIT_WB_140] sheet Technologies, technology_code ICHCHPCCGT01 | basis: COMIT rates it in GW of output, CaRB3 in PJ/yr; capex / 31.54, because capacity is a full-output rating and the availability factor does not enter the rebasing | grade_out 4 (decided 2026-09-25 on PR #64, note 20 item 25), was 3: [EPA_CHP_ST] p4-2 and p4-7, a combined-cycle or back-pressure CHP supplies industrial process steam at 150-250 psig, 186-208 C (footnote 61) - band 4. The primary output stays heat_100_150, the band its coefficients were declared on; grade_out is the furthest band it can deliver (spec section 3.5)"
chp_hydrogen_ccgt,"CCGT CHP, hydrogen",generator,service,STM,,hydrogen,4,,58.9231,1.6881,25,0.93,1,,1,,,FALSE,FALSE,comit_reuse,medium,"[CARB3_WE_FOODDRINK] 1.11 unit table; [COMIT_TAXONOMY_140] comit_sector_processes.csv, technology_code IFDCHPCCGTH01 | [COMIT_WB_140] sheet Technologies, technology_code ICHCHPCCGTH01/IFDCHPCCGTH01/IISCHPCCGTH01... (n=8 sector copies, capex 1858.43-1872.99, median taken) | basis: COMIT rates it in GW of output, CaRB3 in PJ/yr; capex / 31.54, because capacity is a full-output rating and the availability factor does not enter the rebasing | grade_out 4 (decided 2026-09-25 on PR #64, note 20 item 25), was 3: [EPA_CHP_ST] p4-2 and p4-7, a combined-cycle or back-pressure CHP supplies industrial process steam at 150-250 psig, 186-208 C (footnote 61) - band 4. The primary output stays heat_100_150, the band its coefficients were declared on; grade_out is the furthest band it can deliver (spec section 3.5)"
chp_hydrogen_fuelcell,"Fuel-cell CHP, hydrogen",generator,service,STM,,hydrogen,3,,250.1072,2.789,15,0.95,1,,1,,,FALSE,FALSE,comit_reuse,high,"[COMIT_TAXONOMY_140] comit_sector_processes.csv, technology_code IISCHPFCH01_2030 | [COMIT_WB_140] sheet Technologies, technology_code IISCHPFCH01_2030 | basis: COMIT rates it in GW of output, CaRB3 in PJ/yr; capex / 31.54, because capacity is a full-output rating and the availability factor does not enter the rebasing"
chp_biomass_st,"Steam-turbine CHP, solid biomass",generator,service,STM,,solid_biomass,4,,152.072,9.7039,25,0.9,1,,1,,,FALSE,FALSE,comit_reuse,medium,"[CARB3_WE_FOODDRINK] 1.11 unit table; [COMIT_TAXONOMY_140] comit_sector_processes.csv, technology_code IFDCHPBIOS01 | [COMIT_WB_140] sheet Technologies, technology_code ICHCHPBIOS01/IFDCHPBIOS01/IISCHPBIOS01... (n=8 sector copies, capex 2486.64-9789.44, median taken) | basis: COMIT rates it in GW of output, CaRB3 in PJ/yr; capex / 31.54, because capacity is a full-output rating and the availability factor does not enter the rebasing | grade_out 4 (decided 2026-09-25 on PR #64, note 20 item 25), was 3: [EPA_CHP_ST] p4-2 and p4-7, a combined-cycle or back-pressure CHP supplies industrial process steam at 150-250 psig, 186-208 C (footnote 61) - band 4. The primary output stays heat_100_150, the band its coefficients were declared on; grade_out is the furthest band it can deliver (spec section 3.5)"
chp_coal_st,"Steam-turbine CHP, coal",generator,service,STM,,coal,4,,71.6247,1.7555,25,0.95,1,,1,,,FALSE,FALSE,comit_reuse,high,"[COMIT_TAXONOMY_140] comit_sector_processes.csv, technology_code ICHCHPCOA01 | [COMIT_WB_140] sheet Technologies, technology_code ICHCHPCOA01 | basis: COMIT rates it in GW of output, CaRB3 in PJ/yr; capex / 31.54, because capacity is a full-output rating and the availability factor does not enter the rebasing | grade_out 4 (decided 2026-09-25 on PR #64, note 20 item 25), was 3: [EPA_CHP_ST] p4-2 and p4-7, a combined-cycle or back-pressure CHP supplies industrial process steam at 150-250 psig, 186-208 C (footnote 61) - band 4. The primary output stays heat_100_150, the band its coefficients were declared on; grade_out is the furthest band it can deliver (spec section 3.5)"
chp_lpg_ccgt,"CCGT CHP, LPG",generator,service,STM,,lpg,4,,45.6806,1.0259,25,0.93,1,,1,,,FALSE,FALSE,comit_reuse,high,"[COMIT_TAXONOMY_140] comit_sector_processes.csv, technology_code ICHCHPLPG01 | [COMIT_WB_140] sheet Technologies, technology_code ICHCHPLPG01 | basis: COMIT rates it in GW of output, CaRB3 in PJ/yr; capex / 31.54, because capacity is a full-output rating and the availability factor does not enter the rebasing | grade_out 4 (decided 2026-09-25 on PR #64, note 20 item 25), was 3: [EPA_CHP_ST] p4-2 and p4-7, a combined-cycle or back-pressure CHP supplies industrial process steam at 150-250 psig, 186-208 C (footnote 61) - band 4. The primary output stays heat_100_150, the band its coefficients were declared on; grade_out is the furthest band it can deliver (spec section 3.5)"
chp_biomethane_ccgt,"CCGT CHP, biomethane",generator,service,STM,,biomethane,4,,45.6806,1.2103,25,0.93,1,,1,,,FALSE,FALSE,proxy,low,"[COMIT_TAXONOMY_140] comit_sector_processes.csv, technology_code ICHCHPCCGT01 fuel commodity IND_NGABOM = gas + biomethane; carrier.csv splits INDMAINSBOM out | [COMIT_WB_140] sheet Technologies, technology_code ICHCHPCCGT01 | basis: COMIT rates it in GW of output, CaRB3 in PJ/yr; capex / 31.54, because capacity is a full-output rating and the availability factor does not enter the rebasing | PROXY: no COMIT row for this fuel; taken from the natural-gas CCGT; COMIT's IND_NGABOM is gas and biomethane together | grade_out 4 (decided 2026-09-25 on PR #64, note 20 item 25), was 3: [EPA_CHP_ST] p4-2 and p4-7, a combined-cycle or back-pressure CHP supplies industrial process steam at 150-250 psig, 186-208 C (footnote 61) - band 4. The primary output stays heat_100_150, the band its coefficients were declared on; grade_out is the furthest band it can deliver (spec section 3.5)"
chp_bfg_gas_turbine,"Gas-turbine CHP, blast furnace gas",generator,service,STM,,blast_furnace_gas,4,,47.8335,0.9733,25,0.93,1,,1,,,FALSE,FALSE,comit_reuse,high,"[COMIT_TAXONOMY_140] comit_sector_processes.csv, technology_code IISCHPBFG01 | [COMIT_WB_140] sheet Technologies, technology_code IISCHPBFG01 | basis: COMIT rates it in GW of output, CaRB3 in PJ/yr; capex / 31.54, because capacity is a full-output rating and the availability factor does not enter the rebasing | grade_out 4 (decided 2026-09-25 on PR #64, note 20 item 25), was 3: [EPA_CHP_CT] section 3.1, gas turbine exhaust raises process steam ""as high as 1,200 psig and 900 F"", and the catalog's own cost basis is dry saturated steam at 150 psig, 186 C - band 4 (150-400 C). The primary output stays heat_100_150, the band its coefficients were declared on; grade_out is the furthest band it can deliver (spec section 3.5)"
chp_cog_gas_turbine,"Gas-turbine CHP, coke oven gas",generator,service,STM,,coke_oven_gas,4,,47.8335,0.9733,25,0.93,1,,1,,,FALSE,FALSE,comit_reuse,high,"[COMIT_TAXONOMY_140] comit_sector_processes.csv, technology_code IISCHPCOG01 | [COMIT_WB_140] sheet Technologies, technology_code IISCHPCOG01 | basis: COMIT rates it in GW of output, CaRB3 in PJ/yr; capex / 31.54, because capacity is a full-output rating and the availability factor does not enter the rebasing | grade_out 4 (decided 2026-09-25 on PR #64, note 20 item 25), was 3: [EPA_CHP_CT] section 3.1, gas turbine exhaust raises process steam ""as high as 1,200 psig and 900 F"", and the catalog's own cost basis is dry saturated steam at 150 psig, 186 C - band 4 (150-400 C). The primary output stays heat_100_150, the band its coefficients were declared on; grade_out is the furthest band it can deliver (spec section 3.5)"
chp_byproduct_ccgt,"CCGT CHP, refinery and chemicals by-product fuel",generator,service,STM,,petroleum_products_misc,4,,45.6806,1.0259,25,0.93,1,,1,,,FALSE,FALSE,comit_reuse,high,"[COMIT_TAXONOMY_140] comit_sector_processes.csv, technology_code ICHCHPPRO01 | [COMIT_WB_140] sheet Technologies, technology_code ICHCHPPRO01 | basis: COMIT rates it in GW of output, CaRB3 in PJ/yr; capex / 31.54, because capacity is a full-output rating and the availability factor does not enter the rebasing | grade_out 4 (decided 2026-09-25 on PR #64, note 20 item 25), was 3: [EPA_CHP_ST] p4-2 and p4-7, a combined-cycle or back-pressure CHP supplies industrial process steam at 150-250 psig, 186-208 C (footnote 61) - band 4. The primary output stays heat_100_150, the band its coefficients were declared on; grade_out is the furthest band it can deliver (spec section 3.5)"
dryer_direct_gas,"Direct-fired dryer, natural gas",converter,service,DRY,,natural_gas,4,,6.5598,0.1312,25,0.9823,1,,1,,,FALSE,FALSE,bref,low,"[CARB3_WE_FOODDRINK] 1.11 unit table; [COMIT_TAXONOMY_140] comit_sector_processes.csv, technology_code IFDDRYNGA01 | [COMIT_WB_140] sheet Technologies, technology_code ICHDRYNGA01/ICRDRYNGA01/IFDDRYNGA01... (n=6 sector copies, capex 1.57-9.27, median taken) | [BEIS_IFS2018] Industrial Fuel Switching Market Engagement Study (Element Energy and Jacobs for BEIS, December 2018), section 7.2 technology assumption tables, pp 64-66, row 'Natural gas fired furnace': capex 193.00 GBP/kW, fixed opex 3.86 GBP/kW/yr, lifetime 25 yr. No price base declared; report dated December 2018, so taken as 2018 money and deflated to 2021 by 95.1126/88.7354 = 1.07187 (COMIT workbook sheet gdp_deflators, 2022 = 100). 1 PJ/yr of capacity = 1e15 J / 31 536 000 s = 31709.8 kW, so 193.00 x 31709.8 x 1e-6 x 1.07187 = 6.5598 GBPm per PJ/yr. Replaces the COMIT value 1.5686 | PROXY within the source: the study has no dryer row; the gas-fired furnace is its nearest process-heating row"
dryer_direct_hydrogen,"Direct-fired dryer, hydrogen",converter,service,DRY,,hydrogen,4,,7.8854,0.15771,20,0.9823,1,,1,,,FALSE,FALSE,bref,low,"[CARB3_WE_FOODDRINK] 1.11 unit table; [COMIT_TAXONOMY_140] comit_sector_processes.csv, technology_code IFDDRYHDG01 | [COMIT_WB_140] sheet Technologies, technology_code ICHDRYHDG01/ICRDRYHDG01/IFDDRYHDG01... (n=6 sector copies, capex 1.86-12.05, median taken) | [BEIS_IFS2018] Industrial Fuel Switching Market Engagement Study (Element Energy and Jacobs for BEIS, December 2018), section 7.2 technology assumption tables, pp 64-66, row '100% H2 Fuel Heaters': capex 232.00 GBP/kW, fixed opex 4.64 GBP/kW/yr, lifetime 20 yr. No price base declared; report dated December 2018, so taken as 2018 money and deflated to 2021 by 95.1126/88.7354 = 1.07187 (COMIT workbook sheet gdp_deflators, 2022 = 100). 1 PJ/yr of capacity = 1e15 J / 31 536 000 s = 31709.8 kW, so 232.00 x 31709.8 x 1e-6 x 1.07187 = 7.8854 GBPm per PJ/yr. Replaces the COMIT value 1.8554 | PROXY within the source: the study has no dryer row; the hydrogen-fired heater is its nearest process-heating row"
dryer_direct_biomass,"Direct-fired dryer, solid biomass",converter,service,DRY,,solid_biomass,4,,2.1243,0.04249,25,0.9123,1,,1,,,FALSE,FALSE,bref,low,"[COMIT_TAXONOMY_140] comit_sector_processes.csv, technology_code IFDDRYBIOS01 | [COMIT_WB_140] sheet Technologies, technology_code ICHDRYBIOS01/IFDDRYBIOS01/IOIDRYBIOS01... (n=5 sector copies, capex 10.12-13.49, median taken) | [BEIS_IFS2018] Industrial Fuel Switching Market Engagement Study (Element Energy and Jacobs for BEIS, December 2018), section 7.2 technology assumption tables, pp 64-66, row 'Direct Biomass Combustion': capex 62.50 GBP/kW, fixed opex 1.25 GBP/kW/yr, lifetime 25 yr. No price base declared; report dated December 2018, so taken as 2018 money and deflated to 2021 by 95.1126/88.7354 = 1.07187 (COMIT workbook sheet gdp_deflators, 2022 = 100). 1 PJ/yr of capacity = 1e15 J / 31 536 000 s = 31709.8 kW, so 62.50 x 31709.8 x 1e-6 x 1.07187 = 2.1243 GBPm per PJ/yr. Replaces the COMIT value 10.1202 | PROXY within the source: the study has no dryer row; direct biomass combustion is its nearest row"
dryer_direct_coal,"Direct-fired dryer, coal",converter,service,DRY,,coal,4,,8.1614,0.61211,25,0.9707,1,,1,,,FALSE,FALSE,comit_reuse,medium,"[COMIT_TAXONOMY_140] comit_sector_processes.csv, technology_code IFDDRYHCO01 | [COMIT_WB_140] sheet Technologies, technology_code IFDDRYHCO01/IOIDRYHCO01/ITXDRYHCO01 (n=3 sector copies, capex 8.16-10.88, median taken)"
dryer_direct_lpg,"Direct-fired dryer, LPG",converter,service,DRY,,lpg,4,,1.5686,0.03137,25,0.9823,1,,1,,,FALSE,FALSE,comit_reuse,medium,"[COMIT_TAXONOMY_140] comit_sector_processes.csv, technology_code IFDDRYLPG01 | [COMIT_WB_140] sheet Technologies, technology_code ICHDRYLPG01/IFDDRYLPG01/IOIDRYLPG01... (n=5 sector copies, capex 1.57-2.28, median taken)"
dryer_electric,Electric dryer,converter,service,DRY,,electricity,4,,4.0786,0.08157,15,0.9862,1,,1,,,FALSE,FALSE,bref,low,"[CARB3_WE_FOODDRINK] 1.11 unit table; [COMIT_TAXONOMY_140] comit_sector_processes.csv, technology_code IFDDRYELC01 | [COMIT_WB_140] sheet Technologies, technology_code ICHDRYELC01/ICRDRYELC01/IFDDRYELC01... (n=6 sector copies, capex 3.86-21.64, median taken) | [BEIS_IFS2018] Industrial Fuel Switching Market Engagement Study (Element Energy and Jacobs for BEIS, December 2018), section 7.2 technology assumption tables, pp 64-66, row 'Electric Process Heater': capex 120.00 GBP/kW, fixed opex 2.40 GBP/kW/yr, lifetime 15 yr. No price base declared; report dated December 2018, so taken as 2018 money and deflated to 2021 by 95.1126/88.7354 = 1.07187 (COMIT workbook sheet gdp_deflators, 2022 = 100). 1 PJ/yr of capacity = 1e15 J / 31 536 000 s = 31709.8 kW, so 120.00 x 31709.8 x 1e-6 x 1.07187 = 4.0786 GBPm per PJ/yr. Replaces the COMIT value 3.8571 | PROXY within the source: the study has no dryer row; the electric process heater is its nearest row"
dryer_heat_pump,Heat-pump dryer,converter,service,DRY,,electricity,4,,15.2949,0.3059,20,0.9808,1,,1,,,FALSE,FALSE,bref,low,"[COMIT_TAXONOMY_140] comit_sector_processes.csv, technology_code IFDDRYELCHP01 | [COMIT_WB_140] sheet Technologies, technology_code ICHDRYELCHP01/ICRDRYELCHP01/IFDDRYELCHP01... | [BEIS_IFS2018] Industrial Fuel Switching Market Engagement Study (Element Energy and Jacobs for BEIS, December 2018), section 7.2 technology assumption tables, pp 64-66, row 'CL Heat Pump': capex 450.00 GBP/kW, fixed opex 9.00 GBP/kW/yr, lifetime 20 yr. No price base declared; report dated December 2018, so taken as 2018 money and deflated to 2021 by 95.1126/88.7354 = 1.07187 (COMIT workbook sheet gdp_deflators, 2022 = 100). 1 PJ/yr of capacity = 1e15 J / 31 536 000 s = 31709.8 kW, so 450.00 x 31709.8 x 1e-6 x 1.07187 = 15.2949 GBPm per PJ/yr. Replaces the COMIT value 25.4549 | PROXY within the source: the study has no heat-pump dryer row; the closed-loop heat pump is its nearest row"
dryer_steam,Steam-heated dryer,converter,service,DRY,,,3,,0,0,25,0.9,1,,1,,,FALSE,FALSE,comit_reuse,medium,"[COMIT_TAXONOMY_140] comit_sector_processes.csv, technology_code IFDDRYSTM01 | [COMIT_WB_140] sheet Technologies, technology_code ICHDRYSTM01/IFDDRYSTM01/IOIDRYSTM01... | grade_out 3 and primary output heat_100_150, input heat_150_400 (decided 2026-09-26 on PR #64, note 20 item 64), were 4, heat_150_400 and heat_100_150: the COMIT row made hotter heat than it drew with no work input. A steam-heated dryer delivers below its steam: paper-machine drying cylinders run on steam up to about 75 psig, 160 C ([VOITH_US5379528]), and [BEIS_IFS2018] Table 6 puts steam-heated drying on high-pressure steam at 190-240 C in refining"
motor_elec,Electric motor drive,converter,service,MOT,,electricity,,,2.8679,0.0717,20,0.95,1,,1,,,FALSE,FALSE,comit_reuse,medium,"[CARB3_WE_CEMENT] 1.11 unit table; [CARB3_WE_FOODDRINK] 1.11 unit table; [COMIT_TAXONOMY_140] comit_sector_processes.csv, technology_code IFDMOTELC01 | [COMIT_WB_140] sheet Technologies, technology_code ICHMOTELC01/ICRMOTELC01/IEEMOTELC01..."
chiller_electric,Electric refrigeration plant (HFC refrigerant),converter,service,REF,,electricity,2,,30.3413,0.23659,10,0.9,1,,1,,,FALSE,FALSE,comit_reuse,medium,"[CARB3_WE_FOODDRINK] 1.11 unit table; [COMIT_TAXONOMY_140] comit_sector_processes.csv, technology_code IFDREFEHFC01 | [COMIT_WB_140] sheet Technologies, technology_code ICHREFEHFC01/IFDREFEHFC01 (n=2 sector copies, capex 2.37-58.32, median taken) | grade_out 2 (note 22 Task 3, 2026-09-25): its coldest band is cooling_0_15, chilled water (spec section 3.5: the lowest cooling rank it reaches); [CARB3_WE_FOOD] puts this chiller on chilled water with no freezer store"
chiller_electric_hfo,Advanced electric refrigeration plant (HFO refrigerant),converter,service,REF,,electricity,2,,2.0174,0.20174,10,0.9,1,,1,,,FALSE,FALSE,comit_reuse,high,"[COMIT_TAXONOMY_140] comit_sector_processes.csv, technology_code ICHREFEHFO01 | [COMIT_WB_140] sheet Technologies, technology_code ICHREFEHFO01 | grade_out 2 (note 22 Task 3, 2026-09-25): its coldest band is cooling_0_15, chilled water (spec section 3.5: the lowest cooling rank it reaches); [CARB3_WE_FOOD] puts this chiller on chilled water with no freezer store"
chiller_electric_lt0,"Electric process chiller, sub-zero (medium-temperature, -8 C outlet)",converter,service,REF,,electricity,1,,30.3413,0.23659,10,0.9,1,,1,,,FALSE,FALSE,proxy,low,"Added note 22 Task 10, 2026-09-25 (Task 4): the cooling_lt0 band had no unit. grade_out 1: rated at a -8 C process-fluid outlet, the medium-temperature process chiller of Regulation (EU) 2015/1095 as summarised in [CIAT_ECODESIGN]. Costs are a proxy, copied from chiller_electric ([COMIT_WB_140] ICHREFEHFC01/IFDREFEHFC01): no source separates a sub-zero plant's capex, fixed opex or life from a chilled-water one's"
cooling_tower_wet,Open wet cooling tower with recirculating cooling water,converter,service,REF,,electricity,3,,6.4847,0.22696,20,0.9,1,,1,,,FALSE,TRUE,bref,low,"Added decided 2026-09-26 on PR #64 (note 20 item 62): the cooling_gt15 band had no unit. grade_out 3: an open recirculating system reaches a process end temperature of 27-36 C ([ICS_BREF2001] Table 2.1), ambient heat rejection above 15 C. Capex: [ICS_BREF2001] Annex X Table X.2, recirculating with open wet cooling tower, total investment 89-266 thousand EUR/MWth (1993-1995); midpoint 177.5 EUR/kWth, to pounds at 1.4493 ([ONS_THAP] 1997, the series' first year: no 1995 euro rate exists) and 1995 to 2021 by 95.1126/56.9617 (COMIT gdp_deflators): 204.50 GBP/kW x 31709.8 kW per PJ/yr. Fixed opex: maintenance 3.5% of the investment (Table X.2 note 5). Lifetime 20 yr: [ASHRAE_LIFE], cooling towers, galvanized metal. availability_factor 0.9 is chiller_electric's, a proxy: no source gives one. draws_ambient TRUE: the heat goes to ambient air by evaporation. Confidence low: 1990s Dutch costs, converted across a gap of two years in the exchange rate"
generic_process_gas,"Other process energy service, natural gas",converter,service,OTH,,natural_gas,,,4.4022,0.08973,25,0.9823,1,,1,,,FALSE,FALSE,comit_reuse,medium,"[COMIT_TAXONOMY_140] comit_sector_processes.csv, technology_code IFDOTHNGA01 | [COMIT_WB_140] sheet Technologies, technology_code ICHOTHNGA01/ICNOTHNGA01/ICROTHNGA01... (n=10 sector copies, capex 1.57-4.49, median taken)"
generic_process_hydrogen,"Other process energy service, hydrogen",converter,service,OTH,,hydrogen,,,5.6571,0.16993,25,0.9823,1,,1,,,FALSE,FALSE,comit_reuse,medium,"[COMIT_TAXONOMY_140] comit_sector_processes.csv, technology_code IFDOTHHDG01 | [COMIT_WB_140] sheet Technologies, technology_code ICHOTHHDG01/ICNOTHHDG01/ICROTHHDG01... (n=10 sector copies, capex 1.86-5.70, median taken)"
generic_process_biomass,"Other process energy service, solid biomass",converter,service,OTH,,solid_biomass,,,16.8669,1.26502,25,0.9123,1,,1,,,FALSE,FALSE,comit_reuse,medium,"[COMIT_TAXONOMY_140] comit_sector_processes.csv, technology_code IFDOTHBIOS01 | [COMIT_WB_140] sheet Technologies, technology_code ICHOTHBIOS01/ICNOTHBIOS01/ICROTHBIOS01... (n=10 sector copies, capex 9.69-20.24, median taken)"
generic_process_coal,"Other process energy service, coal",converter,service,OTH,,coal,,,16.3228,1.22421,25,0.9707,1,,1,,,FALSE,FALSE,comit_reuse,medium,"[COMIT_TAXONOMY_140] comit_sector_processes.csv, technology_code IFDOTHHCO01 | [COMIT_WB_140] sheet Technologies, technology_code ICNOTHHCO01/IEEOTHHCO01/IFDOTHHCO01... (n=7 sector copies, capex 8.16-16.32, median taken)"
generic_process_lpg,"Other process energy service, LPG",converter,service,OTH,,lpg,,,4.3178,0.08973,25,0.9823,1,,1,,,FALSE,FALSE,comit_reuse,medium,"[COMIT_TAXONOMY_140] comit_sector_processes.csv, technology_code IFDOTHLPG01 | [COMIT_WB_140] sheet Technologies, technology_code ICHOTHLPG01/ICNOTHLPG01/IEEOTHLPG01... (n=9 sector copies, capex 1.57-4.49, median taken)"
generic_process_elec,"Other process energy service, electricity",converter,service,OTH,,electricity,,,5.2678,0.01939,25,0.9862,1,,1,,,FALSE,FALSE,comit_reuse,medium,"[COMIT_TAXONOMY_140] comit_sector_processes.csv, technology_code IFDOTHELC01 | [COMIT_WB_140] sheet Technologies, technology_code ICHOTHELC01/ICNOTHELC01/ICROTHELC01... (n=10 sector copies, capex 3.86-5.61, median taken)"
generic_process_steam,"Other process energy service, site steam",converter,service,OTH,,,,,0,0,25,0.9,1,,1,,,FALSE,FALSE,comit_reuse,medium,"[COMIT_TAXONOMY_140] comit_sector_processes.csv, technology_code IFDOTHSTM01 | [COMIT_WB_140] sheet Technologies, technology_code ICHOTHSTM01/IFDOTHSTM01/IOIOTHSTM01..."
electrolyser_alkaline,Alkaline electrolyser,converter,service,EN,,electricity,,,41.8093,1.03973,30,0.95,1,,1,,,FALSE,FALSE,comit_reuse,high,"[COMIT_TAXONOMY_140] comit_sector_processes.csv, technology_code PHYGEYALSL01 | [COMIT_WB_140] sheet Technologies, technology_code PHYGEYALSL01"
electrolyser_pem,PEM electrolyser,converter,service,EN,,electricity,,,46.6254,1.22505,30,0.95,1,,1,,,FALSE,FALSE,comit_reuse,high,"[COMIT_TAXONOMY_140] comit_sector_processes.csv, technology_code PHYGEYSL01 | [COMIT_WB_140] sheet Technologies, technology_code PHYGEYSL01"
electrolyser_soec,Solid-oxide electrolyser,converter,service,EN,,electricity,,,34.8692,1.56894,30,0.93,1,,1,,,FALSE,FALSE,comit_reuse,high,"[COMIT_TAXONOMY_140] comit_sector_processes.csv, technology_code PHYGEYSOEL01 | [COMIT_WB_140] sheet Technologies, technology_code PHYGEYSOEL01"
smr_gas_ccs,Steam methane reformer with CCS,converter,service,EN,,natural_gas,,,39.9723,1.20217,40,0.95,1,,0.1,,,FALSE,FALSE,comit_reuse,high,"[COMIT_TAXONOMY_140] comit_sector_processes.csv, technology_code PHYGNGALQ01 | [COMIT_WB_140] sheet Technologies, technology_code PHYGNGALQ01"
atr_gas_ccs,Autothermal reformer with CCS,converter,service,EN,,natural_gas,,,39.1895,1.46961,40,0.95,1,,0.1,,,FALSE,FALSE,comit_reuse,high,"[COMIT_TAXONOMY_140] comit_sector_processes.csv, technology_code PHYGNGALQ02 | [COMIT_WB_140] sheet Technologies, technology_code PHYGNGALQ02"
gasifier_biomass_ccs,Biomass gasifier with CCS,converter,service,EN,,wood_pellets,,,40.2058,1.70875,25,0.9,1,,0.1,,,FALSE,FALSE,comit_reuse,high,"[COMIT_TAXONOMY_140] comit_sector_processes.csv, technology_code PHYGBPELQ01 | [COMIT_WB_140] sheet Technologies, technology_code PHYGBPELQ01"
gasifier_coal_ccs,Coal gasifier with CCS,converter,service,EN,,coal,,,63.0389,3.15195,25,0.9,1,,0.1,,,FALSE,FALSE,comit_reuse,high,"[COMIT_TAXONOMY_140] comit_sector_processes.csv, technology_code PHYGCOAQ01 | [COMIT_WB_140] sheet Technologies, technology_code PHYGCOAQ01"
rolling_mill_reheat_gas,"Caster and hot rolling mill, natural gas reheat",converter,service,HRS,hot_rolling_mill,natural_gas,,,258.5293,6.46323,25,0.9,1,,1,,,FALSE,FALSE,comit_reuse,high,"[COMIT_TAXONOMY_140] comit_sector_processes.csv, technology_code IISCASHRM01 | [COMIT_WB_140] sheet Technologies, technology_code IISCASHRM01"
rolling_mill_reheat_hydrogen,"Caster and hot rolling mill, hydrogen reheat",converter,service,HRS,hot_rolling_mill,hydrogen,,,336.0881,8.4022,20,0.9,1,,1,,,FALSE,FALSE,comit_reuse,high,"[COMIT_TAXONOMY_140] comit_sector_processes.csv, technology_code IISCASHRHYM01 | [COMIT_WB_140] sheet Technologies, technology_code IISCASHRHYM01"
refinery_process_heat_gas,"Refinery process-heat CCGT, natural gas",generator,service,PHEAT,other_units,natural_gas,4,,45.6805,1.0259,25,0.9,1,,1,,,FALSE,FALSE,comit_reuse,high,"[COMIT_TAXONOMY_140] comit_sector_processes.csv, technology_code PCHP-CCP01 | [COMIT_WB_140] sheet Technologies, technology_code PCHP-CCP01 | basis: COMIT rates it in GW of output, CaRB3 in PJ/yr; capex / 31.54, because capacity is a full-output rating and the availability factor does not enter the rebasing"
non_energy_use_feedstock,"Non-energy fuel use (feedstock), fossil",converter,service,NEUOTH,,petroleum_products_misc,,,0,0,100,1,1,,1,,,FALSE,FALSE,comit_reuse,high,"[COMIT_TAXONOMY_140] comit_sector_processes.csv, technology_code ICHNEUOTH01 | [COMIT_WB_140] sheet Technologies, technology_code ICHNEUOTH01"
kiln_dry_coal,"Dry preheater clinker kiln, coal (COMIT ICMKLND01)",converter,chemistry,,kiln_pyroprocessing,coal,,,114.7832,4.01633,30,0.913,1,,1,,,FALSE,FALSE,comit_reuse,high,"[CARB3_WE_CEMENT] 1.11 unit table; [COMIT_TAXONOMY_140] comit_sector_processes.csv, technology_code ICMKLND01 | [COMIT_WB_140] sheet Technologies, technology_code ICMKLND01"
kiln_dry_gas,"Dry preheater clinker kiln, natural gas (COMIT ICMKLND01)",converter,chemistry,,kiln_pyroprocessing,natural_gas,,,114.7832,4.01633,30,0.913,1,,1,,,FALSE,FALSE,comit_reuse,high,"[CARB3_WE_CEMENT] 1.11 unit table; [COMIT_TAXONOMY_140] comit_sector_processes.csv, technology_code ICMKLND01 | [COMIT_WB_140] sheet Technologies, technology_code ICMKLND01"
kiln_dry_wdf,"Dry preheater clinker kiln, waste-derived fuel (COMIT ICMKLND01)",converter,chemistry,,kiln_pyroprocessing,waste_derived_fuel,,,114.7832,4.01633,30,0.913,1,,1,,,FALSE,FALSE,comit_reuse,high,"[CARB3_WE_CEMENT] 1.11 unit table; [COMIT_TAXONOMY_140] comit_sector_processes.csv, technology_code ICMKLND01 | [COMIT_WB_140] sheet Technologies, technology_code ICMKLND01"
kiln_dry_oil,"Dry preheater clinker kiln, heavy fuel oil (COMIT ICMKLND01)",converter,chemistry,,kiln_pyroprocessing,heavy_fuel_oil,,,114.7832,4.01633,30,0.913,1,,1,,,FALSE,FALSE,comit_reuse,high,"[COMIT_TAXONOMY_140] comit_sector_processes.csv, technology_code ICMKLND01 emitting_fuel_commodities includes INDHFO/INDLFO | [COMIT_WB_140] sheet Technologies, technology_code ICMKLND01"
kiln_fluidbed_wdf,Fluidised-bed clinker kiln with waste utilisation (COMIT ICMKLNWST02),converter,chemistry,,kiln_pyroprocessing,waste_derived_fuel,,,287.819,15.14622,30,0.9,1,,1,,,FALSE,FALSE,comit_reuse,high,"[CARB3_WE_CEMENT] 1.11 unit table; [COMIT_TAXONOMY_140] comit_sector_processes.csv, technology_code ICMKLNWST02 | [COMIT_WB_140] sheet Technologies, technology_code ICMKLNWST02"
kiln_calcium_looping_coal,"Calcium-looping clinker kiln, coal (COMIT ICMKLNCLQ01)",converter,chemistry,,kiln_pyroprocessing,coal,,,492.9758,12.32439,30,0.913,1,,0.1,,,FALSE,FALSE,comit_reuse,high,"[CARB3_WE_CEMENT] 1.11 unit table; [COMIT_TAXONOMY_140] comit_sector_processes.csv, technology_code ICMKLNCLQ01 | [COMIT_WB_140] sheet Technologies, technology_code ICMKLNCLQ01"
ccs_amine,"Post-combustion MEA amine capture train, cement kiln (COMIT ICMKLNMNQ01)",abatement,chemistry,,kiln_pyroprocessing,natural_gas,,,354.5981,8.86495,30,0.913,1,,1,,,FALSE,FALSE,comit_reuse,high,"[CARB3_WE_CEMENT] 1.11 unit table; [COMIT_TAXONOMY_140] comit_sector_processes.csv, technology_code ICMKLNMNQ01 | [COMIT_WB_140] sheet Technologies, technology_code ICMKLNMNQ01"
ccs_amine_mdea,"Advanced MDEA amine capture train, cement kiln (COMIT ICMKLNMAQ02)",abatement,chemistry,,kiln_pyroprocessing,natural_gas,,,290.9789,5.85283,30,0.913,1,,1,,,FALSE,FALSE,comit_reuse,high,"[CARB3_WE_CEMENT] 1.11 unit table; [COMIT_TAXONOMY_140] comit_sector_processes.csv, technology_code ICMKLNMAQ02 | [COMIT_WB_140] sheet Technologies, technology_code ICMKLNMAQ02"
ccs_amine_coal_chp,"MEA amine capture train with coal CHP, cement kiln (COMIT ICMKLNMCQ01)",abatement,chemistry,,kiln_pyroprocessing,coal,,,430.7354,10.76838,30,0.913,1,,1,,,FALSE,FALSE,comit_reuse,high,"[COMIT_TAXONOMY_140] comit_sector_processes.csv, technology_code ICMKLNMCQ01 | [COMIT_WB_140] sheet Technologies, technology_code ICMKLNMCQ01"
ccs_oxyfuel,"Full oxyfuel capture, cement kiln (COMIT ICMKLNOXQ01)",abatement,chemistry,,kiln_pyroprocessing,electricity,,,280.2462,7.00615,30,0.913,1,,1,,,FALSE,FALSE,comit_reuse,high,"[CARB3_WE_CEMENT] 1.11 unit table; [COMIT_TAXONOMY_140] comit_sector_processes.csv, technology_code ICMKLNOXQ01 | [COMIT_WB_140] sheet Technologies, technology_code ICMKLNOXQ01"
ccs_oxyfuel_partial,"Partial oxyfuel capture, cement kiln (COMIT ICMKLNPOQ01)",abatement,chemistry,,kiln_pyroprocessing,electricity,,,221.0775,5.52694,30,0.913,1,,1,,,FALSE,FALSE,comit_reuse,high,"[CARB3_WE_CEMENT] 1.11 unit table; [COMIT_TAXONOMY_140] comit_sector_processes.csv, technology_code ICMKLNPOQ01 | [COMIT_WB_140] sheet Technologies, technology_code ICMKLNPOQ01"
grinder_mixer_elec,"Cement grinding and mixing, electric (COMIT ICMGRIMIX01)",converter,chemistry,,cement_grinding,electricity,,,28.3319,1.13747,30,0.913,1,,1,,,FALSE,FALSE,comit_reuse,high,"[CARB3_WE_CEMENT] 1.11 unit table; [COMIT_TAXONOMY_140] comit_sector_processes.csv, technology_code ICMGRIMIX01 | [COMIT_WB_140] sheet Technologies, technology_code ICMGRIMIX01"
grinder_mixer_clinker_sub_elec,"Cement grinding with increased clinker substitution, electric (COMIT ICMGRIMIX02)",converter,chemistry,,cement_grinding,electricity,,,28.3319,1.13747,30,0.913,1,,1,,,FALSE,FALSE,comit_reuse,high,"[CARB3_WE_CEMENT] 1.11 unit table; [COMIT_TAXONOMY_140] comit_sector_processes.csv, technology_code ICMGRIMIX02 | [COMIT_WB_140] sheet Technologies, technology_code ICMGRIMIX02"
cement_lowcarbon_elec,"Alternative low-carbon cement, electric (COMIT ICMLOCARB01)",converter,chemistry,,cement_grinding,electricity,,,345.8535,25.06946,30,0.913,1,,1,,,FALSE,FALSE,comit_reuse,high,"[CARB3_WE_CEMENT] 1.11 unit table; [COMIT_TAXONOMY_140] comit_sector_processes.csv, technology_code ICMLOCARB01 | [COMIT_WB_140] sheet Technologies, technology_code ICMLOCARB01"
lime_kiln_dry_gas,"Dry lime kiln, natural gas (COMIT ILMKLND01)",converter,chemistry,,kiln_calcination,natural_gas,,,243.0131,6.07533,30,0.913,1,,1,,,FALSE,FALSE,comit_reuse,high,"[COMIT_TAXONOMY_140] comit_sector_processes.csv, technology_code ILMKLND01 | [COMIT_WB_140] sheet Technologies, technology_code ILMKLND01"
lime_kiln_dry_coal,"Dry lime kiln, coal (COMIT ILMKLND01)",converter,chemistry,,kiln_calcination,coal,,,243.0131,6.07533,30,0.913,1,,1,,,FALSE,FALSE,comit_reuse,high,"[COMIT_TAXONOMY_140] comit_sector_processes.csv, technology_code ILMKLND01 | [COMIT_WB_140] sheet Technologies, technology_code ILMKLND01"
lime_kiln_dry_wdf,"Dry lime kiln, waste-derived fuel (COMIT ILMKLND01)",converter,chemistry,,kiln_calcination,waste_derived_fuel,,,243.0131,6.07533,30,0.913,1,,1,,,FALSE,FALSE,comit_reuse,high,"[COMIT_TAXONOMY_140] comit_sector_processes.csv, technology_code ILMKLND01 | [COMIT_WB_140] sheet Technologies, technology_code ILMKLND01"
lime_kiln_fluidbed_wdf,Fluidised-bed lime kiln with waste utilisation (COMIT ILMKLNWST02),converter,chemistry,,kiln_calcination,waste_derived_fuel,,,287.819,15.14622,30,0.9,1,,1,,,FALSE,FALSE,comit_reuse,high,"[COMIT_TAXONOMY_140] comit_sector_processes.csv, technology_code ILMKLNWST02 | [COMIT_WB_140] sheet Technologies, technology_code ILMKLNWST02"
lime_kiln_calcium_looping_coal,"Calcium-looping lime kiln, coal (COMIT ILMKLNCLQ01)",converter,chemistry,,kiln_calcination,coal,,,621.2057,10.4003,30,0.913,1,,0.1,,,FALSE,FALSE,comit_reuse,high,"[COMIT_TAXONOMY_140] comit_sector_processes.csv, technology_code ILMKLNCLQ01 | [COMIT_WB_140] sheet Technologies, technology_code ILMKLNCLQ01"
ccs_amine_lime,"MEA amine capture train, lime kiln (COMIT ILMKLNMNQ01)",abatement,chemistry,,kiln_calcination,natural_gas,,,542.3573,8.68868,30,0.913,1,,1,,,FALSE,FALSE,comit_reuse,high,"[COMIT_TAXONOMY_140] comit_sector_processes.csv, technology_code ILMKLNMNQ01 | [COMIT_WB_140] sheet Technologies, technology_code ILMKLNMNQ01"
ccs_oxyfuel_lime,"Full oxyfuel capture, lime kiln (COMIT ILMKLNOXQ01)",abatement,chemistry,,kiln_calcination,electricity,,,408.4761,4.55023,30,0.913,1,,1,,,FALSE,FALSE,comit_reuse,high,"[COMIT_TAXONOMY_140] comit_sector_processes.csv, technology_code ILMKLNOXQ01 | [COMIT_WB_140] sheet Technologies, technology_code ILMKLNOXQ01"
lime_grinder_elec,"Lime grinding and mixing, electric (COMIT ILMGRIMIX01)",converter,chemistry,,lime_grinding_milling,electricity,,,28.3319,1.13747,30,0.913,1,,1,,,FALSE,FALSE,comit_reuse,high,"[COMIT_TAXONOMY_140] comit_sector_processes.csv, technology_code ILMGRIMIX01 | [COMIT_WB_140] sheet Technologies, technology_code ILMGRIMIX01"
lime_grinder_sub_elec,"Lime grinding with increased substitution, electric (COMIT ILMGRIMIX02)",converter,chemistry,,lime_grinding_milling,electricity,,,28.3319,1.13747,30,0.913,1,,1,,,FALSE,FALSE,comit_reuse,high,"[COMIT_TAXONOMY_140] comit_sector_processes.csv, technology_code ILMGRIMIX02 | [COMIT_WB_140] sheet Technologies, technology_code ILMGRIMIX02"
lime_lowcarbon_elec,"Alternative low-carbon lime, electric (COMIT ILMLOCARB01)",converter,chemistry,,lime_grinding_milling,electricity,,,345.8535,25.06946,30,0.913,1,,1,,,FALSE,FALSE,comit_reuse,high,"[COMIT_TAXONOMY_140] comit_sector_processes.csv, technology_code ILMLOCARB01 | [COMIT_WB_140] sheet Technologies, technology_code ILMLOCARB01"
steam_cracker_gas,"Steam cracker for high-value chemicals, natural gas (COMIT ICHHVCSCE01)",converter,chemistry,,reaction_heating,natural_gas,,,608.7415,15.21854,25,0.9178,1,,1,,,FALSE,FALSE,comit_reuse,high,"[COMIT_TAXONOMY_140] comit_sector_processes.csv, technology_code ICHHVCSCE01 | [COMIT_WB_140] sheet Technologies, technology_code ICHHVCSCE01"
steam_cracker_naphtha,Oil naphtha steam cracker (COMIT ICHHVCSCN01),converter,chemistry,,reaction_heating,petroleum_products_misc,,,815.9567,20.39892,25,0.9178,1,,1,,,FALSE,FALSE,comit_reuse,high,"[COMIT_TAXONOMY_140] comit_sector_processes.csv, technology_code ICHHVCSCN01 | [COMIT_WB_140] sheet Technologies, technology_code ICHHVCSCN01"
steam_cracker_byproduct,Oil by-product catalytic cracker (COMIT ICHHVCSCO01),converter,chemistry,,reaction_heating,petroleum_products_misc,,,712.3491,17.80873,15,0.9178,1,,1,,,FALSE,FALSE,comit_reuse,high,"[COMIT_TAXONOMY_140] comit_sector_processes.csv, technology_code ICHHVCSCO01 | [COMIT_WB_140] sheet Technologies, technology_code ICHHVCSCO01"
steam_cracker_elec,Electric steam cracker (COMIT ICHHVCSCELEC01),converter,chemistry,,reaction_heating,electricity,,,712.3491,17.80873,25,0.9178,1,,1,,,FALSE,FALSE,comit_reuse,high,"[COMIT_TAXONOMY_140] comit_sector_processes.csv, technology_code ICHHVCSCELEC01 | [COMIT_WB_140] sheet Technologies, technology_code ICHHVCSCELEC01"
steam_cracker_hydrogen,Hydrogen-fired steam cracker (COMIT ICHHVCSCHYD01),converter,chemistry,,reaction_heating,hydrogen,,,712.3491,17.80873,20,0.9178,1,,1,,,FALSE,FALSE,comit_reuse,high,"[COMIT_TAXONOMY_140] comit_sector_processes.csv, technology_code ICHHVCSCHYD01 | [COMIT_WB_140] sheet Technologies, technology_code ICHHVCSCHYD01"
ccs_amine_hvc_gas,"Post-combustion capture on a steam cracker, natural gas reboiler (COMIT ICHHVCSCQG01)",abatement,chemistry,,reaction_heating,natural_gas,,,1044.1363,50.98744,25,0.9178,1,,1,,,FALSE,FALSE,comit_reuse,high,"[COMIT_TAXONOMY_140] comit_sector_processes.csv, technology_code ICHHVCSCQG01 | [COMIT_WB_140] sheet Technologies, technology_code ICHHVCSCQG01"
ccs_amine_hvc_biomass,"Post-combustion capture on a steam cracker, biomass co-firing (COMIT ICHHVCSCQB01)",abatement,chemistry,,reaction_heating,wood_pellets,,,1110.4937,54.22782,25,0.9178,1,,1,,,FALSE,FALSE,comit_reuse,high,"[COMIT_TAXONOMY_140] comit_sector_processes.csv, technology_code ICHHVCSCQB01 | [COMIT_WB_140] sheet Technologies, technology_code ICHHVCSCQB01"
ccs_amine_hvc_elec,Post-combustion capture on an electric steam cracker (COMIT ICHHVCSCQE01),abatement,chemistry,,reaction_heating,electricity,,,1044.1363,50.98744,25,0.9178,1,,1,,,FALSE,FALSE,comit_reuse,high,"[COMIT_TAXONOMY_140] comit_sector_processes.csv, technology_code ICHHVCSCQE01 | [COMIT_WB_140] sheet Technologies, technology_code ICHHVCSCQE01"
ammonia_smr_gas,"Steam reformer for ammonia, natural gas (COMIT ICHAMMSRS01)",converter,chemistry,,,natural_gas,,,146.2741,3.65685,25,0.9016,1,,1,,,FALSE,FALSE,comit_reuse,high,"[COMIT_TAXONOMY_140] comit_sector_processes.csv, technology_code ICHAMMSRS01 | [COMIT_WB_140] sheet Technologies, technology_code ICHAMMSRS01"
ccs_amine_ammonia,Capture train on an ammonia steam reformer (COMIT ICHAMMSRQ01),abatement,chemistry,,,natural_gas,,,353.3418,8.83354,25,0.9016,1,,1,,,FALSE,FALSE,comit_reuse,high,"[COMIT_TAXONOMY_140] comit_sector_processes.csv, technology_code ICHAMMSRQ01 | [COMIT_WB_140] sheet Technologies, technology_code ICHAMMSRQ01"
blast_furnace_coke,"Blast furnace ironmaking, coke (COMIT IISBLAFUR01)",converter,chemistry,,blast_furnace_ironmaking,coke,,,267.3319,27.1518,25,0.85,1,,1,,,FALSE,FALSE,comit_reuse,high,"[COMIT_TAXONOMY_140] comit_sector_processes.csv, technology_code IISBLAFUR01 | [COMIT_WB_140] sheet Technologies, technology_code IISBLAFUR01"
hisarna_coal,"HIsarna smelting reduction, coal (COMIT IISHISAR01)",converter,chemistry,,blast_furnace_ironmaking,coal,,,867.751,97.36204,25,0.85,1,,1,,,FALSE,FALSE,comit_reuse,high,"[COMIT_TAXONOMY_140] comit_sector_processes.csv, technology_code IISHISAR01 | [COMIT_WB_140] sheet Technologies, technology_code IISHISAR01"
tgr_blast_furnace_coke,"Top-gas-recovery blast furnace, coke (COMIT IISTGRBF01)",converter,chemistry,,blast_furnace_ironmaking,coke,,,597.4059,66.16838,25,0.85,1,,1,,,FALSE,FALSE,comit_reuse,high,"[COMIT_TAXONOMY_140] comit_sector_processes.csv, technology_code IISTGRBF01 | [COMIT_WB_140] sheet Technologies, technology_code IISTGRBF01"
ccs_amine_ironmaking,Capture train on ironmaking (COMIT IISHISARQ01 / IISTGRBFQ01),abatement,chemistry,,blast_furnace_ironmaking,natural_gas,,,908.3973,142.73464,25,0.85,1,,1,,,FALSE,FALSE,comit_reuse,high,"[COMIT_TAXONOMY_140] comit_sector_processes.csv, technology_code IISHISARQ01; [COMIT_TAXONOMY_140] comit_sector_processes.csv, technology_code IISTGRBFQ01 | [COMIT_WB_140] sheet Technologies, technology_code IISHISARQ01"
bof_converter_cog,"Basic oxygen furnace, coke oven gas (COMIT IISBOXFUR01)",converter,chemistry,,bof_steelmaking,coke_oven_gas,,,183.3558,18.62981,25,0.85,1,,1,,,FALSE,FALSE,comit_reuse,high,"[COMIT_TAXONOMY_140] comit_sector_processes.csv, technology_code IISBOXFUR01 | [COMIT_WB_140] sheet Technologies, technology_code IISBOXFUR01"
eaf_elec,Electric arc furnace (COMIT IISELAFUR01),converter,chemistry,,eaf_melting,electricity,,,255.2209,23.92696,25,0.85,1,,1,,,FALSE,FALSE,comit_reuse,high,"[COMIT_TAXONOMY_140] comit_sector_processes.csv, technology_code IISELAFUR01 | [COMIT_WB_140] sheet Technologies, technology_code IISELAFUR01"
dri_midrex_gas,"MIDREX direct reduced iron, natural gas (COMIT IISMIDREX01)",converter,chemistry,,,natural_gas,,,385.6445,16.91921,25,0.85,1,,1,,,FALSE,FALSE,comit_reuse,high,"[COMIT_TAXONOMY_140] comit_sector_processes.csv, technology_code IISMIDREX01 | [COMIT_WB_140] sheet Technologies, technology_code IISMIDREX01"
ccs_amine_dri,Capture train on ULCORED direct reduced iron (COMIT IISULCOREDQ01),abatement,chemistry,,,natural_gas,,,621.9828,58.60628,25,0.85,1,,1,,,FALSE,FALSE,comit_reuse,high,"[COMIT_TAXONOMY_140] comit_sector_processes.csv, technology_code IISULCOREDQ01 | [COMIT_WB_140] sheet Technologies, technology_code IISULCOREDQ01"
sinter_plant_coke,"Sinter plant, coke breeze (COMIT IISSINTER01)",converter,chemistry,,sinter_plant,coke,,,41.4007,1.03502,25,0.95,1,,1,,,FALSE,FALSE,comit_reuse,high,"[COMIT_TAXONOMY_140] comit_sector_processes.csv, technology_code IISSINTER01 | [COMIT_WB_140] sheet Technologies, technology_code IISSINTER01"
glass_furnace_gas,"Regenerative end-port glass furnace with electric boosting, natural gas (COMIT IGLKLN)",converter,chemistry,,,natural_gas,,,162.9534,4.8886,20,0.99,1,,1,,,FALSE,FALSE,comit_reuse,high,"[COMIT_TAXONOMY_140] comit_sector_processes.csv, technology_code IGLKLN | [COMIT_WB_140] sheet Technologies, technology_code IGLKLN"
glass_furnace_elec,Electric cold-top glass furnace (COMIT IGLKLNELC),converter,chemistry,,,electricity,,,33.0615,0.57215,8,0.99,1,,1,,,FALSE,FALSE,bref,low,"[COMIT_TAXONOMY_140] comit_sector_processes.csv, technology_code IGLKLNELC | [COMIT_WB_140] sheet Technologies, technology_code IGLKLNELC | [BEIS_IFS2018] Industrial Fuel Switching Market Engagement Study (Element Energy and Jacobs for BEIS, December 2018), section 7.2 technology assumption tables, pp 64-66, row 'Electric glass furnace': capex 193.00 GBP/kW, fixed opex 3.34 GBP/kW/yr, lifetime 8 yr; and section 7.3 technology summary, efficiency 1.4 MWh per tonne melting (British Glass, container glass). This unit is rated in Mt/yr of glass, so 1 Mt/yr = 1.4e6 MWh/yr / 8760 h = 159.8 MW = 159817 kW, and 193.00 x 159817 x 1e-6 x 1.07187 = 33.0615 GBPm per Mt/yr (2018 money deflated to 2021). Replaces the COMIT value 380.2247"
glass_furnace_hydrogen,Hydrogen glass furnace with electric boosting (COMIT IGLKLNHYD),converter,chemistry,,,hydrogen,,,211.8395,6.35518,20,0.99,1,,1,,,FALSE,FALSE,comit_reuse,high,"[COMIT_TAXONOMY_140] comit_sector_processes.csv, technology_code IGLKLNHYD | [COMIT_WB_140] sheet Technologies, technology_code IGLKLNHYD"
paper_dryer_elec,Paper machine drying section (COMIT IPPPRODRY01),converter,chemistry,,paper_machine_drying,electricity,,,378.7085,9.46771,25,0.93,1,,1,,,FALSE,FALSE,comit_reuse,high,"[COMIT_TAXONOMY_140] comit_sector_processes.csv, technology_code IPPPRODRY01 | [COMIT_WB_140] sheet Technologies, technology_code IPPPRODRY01"
paper_press_elec,Paper machine press section (COMIT IPPPROPRS01),converter,chemistry,,paper_machine_wet_end,electricity,,,189.6478,4.7412,20,0.93,1,,1,,,FALSE,FALSE,comit_reuse,high,"[COMIT_TAXONOMY_140] comit_sector_processes.csv, technology_code IPPPROPRS01 | [COMIT_WB_140] sheet Technologies, technology_code IPPPROPRS01"
paper_stock_prep_elec,Paper stock preparation and other production steps (COMIT IPPPROOTH01),converter,chemistry,,stock_preparation,electricity,,,189.6478,4.7412,20,0.93,1,,1,,,FALSE,FALSE,comit_reuse,high,"[COMIT_TAXONOMY_140] comit_sector_processes.csv, technology_code IPPPROOTH01 | [COMIT_WB_140] sheet Technologies, technology_code IPPPROOTH01"
refinery_fixed_mix_gas,"Oil refinery, relatively fixed output mix (COMIT POILREF01)",converter,chemistry,,crude_vacuum_distillation,natural_gas,,,0.2046,0.00048,40,0.9589,1,,1,,,FALSE,FALSE,comit_reuse,high,"[COMIT_TAXONOMY_140] comit_sector_processes.csv, technology_code POILREF01 | [COMIT_WB_140] sheet Technologies, technology_code POILREF01"
refinery_flexible_mix_gas,"Oil refinery, flexible output mix (COMIT POILREF02)",converter,chemistry,,crude_vacuum_distillation,natural_gas,,,0.2046,0.00048,40,0.9589,1,,1,,,FALSE,FALSE,comit_reuse,high,"[COMIT_TAXONOMY_140] comit_sector_processes.csv, technology_code POILREF02 | [COMIT_WB_140] sheet Technologies, technology_code POILREF02"
pv_rooftop,Rooftop photovoltaic array,generator,service,,,,,,0.62,0.006,30,0.11,0.031536,6500,1,,,FALSE,TRUE,proxy,low,"[CARB3_WE_CEMENT] 1.11 unit table; [CARB3_WE_FOODDRINK] 1.11 unit table | area [CARB3_WE_CEMENT] 1.11 'PV carries 6,500 m2/MW' | [CARB3_WE_FOODDRINK] 1.11 (the cement example carries 0.10 for the same row; see DONE_units.md) | fixed_opex from [DESNZ_EGC2023] Electricity Generation Costs Report 2023, Table 3 (main cost assumptions for solar PV), Fixed O&M 6,000 GBP/MW/year for a 2025 commissioning, in 2021 prices (report section 4: 'all values presented are in 2021 real prices'), so 0.006 GBPm/MW/yr. Replaces the worked-example fixture value 0.011. Capex is NOT replaced: Table 3 gives total construction cost in GBPm without the plant capacity it is divided by, so no GBP/MW figure can be read from it"
pv_ground_mount,Ground-mounted photovoltaic array,generator,service,,,,,,0.62,0.006,30,0.11,0.031536,6500,1,,,FALSE,TRUE,proxy,low,"[CARB3_SPEC_IMPL] 3.5; [CARB3_SPEC_IMPL] 5.5 C12 siting cap | area [CARB3_WE_CEMENT] 1.11, same array density assumed for a ground-mounted field | [CARB3_WE_FOODDRINK] 1.11, rooftop row reused | fixed_opex from [DESNZ_EGC2023] Table 3, 6,000 GBP/MW/year, 2021 prices"
solar_thermal_flat,Flat-plate solar thermal collector,generator,service,,,,1,,,,,,,,1,,,FALSE,TRUE,proxy,low,"[CARB3_SPEC_IMPL] 3.5 area_per_capacity note names solar thermal | grade_out 1 (note 22 Task 10, 2026-09-25, Task 6): the rank of the heat_lt60 primary output this row already declares; no collector supply temperature is sourced, so nothing above it is claimed"
battery_2h,"Lithium-ion battery, 2-hour duration",storage,service,,,,,,0.6884,0.0105,15,0.95,0.031536,,1,,,FALSE,FALSE,bref,low,"[CARB3_WE_CEMENT] 1.11 unit table; [CARB3_WE_FOODDRINK] 1.11 unit table | [CARB3_WE_CEMENT] 1.11; [CARB3_WE_FOODDRINK] 1.11 | [BEIS_STORAGE2018] Storage cost and technical assumptions for BEIS, summary document (Mott MacDonald, 8 August 2018) has no 2-hour case. Linear interpolation in duration between Table 6 (frequency management, 50 MW / 50 MWh, 1 hour, CAPEX Medium 474.5 GBP/kW, OPEX 7.3 GBP/kW/yr at Yr 2) and Table 30 (CPL-DA, 10 MW / 40 MWh, 4 hours, 1122.8 and 17.0): slope (1122.8 - 474.5)/3 = 216.10 GBP/kW per hour, so 2 h = 474.5 + 216.10 = 690.60 GBP/kW; deflated 2020 to 2021 by 0.99681 and divided by 1000 = 0.6884 GBPm/MW. CONFIDENCE LOW: the two anchors are at different plant scales (50 MW and 10 MW), which the interpolation cannot separate from the duration effect. Replaces the worked-example fixture value 0.58"
battery_4h,"Lithium-ion battery, 4-hour duration",storage,service,,,,,,1.1192,0.01695,15,0.95,0.031536,,1,,,FALSE,FALSE,bref,medium,"[CARB3_OVERVIEW] PD2 | [CARB3_WE_CEMENT] 1.11 for lifetime and availability only; no source for a 4-hour capex | [BEIS_STORAGE2018] Storage cost and technical assumptions for BEIS, summary document (Mott MacDonald, 8 August 2018), Table 30, co-located peak lopping (CPL-DA, 10 MW / 40 MWh, a 4-hour battery - PD2's own use case), lithium ion, CAPEX (Medium) 1122.8 GBP/kW and OPEX (Medium) 17.0 GBP/kW/yr at Yr 2 (2020). Deflated 2020 to 2021 by 95.1126/95.4171 = 0.99681, then GBP/kW / 1000 = GBPm/MW: 1.1192 GBPm/MW. Round-trip efficiency 85% (Table 29); lithium-ion life 15 years (section 2.5). Previously blank"
thermal_store_hot_water,Hot-water thermal store,storage,service,,,,,,,,,,,,1,,,FALSE,FALSE,proxy,low,[CARB3_OVERVIEW] PD2
thermal_store_steam,Steam accumulator,storage,service,,,,,,,,,,,,1,,,FALSE,FALSE,proxy,low,[CARB3_OVERVIEW] PD2
anaerobic_digester,Anaerobic digester with biogas upgrading,converter,service,,,organic_waste,,,,,,,,,1,,,FALSE,FALSE,proxy,low,[CARB3_SPEC_IMPL] 3.7 biomethane availability is a scenario input
pv_battery_2h,"Co-located rooftop PV and battery, 2h storage",hybrid,service,,,,,,0.8,0.01033,30,0.11,0.031536,4333.3,1,,,TRUE,TRUE,proxy,low,"[CARB3_OVERVIEW] PD2 | area [CARB3_WE_CEMENT] 1.11, PV component only | levelised over the bill of materials: capex 1.20 GBPm per 1.5 MW package = 0.8 GBPm/MW, where 1.20 = 0.62 (PV, 1 MW) + 2 x 0.29 (battery, 0.5 MW at 0.58 GBPm/MW, replaced once in 30 years); fixed_opex (0.011 + 0.5 x 0.009) / 1.5; availability is the PV component's, because the package's output is PV-driven; area 6500 x 1/1.5 m2 per MW of package"
pv_battery_4h,"Co-located rooftop PV and battery, 4h storage",hybrid,service,,,,,,,,30,0.11,0.031536,4333.3,1,,,TRUE,TRUE,proxy,low,"[CARB3_OVERVIEW] PD2 | area [CARB3_WE_CEMENT] 1.11, PV component only | capex blank: costing a 4h or 8h battery needs a GBP/MWh figure, and the only sourced battery cost (0.58 GBPm/MW) is stated at 2h duration"
pv_battery_8h,"Co-located rooftop PV and battery, 8h storage",hybrid,service,,,,,,,,30,0.11,0.031536,4333.3,1,,,TRUE,TRUE,proxy,low,"[CARB3_OVERVIEW] PD2 | area [CARB3_WE_CEMENT] 1.11, PV component only | capex blank: costing a 4h or 8h battery needs a GBP/MWh figure, and the only sourced battery cost (0.58 GBPm/MW) is stated at 2h duration"
chp_thermal_store_2h,"Co-located gas-turbine CHP and hot-water store, 2h storage",hybrid,service,STM,,natural_gas,3,,,,,,,,1,,,TRUE,FALSE,proxy,low,[CARB3_OVERVIEW] PD2
chp_thermal_store_4h,"Co-located gas-turbine CHP and hot-water store, 4h storage",hybrid,service,STM,,natural_gas,3,,,,,,,,1,,,TRUE,FALSE,proxy,low,[CARB3_OVERVIEW] PD2
chp_thermal_store_8h,"Co-located gas-turbine CHP and hot-water store, 8h storage",hybrid,service,STM,,natural_gas,3,,,,,,,,1,,,TRUE,FALSE,proxy,low,[CARB3_OVERVIEW] PD2
electrolyser_battery_2h,"Co-located PEM electrolyser and battery, 2h storage",hybrid,service,EN,,electricity,,,,,,,,,1,,,TRUE,FALSE,proxy,low,[CARB3_OVERVIEW] PD2
electrolyser_battery_4h,"Co-located PEM electrolyser and battery, 4h storage",hybrid,service,EN,,electricity,,,,,,,,,1,,,TRUE,FALSE,proxy,low,[CARB3_OVERVIEW] PD2
electrolyser_battery_8h,"Co-located PEM electrolyser and battery, 8h storage",hybrid,service,EN,,electricity,,,,,,,,,1,,,TRUE,FALSE,proxy,low,[CARB3_OVERVIEW] PD2
hp_thermal_store_2h,"Co-located heat pump and hot-water store, 2h storage",hybrid,service,LTH,,electricity,2,2,,,,,,,1,,,TRUE,TRUE,proxy,low,"[CARB3_OVERVIEW] PD2 | grade_out 2 (note 22 Task 10, 2026-09-25, Task 6), was 3: the package converts exactly as its heat_pump_lt_air component (unit_bill_of_materials.csv), which is grade_out 2 and produces heat_60_100; the store shifts output in time and cannot raise its grade"
hp_thermal_store_4h,"Co-located heat pump and hot-water store, 4h storage",hybrid,service,LTH,,electricity,2,2,,,,,,,1,,,TRUE,TRUE,proxy,low,"[CARB3_OVERVIEW] PD2 | grade_out 2 (note 22 Task 10, 2026-09-25, Task 6), was 3: the package converts exactly as its heat_pump_lt_air component (unit_bill_of_materials.csv), which is grade_out 2 and produces heat_60_100; the store shifts output in time and cannot raise its grade"
hp_thermal_store_8h,"Co-located heat pump and hot-water store, 8h storage",hybrid,service,LTH,,electricity,2,2,,,,,,,1,,,TRUE,TRUE,proxy,low,"[CARB3_OVERVIEW] PD2 | grade_out 2 (note 22 Task 10, 2026-09-25, Task 6), was 3: the package converts exactly as its heat_pump_lt_air component (unit_bill_of_materials.csv), which is grade_out 2 and produces heat_60_100; the store shifts output in time and cannot raise its grade"
