premise_id,process_id,valid_from_year,cohort_id,unit_id,commissioned_year,capacity_share,provenance,confidence
mvp-minimal,boiler_steam_hot_water,2009,1,boiler_lt_gas,2009,1.000000,synthetic - the single incumbent; grade_out 3 covers both the grade-2 and the grade-3 duty; commissioned_year: synthetic - lifetime 25 so the incumbent dies in 2034 inside the horizon,high
mvp-dairy,boiler_steam_hot_water,2011,1,chp_gas_turbine,2011,0.350000,synthetic share - the food and drink worked example section 1.5.1 leaves the CHP/boiler split to A4 (not built in the slice) so the 0.35/0.65 it once stated is kept; commissioned_year: food and drink worked example section 1.5.1,high
mvp-dairy,boiler_steam_hot_water,2011,2,boiler_lt_gas,2016,0.650000,synthetic share - the food and drink worked example section 1.5.1 leaves the CHP/boiler split to A4 (not built in the slice) so the 0.35/0.65 it once stated is kept; commissioned_year: food and drink worked example section 1.5.1,medium
mvp-dairy,direct_heating,2019,1,dryer_direct_gas,2019,1.000000,food and drink worked example section 1.5 named unit; commissioned_year: food and drink worked example section 1.6,high
mvp-dairy,refrigeration,2016,1,chiller_electric,2016,1.000000,synthetic - the activity_default_unit REF unit; the worked example names none; commissioned_year: synthetic - lifetime 10 so the chiller dies in 2026 and must be replaced,medium
mvp-dairy,machinery_motors,2011,1,motor_elec,2016,1.000000,synthetic - the activity_default_unit MOT unit; the worked example names none; commissioned_year: synthetic - a 2016 drives refit; lifetime 20 keeps the motors alive at the 2021 start year,medium
mvp-dairy,compressed_air,2011,1,motor_elec,2016,1.000000,synthetic - the activity_default_unit MOT unit; the worked example names none; commissioned_year: synthetic - a 2016 drives refit; lifetime 20 keeps the motors alive at the 2021 start year,medium
mvp-dairy,site_services,2011,1,heat_pump_lt_air,2018,0.549000,synthetic - substituted for the default boiler_spc_gas which is grade_out 1 and cannot serve a grade-2 SPC duty; commissioned_year: synthetic - see premise_process_unit for why the SPC incumbent is a heat pump,low
mvp-dairy,site_services,2011,2,motor_elec,2016,0.035462,synthetic - share from the site_services electricity split of note 20 item 72 ([BEES2016] Table B.3); the activity_default_unit MOT unit for the site_services motive share; commissioned_year: synthetic - a 2016 drives refit,low
mvp-dairy,site_services,2011,3,generic_process_elec,2016,0.387805,"synthetic - the activity_default_unit OTH unit for the site_services electricity, share from the site_services electricity split of note 20 item 72 ([BEES2016] Table B.3); commissioned_year: synthetic - installed with the 2016 drives refit",low
mvp-dairy,site_services,2011,4,chiller_electric,2016,0.027733,"synthetic - the activity_default_unit REF unit for the site_services electricity, share from the site_services electricity split of note 20 item 72 ([BEES2016] Table B.3); commissioned_year: synthetic - installed with the 2016 drives refit",low
mvp-cement,quarrying_crushing,1957,1,motor_elec,2016,1.000000,synthetic - the activity_default_unit MOT unit; the worked example names none; commissioned_year: synthetic - a 2016 drives refit; lifetime 20 keeps the motors alive at the 2021 start year,medium
mvp-cement,raw_grinding_blending,1957,1,motor_elec,2016,1.000000,synthetic - the activity_default_unit MOT unit; the worked example names none; commissioned_year: synthetic - a 2016 drives refit; lifetime 20 keeps the motors alive at the 2021 start year,medium
mvp-cement,raw_meal_homogenisation,1957,1,motor_elec,2016,1.000000,synthetic - the activity_default_unit MOT unit; the worked example names none; commissioned_year: synthetic - a 2016 drives refit; lifetime 20 keeps the motors alive at the 2021 start year,medium
mvp-cement,kiln_pyroprocessing,2004,1,kiln_dry_coal,2004,0.871369,cement worked example section 1.5.1 permit fuel schedule; share renormalised after dropping kiln_dry_wdf; commissioned_year: cement worked example section 1.6; share renormalised after dropping kiln_dry_wdf,high
mvp-cement,kiln_pyroprocessing,2004,2,kiln_dry_gas,2004,0.128631,cement worked example section 1.5.1 permit fuel schedule; share renormalised after dropping kiln_dry_wdf; commissioned_year: cement worked example section 1.6; share renormalised after dropping kiln_dry_wdf,high
mvp-cement,clinker_cooling,2004,1,motor_elec,2016,1.000000,synthetic - the activity_default_unit MOT unit; the worked example names none; commissioned_year: synthetic - a 2016 drives refit,medium
mvp-cement,cement_grinding,1957,1,grinder_mixer_elec,1998,1.000000,synthetic - the activity_default_unit unit for cement_grinding; the worked example names none; commissioned_year: synthetic - lifetime 30 so the grinder dies in 2028 inside the horizon,medium
mvp-cement,packing_dispatch,1957,1,motor_elec,2016,1.000000,synthetic - the activity_default_unit MOT unit; the worked example names none; commissioned_year: synthetic - a 2016 drives refit,medium
mvp-cement,site_services,1957,1,motor_elec,2016,0.078629,synthetic - share from the site_services electricity split of note 20 item 72 ([BEES2016] Table B.3); the activity_default_unit MOT unit; the worked example names none; commissioned_year: synthetic - a 2016 drives refit,medium
mvp-cement,site_services,1957,2,generic_process_elec,2016,0.859879,"synthetic - the activity_default_unit OTH unit for the site_services electricity, share from the site_services electricity split of note 20 item 72 ([BEES2016] Table B.3); commissioned_year: synthetic - installed with the 2016 drives refit",low
mvp-cement,site_services,1957,3,chiller_electric,2016,0.061492,"synthetic - the activity_default_unit REF unit for the site_services electricity, share from the site_services electricity split of note 20 item 72 ([BEES2016] Table B.3); commissioned_year: synthetic - installed with the 2016 drives refit",low
